S.N.,Name,University,Department,OpenAlex ID,Detected Title,Web Status Flag,Last Active Year,Papers (2022-2026),Recommended Action,Activeness Rating,Profile URL
51,Joseph E. Shepherd,California Institute of Technology,Mech/Aero,A5090922059,Emeritus,FLAG_EMERITUS,LAST_1989,1,REMOVE (Emeritus / Retired),3,https://aerospace.caltech.edu/people/jeshep
84,Bret Windom,Colorado State University,Mech,A5054340607,Emeritus,FLAG_EMERITUS,LAST_2006,60,REMOVE (Emeritus / Retired),1,https://www.engr.colostate.edu/me/people/
85,Azer Yalin,Colorado State University,Mech,A5002311146,Emeritus,FLAG_EMERITUS,LAST_1996,38,REMOVE (Emeritus / Retired),1,https://www.engr.colostate.edu/me/people/
4,Rodrigo B. Platte,Arizona State University,Math,A5041997278,Associate Professor,ACTIVE_ASSOCIATE_PROF,LAST_1999,5,KEEP (Active Professor),1,https://search.asu.edu/profile/913016
5,Sebastien Motsch,Arizona State University,Math,A5025292969,Professor,ACTIVE_PROFESSOR,LAST_2007,22,KEEP (Active Professor),1,https://search.asu.edu/profile/2223626
90,Olivier Desjardins,Cornell University,Mech/Aero/Math,A5072530647,Lecturer,FLAG_LECTURER,LAST_2003,40,REMOVE (Adjunct / Lecturer),1,https://www.duffield.cornell.edu/people/olivier-desjardins/
7,Eric Kostelich,Arizona State University,Math,A5046489748,Professor,ACTIVE_PROFESSOR,LAST_1985,9,KEEP (Active Professor),1,https://search.asu.edu/profile/57462
8,Bruno Welfert,Arizona State University,Math,A5013289636,None,HTTP_404,LAST_1989,7,KEEP (Active Professor),1,https://search.asu.edu/profile/57474
91,Gregory Paul Bewley,Cornell University,Mech/Aero,A5139335616,Lecturer,FLAG_LECTURER,LAST_2026,1,REMOVE (Adjunct / Lecturer),1,https://www.duffield.cornell.edu/people/gregory-paul-bewley/
92,Z. Jane Wang,Cornell University,Mech/Aero/Math,A5006615632,Lecturer,FLAG_LECTURER,LAST_2000,5,REMOVE (Adjunct / Lecturer),1,https://www.duffield.cornell.edu/people/jane-wang/
93,Jian-Xun Wang,Cornell University,Mech/Aero/Math,A5085043351,Lecturer,FLAG_LECTURER,LAST_1991,117,REMOVE (Adjunct / Lecturer),1,https://www.duffield.cornell.edu/people/jian-xun-wang/
94,Perrine Pepiot,Cornell University,Mech/Aero/Math,A5085424335,Lecturer,FLAG_LECTURER,LAST_2005,5,REMOVE (Adjunct / Lecturer),1,https://www.duffield.cornell.edu/people/perrine-pepiot/
95,Elaine Petro,Cornell University,Mech/Aero,A5082232017,Lecturer,FLAG_LECTURER,LAST_2010,58,REMOVE (Adjunct / Lecturer),1,https://www.duffield.cornell.edu/people/elaine-petro/
102,Silvia Ferrari,Cornell University,Mech/Aero/Math,A5101849469,Lecturer,FLAG_LECTURER,LAST_1979,35,REMOVE (Adjunct / Lecturer),1,https://www.duffield.cornell.edu/people/silvia-ferrari/
103,Mason Peck,Cornell University,Mech/Aero,A5041492445,Lecturer,FLAG_LECTURER,LAST_1983,39,REMOVE (Adjunct / Lecturer),1,https://www.duffield.cornell.edu/people/mason-peck/
104,Benoit Cushman-Roisin,Dartmouth College,Mech,A5006171263,Adjunct,FLAG_ADJUNCT,LAST_1980,2,REMOVE (Adjunct / Lecturer),1,https://engineering.dartmouth.edu/community/faculty/benoit-cushman-roisin
105,Colin R. Meyer,Dartmouth College,Mech,A5042908854,Lecturer,FLAG_LECTURER,LAST_1996,86,REMOVE (Adjunct / Lecturer),1,https://engineering.dartmouth.edu/community/faculty/colin-meyer
106,Yan Li,Dartmouth College,Mech,A5100380336,Lecturer,FLAG_LECTURER,LAST_1984,415,REMOVE (Adjunct / Lecturer),1,https://engineering.dartmouth.edu/community/faculty/yan-li
108,Mary Albert,Dartmouth College,Mech,A5019935739,Lecturer,FLAG_LECTURER,LAST_1978,9,REMOVE (Adjunct / Lecturer),1,https://engineering.dartmouth.edu/community/faculty/mary-albert
109,Laura Ray,Dartmouth College,Mech,A5000034078,Lecturer,FLAG_LECTURER,LAST_1979,9,REMOVE (Adjunct / Lecturer),1,https://engineering.dartmouth.edu/community/faculty/laura-ray
114,Sorin Siegler,Drexel University,Mech,A5056477793,Emeritus,FLAG_EMERITUS,LAST_1982,31,REMOVE (Emeritus / Retired),3,https://drexel.edu/engineering/about/faculty-staff/S/siegler-sorin/
144,Manasvi Lingam,Florida Institute of Technology,Aero/Math,A5011292867,Lecturer,FLAG_LECTURER,LAST_2013,47,REMOVE (Adjunct / Lecturer),1,https://www.fit.edu/faculty-profiles/l/lingam-manasvi/
156,Rajan Kumar,Florida State University,Mech,A5050121154,Emeritus,FLAG_EMERITUS,OA_TIMEOUT,0,REMOVE (Emeritus / Retired),1,https://eng.famu.fsu.edu/mae/people
157,Farrukh Alvi,Florida State University,Mech,A5077555235,Emeritus,FLAG_EMERITUS,OA_TIMEOUT,0,REMOVE (Emeritus / Retired),1,https://eng.famu.fsu.edu/mae/people
25,Harold S. Park,Boston University,Math,A5006794186,None,HTTP_404,LAST_1943,39,KEEP (Active Professor),1,https://www.bu.edu/eng/profile/harold-park-phd/
26,Paul E. Barbone,Boston University,Math,A5056425704,None,HTTP_404,LAST_1990,5,KEEP (Active Professor),1,https://www.bu.edu/eng/profile/paul-e-barbone-phd/
158,Chiang Shih,Florida State University,Mech,A5065025312,Emeritus,FLAG_EMERITUS,OA_TIMEOUT,0,REMOVE (Emeritus / Retired),1,https://eng.famu.fsu.edu/mae/people
159,Kourosh Shoele,Florida State University,Mech,A5030795163,Emeritus,FLAG_EMERITUS,OA_TIMEOUT,0,REMOVE (Emeritus / Retired),1,https://eng.famu.fsu.edu/mae/people
160,Unnikrishnan Sasidharan Nair,Florida State University,Mech,A5103941679,Emeritus,FLAG_EMERITUS,OA_TIMEOUT,0,REMOVE (Emeritus / Retired),1,https://eng.famu.fsu.edu/mae/people
161,Neda Yaghoobian,Florida State University,Mech,A5023437310,Emeritus,FLAG_EMERITUS,OA_TIMEOUT,0,REMOVE (Emeritus / Retired),1,https://eng.famu.fsu.edu/mae/people
162,Huixuan Wu,Florida State University,Mech,A5082917656,Emeritus,FLAG_EMERITUS,OA_TIMEOUT,0,REMOVE (Emeritus / Retired),1,https://eng.famu.fsu.edu/mae/people
163,Jonathan Clark,Florida State University,Mech,A5034041450,Emeritus,FLAG_EMERITUS,OA_TIMEOUT,0,REMOVE (Emeritus / Retired),1,https://eng.famu.fsu.edu/mae/people
164,Christian Hubicki,Florida State University,Mech,A5033990176,Emeritus,FLAG_EMERITUS,OA_TIMEOUT,0,REMOVE (Emeritus / Retired),1,https://eng.famu.fsu.edu/mae/people
232,Mingjun Wei,Kansas State University,Mech,A5041729214,Emeritus,FLAG_EMERITUS,LAST_1967,13,REMOVE (Emeritus / Retired),1,https://www.mne.k-state.edu/about/people/faculty/wei/
35,Chi-Wang Shu,Brown University,Math,A5047035333,Emeritus,FLAG_EMERITUS,LAST_1963,120,REMOVE (Emeritus / Retired),1,https://appliedmath.brown.edu/people/faculty
36,Mark Ainsworth,Brown University,Math,A5091196582,Emeritus,FLAG_EMERITUS,LAST_1953,83,REMOVE (Emeritus / Retired),1,https://appliedmath.brown.edu/people/faculty
37,Johnny Guzmán,Brown University,Math,A5036599010,Emeritus,FLAG_EMERITUS,LAST_1999,37,REMOVE (Emeritus / Retired),1,https://appliedmath.brown.edu/people/faculty
38,Jerome Darbon,Brown University,Math,A5076546851,Emeritus,FLAG_EMERITUS,LAST_2001,51,REMOVE (Emeritus / Retired),1,https://appliedmath.brown.edu/people/faculty
39,Brendan Keith,Brown University,Math,A5018678142,Emeritus,FLAG_EMERITUS,LAST_1967,42,REMOVE (Emeritus / Retired),1,https://appliedmath.brown.edu/people/faculty
40,Govind Menon,Brown University,Math,A5065480740,Emeritus,FLAG_EMERITUS,LAST_1976,34,REMOVE (Emeritus / Retired),1,https://appliedmath.brown.edu/people/faculty
41,Yan Guo,Brown University,Math,NOT_FOUND (CANDIDATES_FOUND_NO_AFFIL_MATCH),Emeritus,FLAG_EMERITUS,NO_OA_ID,0,REMOVE (Emeritus / Retired),1,https://appliedmath.brown.edu/people/faculty
233,Warren N. White,Kansas State University,Mech,A5110272170,Emeritus,FLAG_EMERITUS,LAST_1975,0,REMOVE (Emeritus / Retired),3,https://www.mne.k-state.edu/about/people/faculty/
249,Ahmed F. Ghoniem,Massachusetts Institute of Technology,Mech,A5101421714,Emeritus,FLAG_EMERITUS,LAST_1980,31,REMOVE (Emeritus / Retired),1,https://meche.mit.edu/people/faculty/ghoniem@mit.edu
250,Pierre F. J. Lermusiaux,Massachusetts Institute of Technology,Mech,A5062670983,Emeritus,FLAG_EMERITUS,LAST_1996,69,REMOVE (Emeritus / Retired),1,https://meche.mit.edu/people/faculty/pierrel@mit.edu
253,Gareth H. McKinley,Massachusetts Institute of Technology,Mech,A5055968208,Emeritus,FLAG_EMERITUS,LAST_1960,112,REMOVE (Emeritus / Retired),1,https://meche.mit.edu/people/faculty/gareth@mit.edu
254,Themistoklis Sapsis,Massachusetts Institute of Technology,Mech,A5037328807,Emeritus,FLAG_EMERITUS,LAST_2005,99,REMOVE (Emeritus / Retired),1,https://meche.mit.edu/people/faculty/sapsis@mit.edu
256,Willem (Wim) M. van Rees,Massachusetts Institute of Technology,Mech,NOT_FOUND (NOT_FOUND_BY_NAME),Emeritus,FLAG_EMERITUS,NO_OA_ID,0,REMOVE (Emeritus / Retired),1,https://meche.mit.edu/people/faculty/wvanrees@mit.edu
48,Thomas Yizhao Hou,California Institute of Technology,Math,A5113999511,Associate Professor,ACTIVE_ASSOCIATE_PROF,LAST_1988,49,KEEP (Active Professor),1,https://www.cms.caltech.edu/people/hou
267,Jeffrey S. Allen,Michigan Technological University,Mech/Aero,A5051688820,Lecturer,FLAG_LECTURER,LAST_1962,40,REMOVE (Adjunct / Lecturer),1,https://www.mtu.edu/mechanical-aerospace/people/faculty/allen/
50,Houman Owhadi,California Institute of Technology,Math,A5034000581,Professor,ACTIVE_PROFESSOR,LAST_2001,101,KEEP (Active Professor),1,https://www.cms.caltech.edu/people/owhadi
268,Seong-Young Lee,Michigan Technological University,Mech/Aero,A5069224231,Adjunct,FLAG_ADJUNCT,LAST_1991,19,REMOVE (Adjunct / Lecturer),1,https://www.mtu.edu/mechanical-aerospace/people/faculty/lee/
269,Bhisham Sharma,Michigan Technological University,Mech/Aero,A5034727765,Lecturer,FLAG_LECTURER,LAST_2011,46,REMOVE (Adjunct / Lecturer),1,https://www.mtu.edu/mechanical-aerospace/people/faculty/sharma/
270,Susanta Ghosh,Michigan Technological University,Mech/Aero,A5012521601,Lecturer,FLAG_LECTURER,LAST_1952,18,REMOVE (Adjunct / Lecturer),1,https://www.mtu.edu/mechanical-aerospace/people/faculty/ghosh/
271,Andrew A. Oliva,Michigan Technological University,Mech/Aero,A5031862068,Lecturer,FLAG_LECTURER,LAST_2011,11,REMOVE (Adjunct / Lecturer),1,https://www.mtu.edu/mechanical-aerospace/people/faculty/oliva/
272,Jason Blough,Michigan Technological University,Mech/Aero,A5009020533,Adjunct,FLAG_ADJUNCT,LAST_1931,22,REMOVE (Adjunct / Lecturer),1,https://www.mtu.edu/mechanical-aerospace/people/faculty/blough/
273,Jeffrey Naber,Michigan Technological University,Mech/Aero,A5042786475,Emeritus,FLAG_EMERITUS,LAST_1987,54,REMOVE (Emeritus / Retired),1,https://www.mtu.edu/mechanical-aerospace/people/faculty/
57,Ian Tice,Carnegie Mellon University,Math,A5067779463,Adjunct,FLAG_ADJUNCT,LAST_2007,21,REMOVE (Adjunct / Lecturer),1,https://www.cmu.edu/math/people/faculty/tice.html
58,David Kinderlehrer,Carnegie Mellon University,Math,A5081068961,Emeritus,FLAG_EMERITUS,LAST_1969,3,REMOVE (Emeritus / Retired),3,https://www.cmu.edu/math/people/faculty/kinderlehrer.html
59,Robert L. Pego,Carnegie Mellon University,Math,A5013346577,Emeritus,FLAG_EMERITUS,LAST_1979,18,REMOVE (Emeritus / Retired),1,https://www.cmu.edu/math/people/faculty/pego.html
60,Dejan Slepčev,Carnegie Mellon University,Math,A5004682327,Professor,ACTIVE_PROFESSOR,LAST_2002,15,KEEP (Active Professor),1,https://www.cmu.edu/math/people/faculty/slepcev.html
61,Giovanni Leoni,Carnegie Mellon University,Math,A5061082633,Adjunct,FLAG_ADJUNCT,LAST_1963,11,REMOVE (Adjunct / Lecturer),1,https://www.cmu.edu/math/people/faculty/leoni.html
62,Nicholas M. Boffi,Carnegie Mellon University,Math,A5054972412,Assistant Professor,ACTIVE_ASSISTANT_PROF,LAST_2013,32,KEEP (Active Professor),1,https://www.cmu.edu/math/people/faculty/boffi.html
281,Shanti Bhushan,Mississippi State University,Mech,A5103870732,Emeritus,FLAG_EMERITUS,LAST_2003,33,REMOVE (Emeritus / Retired),1,https://www.me.msstate.edu/people/faculty/shanti-bhushan/
284,Serhat Hosder,Missouri University of Science and Technology,Mech/Aero,A5041724810,Emeritus,FLAG_EMERITUS,LAST_2001,12,REMOVE (Emeritus / Retired),1,https://mae.mst.edu/faculty-directory/
285,Davide Viganò,Missouri University of Science and Technology,Mech/Aero,A5124217746,Emeritus,FLAG_EMERITUS,LAST_2026,3,REMOVE (Emeritus / Retired),1,https://mae.mst.edu/faculty-directory/
286,Daoru Han,Missouri University of Science and Technology,Mech/Aero,A5007740434,Emeritus,FLAG_EMERITUS,LAST_2010,36,REMOVE (Emeritus / Retired),1,https://mae.mst.edu/faculty-directory/
287,Xiaosong Du,Missouri University of Science and Technology,Mech/Aero,A5052263813,Emeritus,FLAG_EMERITUS,LAST_1993,37,REMOVE (Emeritus / Retired),1,https://mae.mst.edu/faculty-directory/
288,Siva Kumar Valluri,Missouri University of Science and Technology,Mech/Aero,A5080194506,Emeritus,FLAG_EMERITUS,LAST_2016,18,REMOVE (Emeritus / Retired),1,https://mae.mst.edu/faculty-directory/
289,Henry Pernicka,Missouri University of Science and Technology,Mech/Aero,A5091110335,Emeritus,FLAG_EMERITUS,LAST_1986,8,REMOVE (Emeritus / Retired),1,https://mae.mst.edu/faculty-directory/
310,Andreas Gross,New Mexico State University,Mech/Aero,A5107345045,Emeritus,FLAG_EMERITUS,LAST_1984,81,REMOVE (Emeritus / Retired),1,https://mae.nmsu.edu/people/faculty.html
71,Leo Rebholz,Clemson University,Math,A5028355904,Professor,ACTIVE_PROFESSOR,LAST_2005,56,KEEP (Active Professor),1,https://www.clemson.edu/science/academics/departments/mathstat/about/profiles/rebholz
72,Quyuan Lin,Clemson University,Math,A5062005823,Assistant Professor,ACTIVE_ASSISTANT_PROF,LAST_2020,35,KEEP (Active Professor),1,https://www.clemson.edu/science/academics/departments/mathstat/about/profiles/quyuanl
73,Lea Jenkins,Clemson University,Math,A5059933204,Professor,ACTIVE_PROFESSOR,LAST_2006,0,KEEP (Active Professor),1,https://www.clemson.edu/science/academics/departments/mathstat/about/profiles/lea
74,Pelin Guven Geredeli,Clemson University,Math,A5018592405,Associate Professor,ACTIVE_ASSOCIATE_PROF,LAST_2010,12,KEEP (Active Professor),1,https://www.clemson.edu/science/academics/departments/mathstat/about/profiles/pgerede
313,Banavara Shashikanth,New Mexico State University,Mech/Aero,A5042512482,Emeritus,FLAG_EMERITUS,LAST_1996,6,REMOVE (Emeritus / Retired),1,https://mae.nmsu.edu/people/faculty.html
317,Jack R. Edwards,North Carolina State University,Mech/Aero,A5091273038,Emeritus,FLAG_EMERITUS,LAST_1928,28,REMOVE (Emeritus / Retired),1,https://mae.ncsu.edu/people/jredward/
318,Venkat Narayanaswamy,North Carolina State University,Mech/Aero,A5000529327,Emeritus,FLAG_EMERITUS,LAST_2006,68,REMOVE (Emeritus / Retired),1,https://mae.ncsu.edu/people/vnaraya3/
319,James Braun,North Carolina State University,Mech/Aero,A5080584548,Emeritus,FLAG_EMERITUS,LAST_1986,86,REMOVE (Emeritus / Retired),1,https://mae.ncsu.edu/people/jbraun2/
321,Ashok Gopalarathnam,North Carolina State University,Mech/Aero,A5004052432,Emeritus,FLAG_EMERITUS,LAST_1996,32,REMOVE (Emeritus / Retired),1,https://mae.ncsu.edu/people/agopalar/
80,Brennan Sprinkle,Colorado School of Mines,Math,A5056496144,No clear rank detected,UNCERTAIN_WEB,LAST_2007,25,KEEP (Active Professor),1,https://ams.mines.edu/research/applied-mathematics-and-wave-phenomena/
81,Mahadevan Ganesh,Colorado School of Mines,Math,A5012913212,No clear rank detected,UNCERTAIN_WEB,LAST_1989,22,KEEP (Active Professor),1,https://ams.mines.edu/research/applied-mathematics-and-wave-phenomena/
82,Stephen Pankavich,Colorado School of Mines,Math,A5036033406,No clear rank detected,UNCERTAIN_WEB,LAST_2005,30,KEEP (Active Professor),1,https://ams.mines.edu/research/applied-mathematics-and-wave-phenomena/
322,Darius Carter,North Carolina State University,Mech/Aero,A5052298578,Emeritus,FLAG_EMERITUS,LAST_2018,11,REMOVE (Emeritus / Retired),1,https://mae.ncsu.edu/people/dcarte22/
340,Mohammad Samimy,Ohio State University-Main Campus,Mech/Aero,A5015756609,Emeritus,FLAG_EMERITUS,LAST_1985,15,REMOVE (Emeritus / Retired),3,https://mae.osu.edu/people/samimy.1
365,Kenneth Brentner,Pennsylvania State University-Main Campus,Aero,A5079268809,Emeritus,FLAG_EMERITUS,LAST_1983,23,REMOVE (Emeritus / Retired),1,https://www.aero.psu.edu/department/directory-detail-g.aspx?q=KSB16
366,James Coder,Pennsylvania State University-Main Campus,Aero,A5000763062,Emeritus,FLAG_EMERITUS,LAST_2010,51,REMOVE (Emeritus / Retired),1,https://www.aero.psu.edu/department/directory-detail-g.aspx?q=jgc5005
87,David A. Randall,Colorado State University,Math,A5000003309,Emeritus,FLAG_EMERITUS,LAST_1940,17,REMOVE (Emeritus / Retired),3,https://www.atmos.colostate.edu/people/faculty/
88,Susan C. van den Heever,Colorado State University,Math,A5091179691,Assistant Professor,ACTIVE_ASSISTANT_PROF,LAST_1997,87,KEEP (Active Professor),1,https://www.atmos.colostate.edu/people/faculty/van-den-heever/
89,Peter Jan van Leeuwen,Colorado State University,Math,A5063378345,Emeritus,FLAG_EMERITUS,LAST_1897,99,REMOVE (Emeritus / Retired),3,https://www.atmos.colostate.edu/people/faculty/
367,Daning Huang,Pennsylvania State University-Main Campus,Aero,A5069630107,Emeritus,FLAG_EMERITUS,LAST_1986,71,REMOVE (Emeritus / Retired),1,https://www.aero.psu.edu/department/directory-detail-g.aspx?q=dfh5340
368,Sven Schmitz,Pennsylvania State University-Main Campus,Aero,A5064060241,Emeritus,FLAG_EMERITUS,LAST_1997,41,REMOVE (Emeritus / Retired),1,https://www.aero.psu.edu/department/directory-detail-g.aspx?q=SUS52
369,Eric Greenwood,Pennsylvania State University-Main Campus,Aero,A5024540860,Emeritus,FLAG_EMERITUS,LAST_2005,37,REMOVE (Emeritus / Retired),1,https://www.aero.psu.edu/department/directory-detail-g.aspx?q=erg5235
370,Robert Kunz,Pennsylvania State University-Main Campus,Mech,A5023802568,Emeritus,FLAG_EMERITUS,LAST_1953,43,REMOVE (Emeritus / Retired),1,https://www.me.psu.edu/department/directory-detail-g.aspx?q=RFK102
371,Xiang Yang,Pennsylvania State University-Main Campus,Mech,NOT_FOUND (CANDIDATES_FOUND_NO_AFFIL_MATCH),Emeritus,FLAG_EMERITUS,NO_OA_ID,0,REMOVE (Emeritus / Retired),1,https://www.me.psu.edu/department/directory-detail-g.aspx?q=xzy48
372,Jacqueline O'Connor,Pennsylvania State University-Main Campus,Mech,A5084098996,Emeritus,FLAG_EMERITUS,LAST_1965,43,REMOVE (Emeritus / Retired),1,https://www.me.psu.edu/department/directory-detail-g.aspx?q=JXO22
96,Donald L. Koch,Cornell University,Math,A5069221650,Lecturer,FLAG_LECTURER,LAST_1962,36,REMOVE (Adjunct / Lecturer),3,https://www.duffield.cornell.edu/people/donald-l-koch/
97,David Bindel,Cornell University,Math,A5073697071,Professor,ACTIVE_PROFESSOR,LAST_2000,27,KEEP (Active Professor),1,https://cam.cornell.edu/people/david-bindel/
98,Alexander Vladimirsky,Cornell University,Math,A5028818054,Professor,ACTIVE_PROFESSOR,LAST_2000,21,KEEP (Active Professor),1,https://cam.cornell.edu/people/alexander-vladimirsky/
99,Alex Townsend,Cornell University,Math,A5003110773,Associate Professor,ACTIVE_ASSOCIATE_PROF,LAST_2003,68,KEEP (Active Professor),1,https://cam.cornell.edu/people/alex-townsend/
100,Anil Damle,Cornell University,Math,A5015625725,Assistant Professor,ACTIVE_ASSISTANT_PROF,LAST_2004,25,KEEP (Active Professor),1,https://cam.cornell.edu/people/anil-damle/
101,Steven H. Strogatz,Cornell University,Math,A5029418921,Professor,ACTIVE_PROFESSOR,LAST_1981,28,KEEP (Active Professor),1,https://cam.cornell.edu/people/steven-strogatz/
373,Yuan Xuan,Pennsylvania State University-Main Campus,Mech,A5101850575,Emeritus,FLAG_EMERITUS,LAST_2004,12,REMOVE (Emeritus / Retired),1,https://www.me.psu.edu/department/directory-detail-g.aspx?q=yxx139
403,Robert P. Lucht,Purdue University,Mech,A5018644100,Emeritus,FLAG_EMERITUS,LAST_1979,42,REMOVE (Emeritus / Retired),1,https://engineering.purdue.edu/ME/People/ptProfile?id=28413
440,Liping Liu,Rutgers University-New Brunswick,Mech/Aero/Math,A5100352454,Emeritus,FLAG_EMERITUS,LAST_1996,328,REMOVE (Emeritus / Retired),1,https://math.rutgers.edu/people/department-directory/detail/344-department-directory/1778-liu-liping
452,Thomas Cubaud,Stony Brook University (SUNY Stony Brook),Mech,A5056501020,Emeritus,FLAG_EMERITUS,LAST_2000,7,REMOVE (Emeritus / Retired),1,https://www.stonybrook.edu/mechanical-engineering/people/faculty.html
453,Spencer Zimmerman,Stony Brook University (SUNY Stony Brook),Mech,A5086122762,Emeritus,FLAG_EMERITUS,LAST_2015,4,REMOVE (Emeritus / Retired),1,https://www.stonybrook.edu/mechanical-engineering/people/faculty.html
107,Hélène Seroussi,Dartmouth College,Math,A5046027378,Lecturer,FLAG_LECTURER,LAST_2008,96,REMOVE (Adjunct / Lecturer),3,https://engineering.dartmouth.edu/community/faculty/helene-seroussi
454,Dimitris Assanis,Stony Brook University (SUNY Stony Brook),Mech,A5050567771,Emeritus,FLAG_EMERITUS,LAST_1984,34,REMOVE (Emeritus / Retired),1,https://www.stonybrook.edu/mechanical-engineering/people/faculty.html
460,Yiyang Sun,Syracuse University,Mech/Aero,A5086040995,Emeritus,FLAG_EMERITUS,LAST_1984,24,REMOVE (Emeritus / Retired),1,https://ecs.syracuse.edu/faculty-staff/yiyang-sun
461,Fernando Zigunov,Syracuse University,Mech/Aero,A5053776308,Emeritus,FLAG_EMERITUS,LAST_2015,43,REMOVE (Emeritus / Retired),1,https://ecs.syracuse.edu/faculty-staff/fernando-zigunov
462,Jeongmin Ahn,Syracuse University,Mech/Aero,A5101477633,Emeritus,FLAG_EMERITUS,LAST_1993,33,REMOVE (Emeritus / Retired),1,https://ecs.syracuse.edu/faculty-staff/jeongmin-ahn
112,Ahmad Raeisi Najafi,Drexel University,Math,A5060339899,None,HTTP_404,LAST_2004,75,KEEP (Active Professor),1,https://drexel.edu/engineering/about/faculty-staff/N/najafi-ahmad/
463,Ben Akih-Kumgeh,Syracuse University,Mech/Aero,A5063622371,Emeritus,FLAG_EMERITUS,LAST_2009,4,REMOVE (Emeritus / Retired),1,https://ecs.syracuse.edu/faculty-staff/ben-akih-kumgeh
464,Yeqing Wang,Syracuse University,Mech/Aero,A5064144710,Emeritus,FLAG_EMERITUS,LAST_1992,37,REMOVE (Emeritus / Retired),1,https://ecs.syracuse.edu/faculty-staff/yeqing-wang
115,Antonios Zavaliangos,Drexel University,Math,A5011250890,Assistant Professor,ACTIVE_ASSISTANT_PROF,LAST_1990,9,KEEP (Active Professor),1,https://drexel.edu/engineering/about/faculty-staff/Z/zavaliangos-antonios/
465,Amit K. Sanyal,Syracuse University,Mech/Aero,A5079524565,Emeritus,FLAG_EMERITUS,LAST_1985,40,REMOVE (Emeritus / Retired),1,https://ecs.syracuse.edu/faculty-staff/amit-k-sanyal
466,Bing Dong,Syracuse University,Mech/Aero,A5050035609,Emeritus,FLAG_EMERITUS,LAST_2000,92,REMOVE (Emeritus / Retired),1,https://ecs.syracuse.edu/faculty-staff/bing-dong
482,Taher Schobeiri,Texas A&M University-College Station,Mech,A5111833834,Emeritus,FLAG_EMERITUS,LAST_1976,16,REMOVE (Emeritus / Retired),3,https://engineering.tamu.edu/mechanical/profiles/schobeiri-taher.html
485,Jian Sheng,Texas A&M University-Corpus Christi,Other,NOT_FOUND (CANDIDATES_FOUND_NO_AFFIL_MATCH),Lecturer,FLAG_LECTURER,NO_OA_ID,0,REMOVE (Adjunct / Lecturer),1,https://www.tamucc.edu/engineering/departments/engineering/
486,Zhaorui Li,Texas A&M University-Corpus Christi,Other,NOT_FOUND (CANDIDATES_FOUND_NO_AFFIL_MATCH),Lecturer,FLAG_LECTURER,NO_OA_ID,0,REMOVE (Adjunct / Lecturer),1,https://www.tamucc.edu/engineering/departments/engineering/
487,Lea-Der Chen,Texas A&M University-Corpus Christi,Other,A5070097171,Lecturer,FLAG_LECTURER,LAST_1981,4,REMOVE (Adjunct / Lecturer),1,https://www.tamucc.edu/engineering/departments/engineering/
122,Guglielmo Scovazzi,Duke University,Math,A5087990984,Timeout,WEB_TIMEOUT,LAST_2000,52,KEEP (Active Professor),1,https://cee.duke.edu/people/guglielmo-scovazzi/
488,Jose Baca,Texas A&M University-Corpus Christi,Other,A5068841661,Lecturer,FLAG_LECTURER,LAST_2003,23,REMOVE (Adjunct / Lecturer),1,https://www.tamucc.edu/engineering/departments/engineering/
124,Thomas Witelski,Duke University,Math,A5053976950,Timeout,WEB_TIMEOUT,LAST_1991,10,KEEP (Active Professor),1,https://math.duke.edu/~witelski/575
125,Jian-Guo Liu,Duke University,Math,A5019169169,Timeout,WEB_TIMEOUT,LAST_1993,43,KEEP (Active Professor),1,https://scholars.duke.edu/person/jian-guo.liu
126,Alexander Kiselev,Duke University,Math,A5037975226,Timeout,WEB_TIMEOUT,LAST_1956,13,KEEP (Active Professor),1,https://scholars.duke.edu/person/alexander.kiselev
127,Jianfeng Lu,Duke University,Math,A5061472917,Timeout,WEB_TIMEOUT,LAST_2001,166,KEEP (Active Professor),1,https://scholars.duke.edu/person/jianfeng
128,James H. Nolen,Duke University,Math,NOT_FOUND (CANDIDATES_FOUND_NO_AFFIL_MATCH),Timeout,WEB_TIMEOUT,NO_OA_ID,0,REVIEW (Inactive: 0 papers since 2022),2,https://scholars.duke.edu/person/nolen
489,Hua Zhang,Texas A&M University-Corpus Christi,Other,A5100408669,Lecturer,FLAG_LECTURER,LAST_1987,594,REMOVE (Adjunct / Lecturer),1,https://www.tamucc.edu/engineering/departments/engineering/
490,Dugan Um,Texas A&M University-Corpus Christi,Other,A5055158183,Lecturer,FLAG_LECTURER,LAST_1998,18,REMOVE (Adjunct / Lecturer),1,https://www.tamucc.edu/engineering/departments/engineering/
491,Philippe Tissot,Texas A&M University-Corpus Christi,Other,A5034844392,Lecturer,FLAG_LECTURER,LAST_1964,35,REMOVE (Adjunct / Lecturer),1,https://www.tamucc.edu/engineering/departments/engineering/
500,Siva Parameswaran,Texas Tech University,Mech,A5059271609,Emeritus,FLAG_EMERITUS,LAST_1986,8,REMOVE (Emeritus / Retired),3,https://www.depts.ttu.edu/me/faculty/siva_parameswaran/index.php
512,Joseph F. Vignola,The Catholic University of America,Mech,A5061474762,Emeritus,FLAG_EMERITUS,LAST_1988,35,REMOVE (Emeritus / Retired),1,https://engineering.catholic.edu/research-and-faculty/faculty-profiles/mechanical/index.html
513,Diego Turo,The Catholic University of America,Mech,A5066827008,Emeritus,FLAG_EMERITUS,LAST_2007,39,REMOVE (Emeritus / Retired),1,https://engineering.catholic.edu/research-and-faculty/faculty-profiles/mechanical/index.html
515,John A. Judge,The Catholic University of America,Mech,A5103414476,Emeritus,FLAG_EMERITUS,LAST_1982,5,REMOVE (Emeritus / Retired),1,https://engineering.catholic.edu/research-and-faculty/faculty-profiles/mechanical/index.html
524,Clint N. Dawson,The University of Texas at Austin,Mech/Aero/Math,A5089253713,Lecturer,FLAG_LECTURER,LAST_1963,65,REMOVE (Adjunct / Lecturer),1,https://ae.utexas.edu/person/clint-n-dawson/
540,Ryan T. Glasser,Tulane University,Other,A5062235827,Lecturer,FLAG_LECTURER,LAST_2008,32,REMOVE (Adjunct / Lecturer),1,https://catalog.tulane.edu/science-engineering/physics-engineering/
541,Donald L. Gaver,Tulane University,Other,NOT_FOUND (NOT_FOUND_BY_NAME),Emeritus,FLAG_EMERITUS,NO_OA_ID,0,REMOVE (Emeritus / Retired),1,https://sse.tulane.edu/people
546,Paul DesJardin,University at Buffalo (SUNY Buffalo),Mech/Aero,NOT_FOUND (CANDIDATES_FOUND_NO_AFFIL_MATCH),Emeritus,FLAG_EMERITUS,NO_OA_ID,0,REMOVE (Emeritus / Retired),1,https://engineering.buffalo.edu/mechanical-aerospace/people/faculty.html
547,Matthew J. Ringuette,University at Buffalo (SUNY Buffalo),Mech/Aero,NOT_FOUND (CANDIDATES_FOUND_NO_AFFIL_MATCH),Emeritus,FLAG_EMERITUS,NO_OA_ID,0,REMOVE (Emeritus / Retired),1,https://engineering.buffalo.edu/mechanical-aerospace/people/faculty.html
548,Francine Battaglia,University at Buffalo (SUNY Buffalo),Mech/Aero,A5071628578,Emeritus,FLAG_EMERITUS,LAST_1886,19,REMOVE (Emeritus / Retired),1,https://engineering.buffalo.edu/mechanical-aerospace/people/faculty.html
549,James Chen,University at Buffalo (SUNY Buffalo),Mech/Aero,NOT_FOUND (CANDIDATES_FOUND_NO_AFFIL_MATCH),Emeritus,FLAG_EMERITUS,NO_OA_ID,0,REMOVE (Emeritus / Retired),1,https://engineering.buffalo.edu/mechanical-aerospace/people/faculty.html
550,Cyrus Madnia,University at Buffalo (SUNY Buffalo),Mech/Aero,NOT_FOUND (CANDIDATES_FOUND_NO_AFFIL_MATCH),Emeritus,FLAG_EMERITUS,NO_OA_ID,0,REMOVE (Emeritus / Retired),3,https://engineering.buffalo.edu/mechanical-aerospace/people/faculty.html
551,David Salac,University at Buffalo (SUNY Buffalo),Mech/Aero,A5087950364,Emeritus,FLAG_EMERITUS,LAST_2004,14,REMOVE (Emeritus / Retired),1,https://engineering.buffalo.edu/mechanical-aerospace/people/faculty.html
552,Hui Meng,University at Buffalo (SUNY Buffalo),Mech/Aero,A5100695234,Emeritus,FLAG_EMERITUS,LAST_1991,8,REMOVE (Emeritus / Retired),1,https://engineering.buffalo.edu/mechanical-aerospace/people/faculty.html
553,Sangwoo Shin,University at Buffalo (SUNY Buffalo),Mech/Aero,A5030164615,Emeritus,FLAG_EMERITUS,LAST_1997,33,REMOVE (Emeritus / Retired),1,https://engineering.buffalo.edu/mechanical-aerospace/people/faculty.html
556,Pasquale Cinnella,University of Alabama at Birmingham,Mech,A5107872274,Emeritus,FLAG_EMERITUS,LAST_2006,0,REMOVE (Emeritus / Retired),1,https://www.uab.edu/engineering/mme/people/faculty
148,Hakima Bessaih,Florida International University,Math,A5015933074,Associate Professor,ACTIVE_ASSOCIATE_PROF,LAST_1995,12,KEEP (Active Professor),1,https://case.fiu.edu/mathstat/research/applied-mathematics/
149,Ciprian G. S. Gal,Florida International University,Math,A5135726769,Associate Professor,ACTIVE_ASSOCIATE_PROF,LAST_2026,1,KEEP (Active Professor),1,https://case.fiu.edu/mathstat/research/applied-mathematics/
150,Yanqiu Guo,Florida International University,Math,A5034769922,Associate Professor,ACTIVE_ASSOCIATE_PROF,LAST_2012,26,KEEP (Active Professor),1,https://case.fiu.edu/mathstat/research/applied-mathematics/
151,Svetlana Roudenko,Florida International University,Math,A5026912162,Associate Professor,ACTIVE_ASSOCIATE_PROF,LAST_2002,18,KEEP (Active Professor),1,https://case.fiu.edu/mathstat/research/applied-mathematics/
152,Wei Wang,Florida International University,Math,A5100424784,Associate Professor,ACTIVE_ASSOCIATE_PROF,LAST_1991,366,KEEP (Active Professor),1,https://case.fiu.edu/mathstat/research/applied-mathematics/
153,Yuanchang Sun,Florida International University,Math,A5101562438,Associate Professor,ACTIVE_ASSOCIATE_PROF,OA_TIMEOUT,0,KEEP (Active Professor),1,https://case.fiu.edu/mathstat/research/applied-mathematics/
154,Zhongming Wang,Florida International University,Math,A5022756745,Associate Professor,ACTIVE_ASSOCIATE_PROF,OA_TIMEOUT,0,KEEP (Active Professor),1,https://case.fiu.edu/mathstat/research/applied-mathematics/
155,Louis Roder Tcheugoue Tebou,Florida International University,Math,A5027082017,Associate Professor,ACTIVE_ASSOCIATE_PROF,OA_TIMEOUT,0,KEEP (Active Professor),1,https://case.fiu.edu/mathstat/research/applied-mathematics/
557,Roy Koomullil,University of Alabama at Birmingham,Mech,A5056332458,Emeritus,FLAG_EMERITUS,LAST_1996,12,REMOVE (Emeritus / Retired),1,https://www.uab.edu/engineering/mme/people/faculty
558,David R. McDaniel,University of Alabama at Birmingham,Mech,A5111918102,Emeritus,FLAG_EMERITUS,LAST_2006,5,REMOVE (Emeritus / Retired),1,https://www.uab.edu/engineering/mme/people/faculty
559,Robert Nichols,University of Alabama at Birmingham,Mech,A5110854272,Emeritus,FLAG_EMERITUS,LAST_1974,4,REMOVE (Emeritus / Retired),1,https://www.uab.edu/engineering/mme/people/faculty
560,Andrés Morales,University of Alabama at Birmingham,Mech,NOT_FOUND (CANDIDATES_FOUND_NO_AFFIL_MATCH),Emeritus,FLAG_EMERITUS,NO_OA_ID,0,REMOVE (Emeritus / Retired),1,https://www.uab.edu/engineering/mme/people/faculty
580,Bhupendra Khandelwal,University of Alabama-Tuscaloosa,Mech,A5039608451,Lecturer,FLAG_LECTURER,LAST_2010,36,REMOVE (Adjunct / Lecturer),1,https://eng.ua.edu/eng-directory/dr-bhupendra-khandelwal/
583,Farzad Mashayek,University of Arizona,Mech/Aero,A5047138363,Emeritus,FLAG_EMERITUS,LAST_1993,43,REMOVE (Emeritus / Retired),1,https://ame.engineering.arizona.edu/faculty-staff/faculty/farzad-mashayek
584,Stuart A. Craig,University of Arizona,Mech/Aero,A5015112100,Emeritus,FLAG_EMERITUS,LAST_1987,11,REMOVE (Emeritus / Retired),1,https://ame.engineering.arizona.edu/faculty-staff/faculty/stuart-craig
585,Bernard Parent,University of Arizona,Mech/Aero,A5010258978,Emeritus,FLAG_EMERITUS,LAST_1998,24,REMOVE (Emeritus / Retired),1,https://ame.engineering.arizona.edu/faculty-staff/faculty/bernard-parent
586,James Threadgill,University of Arizona,Mech/Aero,A5022528180,Emeritus,FLAG_EMERITUS,LAST_2014,25,REMOVE (Emeritus / Retired),1,https://ame.engineering.arizona.edu/faculty-staff/faculty/james-threadgill
165,Tomasz Plewa,Florida State University,Math,A5015352424,Emeritus,FLAG_EMERITUS,OA_TIMEOUT,0,REMOVE (Emeritus / Retired),3,https://www.sc.fsu.edu/people/faculty
166,Bryan Quaife,Florida State University,Math,A5046140903,Emeritus,FLAG_EMERITUS,OA_TIMEOUT,0,REMOVE (Emeritus / Retired),3,https://www.sc.fsu.edu/people/faculty
167,Gordon Erlebacher,Florida State University,Math,A5075780861,Emeritus,FLAG_EMERITUS,OA_TIMEOUT,0,REMOVE (Emeritus / Retired),3,https://www.sc.fsu.edu/people/faculty
168,Xiaoqiang Wang,Florida State University,Math,A5100626794,Emeritus,FLAG_EMERITUS,OA_TIMEOUT,0,REMOVE (Emeritus / Retired),3,https://www.sc.fsu.edu/people/faculty
169,Mark Sussman,Florida State University,Math,A5001270898,Emeritus,FLAG_EMERITUS,OA_TIMEOUT,0,REMOVE (Emeritus / Retired),3,https://mathematics.fsu.edu/people
592,Keith Walters,University of Arkansas,Mech,A5110562539,Lecturer,FLAG_LECTURER,LAST_1996,17,REMOVE (Adjunct / Lecturer),1,https://engineering.uark.edu/mechanical-engineering/faculty.php
594,Min Zou,University of Arkansas,Mech,A5080429701,Lecturer,FLAG_LECTURER,LAST_1998,135,REMOVE (Adjunct / Lecturer),1,https://engineering.uark.edu/mechanical-engineering/faculty.php
595,David Jensen,University of Arkansas,Mech,A5006681132,Lecturer,FLAG_LECTURER,LAST_1987,15,REMOVE (Adjunct / Lecturer),1,https://engineering.uark.edu/mechanical-engineering/faculty.php
617,Simo Mäkiharju,University of California-Berkeley,Mech,NOT_FOUND (CANDIDATES_FOUND_NO_AFFIL_MATCH),Lecturer,FLAG_LECTURER,NO_OA_ID,0,REMOVE (Adjunct / Lecturer),1,https://me.berkeley.edu/people/simo-makiharju/
174,Ali Beheshti,George Mason University,Math,A5052341108,None,HTTP_307,LAST_2010,21,KEEP (Active Professor),1,https://mechanical.gmu.edu/people/faculty
175,Harbir Antil,George Mason University,Math,A5021343350,Emeritus,FLAG_EMERITUS,LAST_2007,144,REMOVE (Emeritus / Retired),3,https://science.gmu.edu/academics/departments-units/mathematical-sciences/faculty-and-staff
176,Padmanabhan Seshaiyer,George Mason University,Math,A5029673753,Emeritus,FLAG_EMERITUS,LAST_1997,32,REMOVE (Emeritus / Retired),3,https://science.gmu.edu/academics/departments-units/mathematical-sciences/faculty-and-staff
177,Maria Emelianenko,George Mason University,Math,A5051572194,Emeritus,FLAG_EMERITUS,LAST_2000,10,REMOVE (Emeritus / Retired),3,https://science.gmu.edu/academics/departments-units/mathematical-sciences/faculty-and-staff
178,Daniel M. Anderson,George Mason University,Math,A5101412590,Emeritus,FLAG_EMERITUS,LAST_1982,38,REMOVE (Emeritus / Retired),3,https://science.gmu.edu/academics/departments-units/mathematical-sciences/faculty-and-staff
179,Timothy Sauer,George Mason University,Math,A5029217710,Emeritus,FLAG_EMERITUS,LAST_1972,17,REMOVE (Emeritus / Retired),3,https://science.gmu.edu/academics/departments-units/mathematical-sciences/faculty-and-staff
618,Mohammad-Reza Alam,University of California-Berkeley,Mech,NOT_FOUND (CANDIDATES_FOUND_NO_AFFIL_MATCH),Lecturer,FLAG_LECTURER,NO_OA_ID,0,REMOVE (Adjunct / Lecturer),1,https://me.berkeley.edu/people/m-reza-alam/
181,Lorena A. Barba,George Washington University,Math,A5028603986,None,HTTP_403,LAST_1996,37,KEEP (Active Professor),1,https://mae.engineering.gwu.edu/faculty-directory
619,Shawn C. Shadden,University of California-Berkeley,Mech,A5045646606,Lecturer,FLAG_LECTURER,LAST_2004,25,REMOVE (Adjunct / Lecturer),1,https://me.berkeley.edu/people/shawn-shadden/
620,Jyh-Yuan Chen,University of California-Berkeley,Mech,NOT_FOUND (CANDIDATES_FOUND_NO_AFFIL_MATCH),Emeritus,FLAG_EMERITUS,NO_OA_ID,0,REMOVE (Emeritus / Retired),3,https://me.berkeley.edu/people/jyh-yuan-chen/
622,Mark W. Mueller,University of California-Berkeley,Mech/Aero,A5009591368,Lecturer,FLAG_LECTURER,LAST_2004,51,REMOVE (Adjunct / Lecturer),1,https://me.berkeley.edu/people/mark-mueller/
642,Perry Johnson,University of California-Irvine,Mech/Aero,NOT_FOUND (CANDIDATES_FOUND_NO_AFFIL_MATCH),Emeritus,FLAG_EMERITUS,NO_OA_ID,0,REMOVE (Emeritus / Retired),1,https://engineering.uci.edu/dept/mae/faculty-staff/faculty
643,Haithem Taha,University of California-Irvine,Mech/Aero,NOT_FOUND (CANDIDATES_FOUND_NO_AFFIL_MATCH),Emeritus,FLAG_EMERITUS,NO_OA_ID,0,REMOVE (Emeritus / Retired),1,https://engineering.uci.edu/dept/mae/faculty-staff/faculty
644,Dimitri Papamoschou,University of California-Irvine,Mech/Aero,A5024893863,Emeritus,FLAG_EMERITUS,LAST_1986,20,REMOVE (Emeritus / Retired),1,https://engineering.uci.edu/dept/mae/faculty-staff/faculty
645,Feng Liu,University of California-Irvine,Mech/Aero,A5100415288,Emeritus,FLAG_EMERITUS,LAST_1993,473,REMOVE (Emeritus / Retired),1,https://engineering.uci.edu/dept/mae/faculty-staff/faculty
646,Kelly Stephani,University of California-Irvine,Mech/Aero,NOT_FOUND (CANDIDATES_FOUND_NO_AFFIL_MATCH),Emeritus,FLAG_EMERITUS,NO_OA_ID,0,REMOVE (Emeritus / Retired),1,https://engineering.uci.edu/dept/mae/faculty-staff/faculty
647,Marco Panesi,University of California-Irvine,Mech/Aero,A5071159349,Emeritus,FLAG_EMERITUS,LAST_2006,129,REMOVE (Emeritus / Retired),1,https://engineering.uci.edu/dept/mae/faculty-staff/faculty
648,Manuel Gamero-Castaño,University of California-Irvine,Mech/Aero,A5038144270,Emeritus,FLAG_EMERITUS,LAST_1998,17,REMOVE (Emeritus / Retired),1,https://engineering.uci.edu/dept/mae/faculty-staff/faculty
649,Xian Shi,University of California-Irvine,Mech/Aero,NOT_FOUND (CANDIDATES_FOUND_NO_AFFIL_MATCH),Emeritus,FLAG_EMERITUS,NO_OA_ID,0,REMOVE (Emeritus / Retired),1,https://engineering.uci.edu/dept/mae/faculty-staff/faculty
193,Nick Trefethen,Harvard University,Math,A5060738431,Professor,ACTIVE_PROFESSOR,LAST_1999,0,KEEP (Active Professor),1,https://seas.harvard.edu/person/nick-trefethen
650,William A. Sirignano,University of California-Irvine,Mech/Aero,A5037427199,Emeritus,FLAG_EMERITUS,LAST_1962,41,REMOVE (Emeritus / Retired),1,https://engineering.uci.edu/dept/mae/faculty-staff/faculty
651,Jacob Brouwer,University of California-Irvine,Mech/Aero,NOT_FOUND (CANDIDATES_FOUND_NO_AFFIL_MATCH),Emeritus,FLAG_EMERITUS,NO_OA_ID,0,REMOVE (Emeritus / Retired),1,https://engineering.uci.edu/dept/mae/faculty-staff/faculty
652,Ramin Bostanabad,University of California-Irvine,Mech/Aero,A5062806994,Emeritus,FLAG_EMERITUS,LAST_2015,68,REMOVE (Emeritus / Retired),1,https://engineering.uci.edu/dept/mae/faculty-staff/faculty
690,Igor Mezic,University of California-Santa Barbara,Mech,A5014334832,Lecturer,FLAG_LECTURER,OA_TIMEOUT,0,REMOVE (Adjunct / Lecturer),1,https://me.ucsb.edu/people
198,Katharine Gurski,Howard University,Math,A5017236962,Assistant Professor,ACTIVE_ASSISTANT_PROF,LAST_1998,8,KEEP (Active Professor),1,https://profiles.howard.edu/katharine-gurski
199,Roberto De Leo,Howard University,Math,A5066434888,None,HTTP_404,LAST_1971,23,KEEP (Active Professor),1,https://profiles.howard.edu/roberto-deleo
693,Paul Atzberger,University of California-Santa Barbara,Mech/Math,A5018833756,Lecturer,FLAG_LECTURER,LAST_2004,27,REMOVE (Adjunct / Lecturer),1,https://me.ucsb.edu/people
697,Kareem Ahmed,University of Central Florida,Mech/Aero,A5051850761,Emeritus,FLAG_EMERITUS,LAST_1983,143,REMOVE (Emeritus / Retired),1,https://mae.ucf.edu/faculty-directory/
698,Subith Vasu,University of Central Florida,Mech/Aero,A5065729423,Emeritus,FLAG_EMERITUS,LAST_2005,204,REMOVE (Emeritus / Retired),1,https://mae.ucf.edu/faculty-directory/
700,Samik Bhattacharya,University of Central Florida,Mech/Aero,A5019434976,Emeritus,FLAG_EMERITUS,LAST_1970,23,REMOVE (Emeritus / Retired),1,https://mae.ucf.edu/faculty-directory/
701,Jeffrey L. Kauffman,University of Central Florida,Mech/Aero,A5028069702,Emeritus,FLAG_EMERITUS,LAST_1916,32,REMOVE (Emeritus / Retired),1,https://mae.ucf.edu/faculty-directory/
702,Tuhin Das,University of Central Florida,Mech/Aero,A5042244876,Emeritus,FLAG_EMERITUS,LAST_1976,33,REMOVE (Emeritus / Retired),1,https://mae.ucf.edu/faculty-directory/
703,Hansen A. Mansy,University of Central Florida,Mech/Aero,A5113834305,Emeritus,FLAG_EMERITUS,LAST_2003,22,REMOVE (Emeritus / Retired),1,https://mae.ucf.edu/faculty-directory/
721,Brian Argrow,University of Colorado Boulder,Aero/Math,A5088395268,Lecturer,FLAG_LECTURER,LAST_1987,41,REMOVE (Adjunct / Lecturer),1,https://www.colorado.edu/aerospace/brian-argrow
728,Tianfeng Lu,University of Connecticut,Mech/Aero,A5022013436,Emeritus,FLAG_EMERITUS,LAST_2001,21,REMOVE (Emeritus / Retired),1,https://mechanical-aerospace-manufacturing.engineering.uconn.edu/person/tianfeng-lu/
737,Sidaard Gunasekaran,University of Dayton,Mech/Aero,A5035069208,Lecturer,FLAG_LECTURER,LAST_2012,58,REMOVE (Adjunct / Lecturer),1,https://udayton.edu/directory/engineering/mechanical-and-aerospace/gunasekaran-sidaard.php
748,"S. ""Bala"" Balachandar",University of Florida,Mech/Aero,A5035789002,Emeritus,FLAG_EMERITUS,LAST_1986,111,REMOVE (Emeritus / Retired),1,https://mae.ufl.edu/people/name/s-balachandar/
749,Corin Segal,University of Florida,Mech/Aero,A5078884030,Emeritus,FLAG_EMERITUS,LAST_1983,0,REMOVE (Emeritus / Retired),1,https://mae.ufl.edu/people/name/corin-segal/
750,Lawrence S. Ukeiley,University of Florida,Mech/Aero,A5009893032,Emeritus,FLAG_EMERITUS,LAST_1990,19,REMOVE (Emeritus / Retired),1,https://mae.ufl.edu/people/name/lawrence-ukeiley/
751,Subrata Roy,University of Florida,Mech/Aero,A5065161171,Emeritus,FLAG_EMERITUS,LAST_1900,41,REMOVE (Emeritus / Retired),1,https://mae.ufl.edu/people/name/subrata-roy/
752,Kamran Mohseni,University of Florida,Mech/Aero,A5064775139,Emeritus,FLAG_EMERITUS,LAST_1990,10,REMOVE (Emeritus / Retired),1,https://mae.ufl.edu/people/name/kamran-mohseni/
753,Patrick Musgrave,University of Florida,Mech/Aero,A5015064505,Emeritus,FLAG_EMERITUS,LAST_2015,24,REMOVE (Emeritus / Retired),1,https://mae.ufl.edu/people/name/patrick-musgrave/
754,Claire Grégoire,University of Florida,Mech/Aero,A5061105302,Emeritus,FLAG_EMERITUS,LAST_2015,40,REMOVE (Emeritus / Retired),1,https://mae.ufl.edu/people/name/claire-gregoire/
759,Matthew V. Bilskie,University of Georgia,Mech,A5057728869,Adjunct,FLAG_ADJUNCT,LAST_2011,32,REMOVE (Adjunct / Lecturer),1,https://engineering.uga.edu/directory/matthew-bilskie/
770,Karolos Grigoriadis,University of Houston,Mech/Aero,A5008167219,Emeritus,FLAG_EMERITUS,LAST_1989,18,REMOVE (Emeritus / Retired),1,https://www.me.uh.edu/faculty
780,Tao Xing,University of Idaho,Mech,A5019984418,Emeritus,FLAG_EMERITUS,LAST_2004,40,REMOVE (Emeritus / Retired),1,https://www.uidaho.edu/engineering/our-people
781,Gianluca Blois,University of Idaho,Mech,A5051535355,Emeritus,FLAG_EMERITUS,LAST_2004,7,REMOVE (Emeritus / Retired),1,https://www.uidaho.edu/engineering/our-people
782,Vibhav Durgesh,University of Idaho,Mech,A5057212020,Emeritus,FLAG_EMERITUS,LAST_2004,19,REMOVE (Emeritus / Retired),1,https://www.uidaho.edu/engineering/our-people
783,Kamal Kumar,University of Idaho,Mech,A5048734026,Emeritus,FLAG_EMERITUS,LAST_2003,8,REMOVE (Emeritus / Retired),1,https://www.uidaho.edu/engineering/our-people
784,Daniel J. Robertson,University of Idaho,Mech,A5084805362,Emeritus,FLAG_EMERITUS,LAST_1915,40,REMOVE (Emeritus / Retired),1,https://www.uidaho.edu/engineering/our-people
786,Daniele Tonina,University of Idaho,Other,A5090835300,Emeritus,FLAG_EMERITUS,LAST_2002,66,REMOVE (Emeritus / Retired),1,https://www.uidaho.edu/engineering/our-people
787,Zachariah Etienne,University of Idaho,Other,A5010073173,Emeritus,FLAG_EMERITUS,LAST_2001,52,REMOVE (Emeritus / Retired),1,https://www.uidaho.edu/science/our-people
796,Jonathan B. Freund,University of Illinois Urbana-Champaign,Mech/Aero/Math,A5027423603,Emeritus,FLAG_EMERITUS,OA_TIMEOUT,0,REMOVE (Emeritus / Retired),1,https://aerospace.illinois.edu/directory/profile/jbfreund
797,Daniel J. Bodony,University of Illinois Urbana-Champaign,Aero,A5011367707,Emeritus,FLAG_EMERITUS,LAST_2002,57,REMOVE (Emeritus / Retired),1,https://aerospace.illinois.edu/directory/profile/bodony
228,Ioannis (Yannis) Kevrekidis,Johns Hopkins University,Math,A5036566464,None,HTTP_403,LAST_1987,141,KEEP (Active Professor),1,https://engineering.jhu.edu/ams/faculty/ioannis-yannis-kevrekidis/
229,Fadil Santosa,Johns Hopkins University,Math,A5033911917,None,HTTP_403,LAST_1980,9,KEEP (Active Professor),1,https://engineering.jhu.edu/ams/faculty/fadil-santosa/
230,Jincheng Yang,Johns Hopkins University,Math,A5072507546,None,HTTP_403,LAST_1993,13,KEEP (Active Professor),1,https://engineering.jhu.edu/ams/faculty/jincheng-yang/
231,Suryanarayana Maddu,Johns Hopkins University,Math,A5012945471,None,HTTP_403,LAST_2019,20,KEEP (Active Professor),1,https://engineering.jhu.edu/ams/faculty/suryanarayana-maddu/
798,Gregory S. Elliott,University of Illinois Urbana-Champaign,Aero,A5044198101,Emeritus,FLAG_EMERITUS,OA_TIMEOUT,0,REMOVE (Emeritus / Retired),1,https://aerospace.illinois.edu/directory/profile/elliottg
799,Andres Goza,University of Illinois Urbana-Champaign,Aero,A5042992875,Emeritus,FLAG_EMERITUS,LAST_2009,31,REMOVE (Emeritus / Retired),1,https://aerospace.illinois.edu/directory/profile/goza
234,Amir Bahadori,Kansas State University,Math,A5059158270,Emeritus,FLAG_EMERITUS,LAST_1971,34,REMOVE (Emeritus / Retired),3,https://www.mne.k-state.edu/about/people/faculty/
235,Pietro Poggi-Corradini,Kansas State University,Math,A5048685952,None,HTTP_404,LAST_1993,38,KEEP (Active Professor),1,https://www.math.ksu.edu/people/faculty/
236,Nathan Albin,Kansas State University,Math,A5036022357,None,HTTP_404,LAST_2006,48,KEEP (Active Professor),1,https://www.math.ksu.edu/people/faculty/
800,Francesco Panerai,University of Illinois Urbana-Champaign,Aero,A5027907797,Emeritus,FLAG_EMERITUS,LAST_1995,75,REMOVE (Emeritus / Retired),1,https://aerospace.illinois.edu/directory/profile/panerai
801,Joshua L. Rovey,University of Illinois Urbana-Champaign,Aero,A5084820611,Emeritus,FLAG_EMERITUS,OA_TIMEOUT,0,REMOVE (Emeritus / Retired),1,https://aerospace.illinois.edu/directory/profile/rovey
802,Theresa Ann Saxton-Fox,University of Illinois Urbana-Champaign,Aero,NOT_FOUND (NOT_FOUND_BY_NAME),Emeritus,FLAG_EMERITUS,NO_OA_ID,0,REMOVE (Emeritus / Retired),1,https://aerospace.illinois.edu/directory/profile/tsaxtonf
803,Laura Villafane Roca,University of Illinois Urbana-Champaign,Aero,A5146638722,Emeritus,FLAG_EMERITUS,OA_TIMEOUT,0,REMOVE (Emeritus / Retired),1,https://aerospace.illinois.edu/directory/profile/lvillafa
804,Phillip J. Ansell,University of Illinois Urbana-Champaign,Aero,A5005382721,Emeritus,FLAG_EMERITUS,OA_TIMEOUT,0,REMOVE (Emeritus / Retired),1,https://aerospace.illinois.edu/directory/profile/ansell1
242,Parisa Khodabakhshi,Lehigh University,Math,A5007749090,Assistant Professor,ACTIVE_ASSISTANT_PROF,LAST_2011,17,KEEP (Active Professor),1,https://engineering.lehigh.edu/meche/faculty
806,Leonardo Chamorro,University of Illinois Urbana-Champaign,Mech/Math,A5054479931,Emeritus,FLAG_EMERITUS,OA_TIMEOUT,0,REMOVE (Emeritus / Retired),1,https://mechse.illinois.edu/people/profile/lpchamo
244,Daniel Conus,Lehigh University,Math,A5071714134,Associate Professor,ACTIVE_ASSOCIATE_PROF,LAST_2008,7,KEEP (Active Professor),1,https://math.cas.lehigh.edu/faculty-staff/daniel-conus
245,John W. M. Bush,Massachusetts Institute of Technology,Math,A5067813676,Lecturer,FLAG_LECTURER,LAST_1961,44,REMOVE (Adjunct / Lecturer),3,https://math.mit.edu/directory/profile.html?pid=18
246,David L. Darmofal,Massachusetts Institute of Technology,Math,A5008751772,None,HTTP_404,LAST_1990,18,KEEP (Active Professor),1,https://aeroastro.mit.edu/people/david-darmofal/
807,Mattia Gazzola,University of Illinois Urbana-Champaign,Mech/Math,A5106466015,Emeritus,FLAG_EMERITUS,OA_TIMEOUT,0,REMOVE (Emeritus / Retired),1,https://mechse.illinois.edu/people/profile/mgazzola
248,Jörn Dunkel,Massachusetts Institute of Technology,Math,A5086396945,Lecturer,FLAG_LECTURER,LAST_2000,65,REMOVE (Adjunct / Lecturer),3,https://math.mit.edu/directory/profile.html?pid=1055
808,Seid Koric,University of Illinois Urbana-Champaign,Mech/Math,A5032466147,Emeritus,FLAG_EMERITUS,OA_TIMEOUT,0,REMOVE (Emeritus / Retired),1,https://mechse.illinois.edu/people/profile/koric
821,Zhi Jian Wang,University of Kansas,Aero,A5066756438,Emeritus,FLAG_EMERITUS,LAST_1990,46,REMOVE (Emeritus / Retired),1,https://ae.ku.edu/ae-faculty
824,Haiyang Chao,University of Kansas,Aero,A5057060512,Emeritus,FLAG_EMERITUS,LAST_2006,27,REMOVE (Emeritus / Retired),1,https://ae.ku.edu/ae-faculty
825,Cheng Huang,University of Kansas,Aero,NOT_FOUND (CANDIDATES_FOUND_NO_AFFIL_MATCH),Emeritus,FLAG_EMERITUS,NO_OA_ID,0,REMOVE (Emeritus / Retired),1,https://ae.ku.edu/ae-faculty
835,Michael Renfro,University of Kentucky,Mech/Aero,A5075881841,Emeritus,FLAG_EMERITUS,LAST_1997,9,REMOVE (Emeritus / Retired),1,https://mae.engr.uky.edu/people
837,Suzanne Weaver Smith,University of Kentucky,Mech/Aero,A5039896168,Emeritus,FLAG_EMERITUS,LAST_1917,9,REMOVE (Emeritus / Retired),1,https://mae.engr.uky.edu/people
846,Andrew Goupee,University of Maine,Mech,A5080950503,Emeritus,FLAG_EMERITUS,LAST_2005,14,REMOVE (Emeritus / Retired),1,https://umaine.edu/mcec/mechanical-engineering/faculty-staff/
847,Amrit Shankar Verma,University of Maine,Mech,A5089400387,Emeritus,FLAG_EMERITUS,LAST_2001,39,REMOVE (Emeritus / Retired),1,https://umaine.edu/mcec/mechanical-engineering/faculty-staff/
850,Wilhelm Friess,University of Maine,Mech,A5135511372,Emeritus,FLAG_EMERITUS,LAST_2026,1,REMOVE (Emeritus / Retired),1,https://umaine.edu/mcec/mechanical-engineering/faculty-staff/
852,Stuart Laurence,University of Maryland-College Park,Aero,A5062244356,Emeritus,FLAG_EMERITUS,LAST_1983,49,REMOVE (Emeritus / Retired),1,https://aero.umd.edu/clark/faculty/370/Stuart-Laurence
853,Christoph Brehm,University of Maryland-College Park,Aero,A5021458652,Emeritus,FLAG_EMERITUS,LAST_1996,104,REMOVE (Emeritus / Retired),1,https://aero.umd.edu/clark/faculty/1183/Christoph-Brehm
854,Johan Larsson,University of Maryland-College Park,Mech,A5052059941,Emeritus,FLAG_EMERITUS,LAST_1990,26,REMOVE (Emeritus / Retired),1,https://enme.umd.edu/clark/faculty/418/Johan-Larsson
855,Amir Riaz,University of Maryland-College Park,Mech,A5110877159,Emeritus,FLAG_EMERITUS,LAST_1999,16,REMOVE (Emeritus / Retired),1,https://enme.umd.edu/clark/faculty/532/Amir-Riaz
869,Daniel Foti,University of Memphis,Mech,A5032566975,Emeritus,FLAG_EMERITUS,LAST_2012,24,REMOVE (Emeritus / Retired),1,https://www.memphis.edu/me/faculty/
263,Mohsen Zayernouri,Michigan State University,Math,A5051268633,Associate Professor,ACTIVE_ASSOCIATE_PROF,LAST_2006,42,KEEP (Active Professor),1,https://engineering.msu.edu/directory/faculty/zayern
264,Andrew J. Christlieb,Michigan State University,Math,A5083347493,No clear rank detected,UNCERTAIN_WEB,LAST_1999,43,KEEP (Active Professor),1,https://cmse.msu.edu/Directory/index.aspx
265,Yingda Cheng,Michigan State University,Math,A5002089116,No clear rank detected,UNCERTAIN_WEB,LAST_2006,30,KEEP (Active Professor),1,https://cmse.msu.edu/Directory/index.aspx
266,Keith Promislow,Michigan State University,Math,A5024694851,No clear rank detected,UNCERTAIN_WEB,LAST_1990,20,KEEP (Active Professor),1,https://math.msu.edu/directory/faculty
870,Yuan Gao,University of Memphis,Mech,A5100722719,Emeritus,FLAG_EMERITUS,LAST_1995,241,REMOVE (Emeritus / Retired),1,https://www.memphis.edu/me/faculty/
872,Yong Hoon Lee,University of Memphis,Mech,A5007488043,Emeritus,FLAG_EMERITUS,LAST_1984,26,REMOVE (Emeritus / Retired),1,https://www.memphis.edu/me/faculty/
873,Jeffrey G. Marchetta,University of Memphis,Mech,A5081707044,Emeritus,FLAG_EMERITUS,LAST_1999,9,REMOVE (Emeritus / Retired),1,https://www.memphis.edu/me/faculty/
874,Ali Fatemi,University of Memphis,Mech,A5033752949,Emeritus,FLAG_EMERITUS,LAST_1961,22,REMOVE (Emeritus / Retired),1,https://www.memphis.edu/me/faculty/
875,Vipin Agarwal,University of Memphis,Mech,A5068661241,Emeritus,FLAG_EMERITUS,LAST_1980,13,REMOVE (Emeritus / Retired),1,https://www.memphis.edu/me/faculty/
882,GeCheng Zha,University of Miami,Mech/Aero,A5020167653,Emeritus,FLAG_EMERITUS,LAST_1989,51,REMOVE (Emeritus / Retired),1,https://mae.coe.miami.edu/people/faculty/index.html
885,Kaan Inal,University of Miami,Mech/Aero,A5072219664,Emeritus,FLAG_EMERITUS,LAST_1994,29,REMOVE (Emeritus / Retired),1,https://mae.coe.miami.edu/people/faculty/index.html
274,Yang Yang,Michigan Technological University,Math,A5100604690,Associate Professor,ACTIVE_ASSOCIATE_PROF,LAST_1997,170,KEEP (Active Professor),1,https://www.mtu.edu/math/department/faculty-staff/faculty/yang/
275,Zhengfu Xu,Michigan Technological University,Math,A5101993671,Assistant Professor,ACTIVE_ASSISTANT_PROF,LAST_2000,8,KEEP (Active Professor),1,https://www.mtu.edu/math/department/faculty-staff/faculty/xu/
886,Francesco Travascio,University of Miami,Mech/Aero,A5045617737,Emeritus,FLAG_EMERITUS,LAST_2003,32,REMOVE (Emeritus / Retired),1,https://mae.coe.miami.edu/people/faculty/index.html
931,Jae Sung Park,University of Nebraska-Lincoln,Mech,NOT_FOUND (CANDIDATES_FOUND_NO_AFFIL_MATCH),Emeritus,FLAG_EMERITUS,NO_OA_ID,0,REMOVE (Emeritus / Retired),1,https://engineering.unl.edu/mme/about/faculty-staff/
932,George Gogos,University of Nebraska-Lincoln,Mech,A5026408627,Emeritus,FLAG_EMERITUS,LAST_1986,34,REMOVE (Emeritus / Retired),1,https://engineering.unl.edu/mme/about/faculty-staff/
934,Piyush Grover,University of Nebraska-Lincoln,Mech,A5075822666,Emeritus,FLAG_EMERITUS,LAST_2007,11,REMOVE (Emeritus / Retired),1,https://engineering.unl.edu/mme/about/faculty-staff/
935,Asaf Dana,University of Nebraska-Lincoln,Mech,A5020220667,Emeritus,FLAG_EMERITUS,LAST_2017,13,REMOVE (Emeritus / Retired),1,https://engineering.unl.edu/mme/about/faculty-staff/
936,Carl Nelson,University of Nebraska-Lincoln,Mech,NOT_FOUND (CANDIDATES_FOUND_NO_AFFIL_MATCH),Emeritus,FLAG_EMERITUS,NO_OA_ID,0,REMOVE (Emeritus / Retired),1,https://engineering.unl.edu/mme/about/faculty-staff/
282,Seongjai Kim,Mississippi State University,Math,A5052797183,None,HTTP_404,LAST_1994,7,KEEP (Active Professor),1,https://www.math.msstate.edu/people/faculty/seongjai-kim/
283,Christopher Barrett,Mississippi State University,Math,A5102734017,Emeritus,FLAG_EMERITUS,LAST_2011,14,REMOVE (Emeritus / Retired),3,https://www.me.msstate.edu/people/faculty/
959,Svetlana Poroseva,University of New Mexico,Mech,A5062691610,Emeritus,FLAG_EMERITUS,LAST_1995,21,REMOVE (Emeritus / Retired),1,https://me.unm.edu/about/directory/faculty/svetlana-poroseva.html
960,Peter Vorobieff,University of New Mexico,Mech,A5140854970,Emeritus,FLAG_EMERITUS,LAST_2001,1,REMOVE (Emeritus / Retired),1,https://me.unm.edu/about/directory/faculty/peter-vorobieff.html
961,Claus Danielson,University of New Mexico,Mech,A5072891938,Emeritus,FLAG_EMERITUS,LAST_1980,44,REMOVE (Emeritus / Retired),1,https://me.unm.edu/about/directory/index.html
962,Wenbin Wan,University of New Mexico,Mech,A5100544289,Emeritus,FLAG_EMERITUS,LAST_2002,17,REMOVE (Emeritus / Retired),1,https://me.unm.edu/about/directory/faculty/wenbin-wan.html
1015,Mrinal Saha,University of Oklahoma,Mech/Aero,A5086536349,Emeritus,FLAG_EMERITUS,LAST_1992,22,REMOVE (Emeritus / Retired),1,https://www.ou.edu/coe/ame/people/faculty.html
1019,Srikanth Bashetty,University of Oklahoma,Mech/Aero,A5064619859,Emeritus,FLAG_EMERITUS,LAST_2015,7,REMOVE (Emeritus / Retired),1,https://www.ou.edu/coe/ame/people/faculty.html
290,Xiaoming He,Missouri University of Science and Technology,Math,A5041708794,Emeritus,FLAG_EMERITUS,LAST_1993,51,REMOVE (Emeritus / Retired),3,https://math.mst.edu/faculty-and-staff/faculty/
291,Qingguo Hong,Missouri University of Science and Technology,Math,A5014378909,Emeritus,FLAG_EMERITUS,LAST_2012,22,REMOVE (Emeritus / Retired),3,https://math.mst.edu/faculty-and-staff/faculty/
292,John Singler,Missouri University of Science and Technology,Math,A5065565731,Emeritus,FLAG_EMERITUS,LAST_2003,10,REMOVE (Emeritus / Retired),3,https://math.mst.edu/faculty-and-staff/faculty/
293,Yanzhi Zhang,Missouri University of Science and Technology,Math,A5040809339,Emeritus,FLAG_EMERITUS,LAST_2019,159,REMOVE (Emeritus / Retired),3,https://math.mst.edu/faculty-and-staff/faculty/
1020,Diogo Merguizo Sanchez,University of Oklahoma,Mech/Aero,A5088373890,Emeritus,FLAG_EMERITUS,LAST_1988,14,REMOVE (Emeritus / Retired),1,https://www.ou.edu/coe/ame/people/faculty.html
1028,Douglas J. Durian,University of Pennsylvania,Mech,A5052862439,Emeritus,FLAG_EMERITUS,LAST_1987,48,REMOVE (Emeritus / Retired),1,https://www.physics.upenn.edu/people/standing-faculty/douglas-durian
1048,Hussein Aluie,University of Rochester,Mech/Aero,A5087073319,Emeritus,FLAG_EMERITUS,LAST_2006,59,REMOVE (Emeritus / Retired),1,https://www.hajim.rochester.edu/me/people/faculty/index.html
297,Dominique Zosso,Montana State University,Math,A5074775708,No clear rank detected,UNCERTAIN_WEB,LAST_2007,8,KEEP (Active Professor),1,https://math.montana.edu/grad_students/math_faculty.html
298,Tomas Gedeon,Montana State University,Math,A5070531641,Professor,ACTIVE_PROFESSOR,LAST_1987,51,KEEP (Active Professor),1,https://math.montana.edu/directory/faculty/
299,Scott McCalla,Montana State University,Math,A5003184921,Professor,ACTIVE_PROFESSOR,LAST_2006,15,KEEP (Active Professor),1,https://math.montana.edu/directory/faculty/
300,Lou Kondic,New Jersey Institute of Technology,Math,A5026028890,None,HTTP_404,LAST_1995,59,KEEP (Active Professor),1,https://math.njit.edu/people/kondic
301,Michael Siegel,New Jersey Institute of Technology,Math,A5114065918,None,HTTP_404,LAST_1992,8,KEEP (Active Professor),1,https://math.njit.edu/people/misieg
1049,Riccardo Betti,University of Rochester,Mech/Aero,A5068824450,Emeritus,FLAG_EMERITUS,LAST_1991,71,REMOVE (Emeritus / Retired),1,https://www.hajim.rochester.edu/me/people/faculty/index.html
303,Shahriar Afkhami,New Jersey Institute of Technology,Math,A5103018495,None,HTTP_404,LAST_2008,27,KEEP (Active Professor),1,https://math.njit.edu/people/afkhami
304,Simone Marras,New Jersey Institute of Technology,Math,A5076271069,None,HTTP_404,LAST_2007,25,KEEP (Active Professor),1,https://mie.njit.edu/people/marras
1051,Jessica Shang,University of Rochester,Mech/Aero,A5100724664,Emeritus,FLAG_EMERITUS,LAST_1993,29,REMOVE (Emeritus / Retired),1,https://www.hajim.rochester.edu/me/people/faculty/index.html
306,Denis Blackmore,New Jersey Institute of Technology,Math,A5003281118,None,HTTP_404,LAST_1973,7,KEEP (Active Professor),1,https://math.njit.edu/people/blackmore
307,Travis Askham,New Jersey Institute of Technology,Math,A5066978688,None,HTTP_404,LAST_2013,12,KEEP (Active Professor),1,https://math.njit.edu/people/askham
308,Anand U. Oza,New Jersey Institute of Technology,Math,A5067537144,None,HTTP_404,LAST_2006,14,KEEP (Active Professor),1,https://math.njit.edu/people/oza
309,Shawn Chester,New Jersey Institute of Technology,Math,A5006142151,None,HTTP_404,LAST_1982,31,KEEP (Active Professor),1,https://mie.njit.edu/people/chester
1053,Adam B. Sefkow,University of Rochester,Mech/Aero,A5060976626,Emeritus,FLAG_EMERITUS,LAST_2000,13,REMOVE (Emeritus / Retired),1,https://www.hajim.rochester.edu/me/people/faculty/index.html
1054,Danae N. Polsin,University of Rochester,Mech/Aero,A5075763728,Emeritus,FLAG_EMERITUS,LAST_2010,34,REMOVE (Emeritus / Retired),1,https://www.hajim.rochester.edu/me/people/faculty/index.html
1055,Varchas Gopalaswamy,University of Rochester,Mech/Aero,A5049495019,Emeritus,FLAG_EMERITUS,LAST_2015,41,REMOVE (Emeritus / Retired),1,https://www.hajim.rochester.edu/me/people/faculty/index.html
1056,Sean P. Regan,University of Rochester,Mech/Aero,A5106945148,Emeritus,FLAG_EMERITUS,LAST_2018,0,REMOVE (Emeritus / Retired),1,https://www.hajim.rochester.edu/me/people/faculty/index.html
1057,Tanvir I. Farouk,University of South Carolina,Mech/Aero,A5045569951,Emeritus,FLAG_EMERITUS,LAST_2001,30,REMOVE (Emeritus / Retired),1,https://sc.edu/study/colleges_schools/engineering_and_computing/faculty-staff/farouk_tanvir.php
1058,Jamil Khan,University of South Carolina,Mech/Aero,A5101410159,Emeritus,FLAG_EMERITUS,LAST_1977,26,REMOVE (Emeritus / Retired),1,https://sc.edu/study/colleges_schools/engineering_and_computing/faculty-staff/khan_jamil.php
1060,Guiren Wang,University of South Carolina,Mech/Aero,A5031032143,Emeritus,FLAG_EMERITUS,LAST_1996,12,REMOVE (Emeritus / Retired),1,https://sc.edu/study/colleges_schools/engineering_and_computing/faculty-staff/wang_guiren.php
1061,Jasim Imran,University of South Carolina,Mech,A5087044762,Emeritus,FLAG_EMERITUS,LAST_1997,35,REMOVE (Emeritus / Retired),1,https://sc.edu/study/colleges_schools/engineering_and_computing/faculty-staff/imran_jasim.php
1062,Lingyu Yu,University of South Carolina,Mech/Aero,A5043313332,Emeritus,FLAG_EMERITUS,LAST_2001,18,REMOVE (Emeritus / Retired),1,https://sc.edu/study/colleges_schools/engineering_and_computing/faculty-staff/yu_lingyu.php
1063,Austin Downey,University of South Carolina,Mech/Aero,A5014210633,Emeritus,FLAG_EMERITUS,LAST_1990,149,REMOVE (Emeritus / Retired),1,https://sc.edu/study/colleges_schools/engineering_and_computing/faculty-staff/austin_downey.php
1064,Ahmad Vasel-Be-Hagh,University of South Florida,Mech,A5069804863,Emeritus,FLAG_EMERITUS,LAST_2011,31,REMOVE (Emeritus / Retired),1,https://www.usf.edu/engineering/mae/people/index.aspx
1065,Sonya Tiomkin,University of South Florida,Mech,A5030864507,Emeritus,FLAG_EMERITUS,LAST_2011,5,REMOVE (Emeritus / Retired),1,https://www.usf.edu/engineering/mae/people/index.aspx
1066,Anshuman Pandey,University of South Florida,Mech,A5137449393,Emeritus,FLAG_EMERITUS,LAST_2025,1,REMOVE (Emeritus / Retired),1,https://www.usf.edu/engineering/mae/people/index.aspx
1067,Zachary Ayers,University of South Florida,Mech,NOT_FOUND (CANDIDATES_FOUND_NO_AFFIL_MATCH),Emeritus,FLAG_EMERITUS,NO_OA_ID,0,REMOVE (Emeritus / Retired),1,https://www.usf.edu/engineering/mae/people/index.aspx
1068,Jeongwon Kim,University of South Florida,Mech,A5037208655,Emeritus,FLAG_EMERITUS,LAST_2020,10,REMOVE (Emeritus / Retired),1,https://www.usf.edu/engineering/mae/people/index.aspx
325,Mohammad Farazmand,North Carolina State University,Math,A5000952198,Emeritus,FLAG_EMERITUS,LAST_2009,40,REMOVE (Emeritus / Retired),3,https://math.sciences.ncsu.edu/people/mmfarazm/
326,Semyon Tsynkov,North Carolina State University,Math,A5064610183,Emeritus,FLAG_EMERITUS,LAST_1995,26,REMOVE (Emeritus / Retired),3,https://math.sciences.ncsu.edu/people/stsynkov/
327,Zhilin Li,North Carolina State University,Math,A5077703661,Emeritus,FLAG_EMERITUS,LAST_1988,165,REMOVE (Emeritus / Retired),3,https://math.sciences.ncsu.edu/people/zhilin/
328,Hien Tran,North Carolina State University,Math,NOT_FOUND (CANDIDATES_FOUND_NO_AFFIL_MATCH),Emeritus,FLAG_EMERITUS,NO_OA_ID,0,REMOVE (Emeritus / Retired),3,https://math.sciences.ncsu.edu/people/tran/
329,Lorena Bociu,North Carolina State University,Math,A5077761935,Emeritus,FLAG_EMERITUS,LAST_2008,18,REMOVE (Emeritus / Retired),3,https://math.sciences.ncsu.edu/people/lvbociu/
330,Yeonjong Shin,North Carolina State University,Math,A5023632213,Emeritus,FLAG_EMERITUS,LAST_2001,29,REMOVE (Emeritus / Retired),3,https://math.sciences.ncsu.edu/people/yshin8/
1069,Wenbin Mao,University of South Florida,Mech,A5021749995,Emeritus,FLAG_EMERITUS,LAST_1986,16,REMOVE (Emeritus / Retired),1,https://www.usf.edu/engineering/mae/people/index.aspx
1070,David Murphy,University of South Florida,Mech,A5044560051,Emeritus,FLAG_EMERITUS,LAST_1958,105,REMOVE (Emeritus / Retired),1,https://www.usf.edu/engineering/mae/people/index.aspx
1071,Andrea D'Ambrosio,University of South Florida,Mech,A5128427065,Emeritus,FLAG_EMERITUS,LAST_2026,1,REMOVE (Emeritus / Retired),1,https://www.usf.edu/engineering/mae/people/index.aspx
334,Ghodrat Karami,North Dakota State University,Math,A5006814696,Assistant Professor,ACTIVE_ASSISTANT_PROF,LAST_1986,9,KEEP (Active Professor),1,https://www.ndsu.edu/mechanical-engineering/people
1072,Tansel Yucelen,University of South Florida,Mech,A5004807234,Emeritus,FLAG_EMERITUS,LAST_2006,85,REMOVE (Emeritus / Retired),1,https://www.usf.edu/engineering/mae/people/index.aspx
1079,Eva Kanso,University of Southern California,Mech/Aero,A5033815477,Lecturer,FLAG_LECTURER,LAST_2003,59,REMOVE (Adjunct / Lecturer),1,https://viterbi.usc.edu/directory/faculty/Kanso/Eva
1081,Fokion N. Egolfopoulos,University of Southern California,Mech/Aero,A5081584853,Lecturer,FLAG_LECTURER,LAST_1985,16,REMOVE (Adjunct / Lecturer),1,https://viterbi.usc.edu/directory/faculty/Egolfopoulos/Fokion
1083,Julian A. Domaradzki,University of Southern California,Mech/Aero,A5056016778,Emeritus,FLAG_EMERITUS,LAST_1975,6,REMOVE (Emeritus / Retired),3,https://viterbi.usc.edu/directory/faculty/Domaradzki/Julian
1095,Phillip Kreth,University of Tennessee Space Institute / UTK,Mech/Aero,NOT_FOUND (CANDIDATES_FOUND_NO_AFFIL_MATCH),Emeritus,FLAG_EMERITUS,NO_OA_ID,0,REMOVE (Emeritus / Retired),1,https://tickle.utk.edu/mae/faculty/phillip-kreth/
1096,Mark Gragston,University of Tennessee Space Institute / UTK,Mech/Aero,A5006834173,Emeritus,FLAG_EMERITUS,LAST_2016,72,REMOVE (Emeritus / Retired),1,https://tickle.utk.edu/mae/faculty/mark-gragston/
1097,Esteban Cisneros-Garibay,University of Tennessee Space Institute / UTK,Mech/Aero,NOT_FOUND (CANDIDATES_FOUND_NO_AFFIL_MATCH),Emeritus,FLAG_EMERITUS,NO_OA_ID,0,REMOVE (Emeritus / Retired),1,https://tickle.utk.edu/mae/faculty/esteban-cisneros-garibay/
1100,Kivanc Ekici,University of Tennessee-Knoxville,Mech/Aero,A5049854190,Emeritus,FLAG_EMERITUS,LAST_1998,12,REMOVE (Emeritus / Retired),1,https://tickle.utk.edu/mae/faculty/kivanc-ekici/
343,Dongbin Xiu,Ohio State University-Main Campus,Math,A5030218917,Professor,ACTIVE_PROFESSOR,LAST_1998,52,KEEP (Active Professor),1,https://math.osu.edu/people/xiu.16
1101,Damiano Baccarella,University of Tennessee-Knoxville,Mech/Aero,A5061111238,Emeritus,FLAG_EMERITUS,LAST_2008,28,REMOVE (Emeritus / Retired),1,https://tickle.utk.edu/mae/faculty/damiano-baccarella/
1102,Omer San,University of Tennessee-Knoxville,Mech/Aero,A5085671233,Emeritus,FLAG_EMERITUS,LAST_2005,89,REMOVE (Emeritus / Retired),1,https://tickle.utk.edu/mae/faculty/omer-san/
1104,Andrew K. Dickerson,University of Tennessee-Knoxville,Mech/Aero,A5038488927,Emeritus,FLAG_EMERITUS,LAST_2010,38,REMOVE (Emeritus / Retired),1,https://tickle.utk.edu/mae/faculty/andrew-dickerson/
1105,Zhili Zhang,University of Tennessee-Knoxville,Mech/Aero,NOT_FOUND (CANDIDATES_FOUND_NO_AFFIL_MATCH),Emeritus,FLAG_EMERITUS,NO_OA_ID,0,REMOVE (Emeritus / Retired),1,https://tickle.utk.edu/mae/faculty/zhili-zhang/
1107,Peng Zhao,University of Tennessee-Knoxville / UT Space Institute,Mech/Aero,A5057131883,Emeritus,FLAG_EMERITUS,LAST_1996,92,REMOVE (Emeritus / Retired),1,https://tickle.utk.edu/mae/faculty/peng-zhao/
349,Qiliang Wu,Ohio University,Math,A5052937382,Assistant Professor,ACTIVE_ASSISTANT_PROF,LAST_2003,47,KEEP (Active Professor),1,https://www.ohio.edu/cas/math/about/contact/faculty-directory
1108,Frank K. Lu,University of Texas at Arlington,Mech/Aero,A5077491391,Lecturer,FLAG_LECTURER,LAST_1983,23,REMOVE (Adjunct / Lecturer),1,https://www.uta.edu/academics/faculty/profile?user=franklu
1110,Kamesh Subbarao,University of Texas at Arlington,Mech/Aero,A5057626643,Lecturer,FLAG_LECTURER,LAST_1973,53,REMOVE (Adjunct / Lecturer),1,https://www.uta.edu/academics/faculty/profile?user=subbarao
1111,Animesh Chakravarthy,University of Texas at Arlington,Mech/Aero,A5080258275,Lecturer,FLAG_LECTURER,LAST_1993,38,REMOVE (Adjunct / Lecturer),1,https://www.uta.edu/academics/faculty/profile?user=animesh.chakravarthy
1112,Bernd Chudoba,University of Texas at Arlington,Mech/Aero,A5058534544,Lecturer,FLAG_LECTURER,LAST_2003,25,REMOVE (Adjunct / Lecturer),1,https://www.uta.edu/academics/faculty/profile?user=chudoba
1113,Shiyao Lin,University of Texas at Arlington,Mech/Aero,A5108829083,Lecturer,FLAG_LECTURER,LAST_2018,28,REMOVE (Adjunct / Lecturer),1,https://www.uta.edu/academics/faculty/profile?user=shiyao.lin
1152,Marc Calaf,University of Utah,Mech,A5054861034,Lecturer,FLAG_LECTURER,LAST_2009,58,REMOVE (Adjunct / Lecturer),1,https://www.mech.utah.edu/directory/faculty/marc-calaf/
1166,Robert Breidenthal,University of Washington-Seattle,Aero,A5055469469,Adjunct,FLAG_ADJUNCT,LAST_1979,7,REMOVE (Adjunct / Lecturer),1,https://www.aa.washington.edu/facultyfinder/robert-breidenthal
1169,Justin Little,University of Washington-Seattle,Aero,NOT_FOUND (CANDIDATES_FOUND_NO_AFFIL_MATCH),Lecturer,FLAG_LECTURER,NO_OA_ID,0,REMOVE (Adjunct / Lecturer),1,https://www.aa.washington.edu/facultyfinder/justin-little
358,Xu Zhang,Oklahoma State University,Math,NOT_FOUND (CANDIDATES_FOUND_NO_AFFIL_MATCH),Timeout,WEB_TIMEOUT,NO_OA_ID,0,REVIEW (Inactive: 0 papers since 2022),2,https://math.okstate.edu/people/faculty/
1170,Dana Dabiri,University of Washington-Seattle,Aero,A5061729533,Adjunct,FLAG_ADJUNCT,LAST_1987,8,REMOVE (Adjunct / Lecturer),1,https://www.aa.washington.edu/facultyfinder/dana-dabiri
1176,Krithika Manohar,University of Washington-Seattle,Mech,A5060988111,Lecturer,FLAG_LECTURER,LAST_2012,26,REMOVE (Adjunct / Lecturer),1,https://www.me.washington.edu/facultyfinder/krithika-manohar
1180,Michael D. Graham,University of Wisconsin-Madison,Mech,A5023202198,Lecturer,FLAG_LECTURER,LAST_1917,76,REMOVE (Adjunct / Lecturer),1,https://engineering.wisc.edu/directory/profile/mike-graham/
362,Malgorzata Peszynska,Oregon State University,Math,A5068516473,None,HTTP_404,LAST_1995,17,KEEP (Active Professor),1,https://math.oregonstate.edu/people/malgorzata-peszynska
363,Nathan Gibson,Oregon State University,Math,A5103104412,None,HTTP_404,LAST_1986,5,KEEP (Active Professor),1,https://math.oregonstate.edu/people/nathan-gibson
364,Vrushali A. Bokil,Oregon State University,Math,A5018487878,None,HTTP_404,LAST_2003,4,KEEP (Active Professor),1,https://math.oregonstate.edu/people/vrushali-bokil
1183,Mario F. Trujillo,University of Wisconsin-Madison,Mech,A5018648551,Lecturer,FLAG_LECTURER,LAST_1990,12,REMOVE (Adjunct / Lecturer),1,https://engineering.wisc.edu/directory/profile/mario-trujillo/
1190,Fabian Waleffe,University of Wisconsin-Madison,Mech/Math,A5005436745,Lecturer,FLAG_LECTURER,LAST_1989,4,REMOVE (Adjunct / Lecturer),1,https://www.math.wisc.edu/staff/waleffe-fabian/
1209,Christopher J. Roy,Virginia Tech,Aero,A5015860555,Lecturer,FLAG_LECTURER,LAST_1969,55,REMOVE (Adjunct / Lecturer),1,https://www.aoe.vt.edu/people/faculty/roy.html
1210,William Devenport,Virginia Tech,Aero,A5035033537,Lecturer,FLAG_LECTURER,LAST_1985,93,REMOVE (Adjunct / Lecturer),1,https://www.aoe.vt.edu/people/faculty/devenport.html
1214,Pradeep Raj,Virginia Tech,Aero,NOT_FOUND (CANDIDATES_FOUND_NO_AFFIL_MATCH),Emeritus,FLAG_EMERITUS,NO_OA_ID,0,REMOVE (Emeritus / Retired),1,https://www.aoe.vt.edu/people/faculty/raj.html
1215,Danesh Tafti,Virginia Tech,Mech,A5044512850,Emeritus,FLAG_EMERITUS,LAST_1988,35,REMOVE (Emeritus / Retired),1,https://me.vt.edu/people/faculty/tafti-danesh.html
1216,Mark A. Stremler,Virginia Tech,Mech,A5001772332,Emeritus,FLAG_EMERITUS,LAST_1994,7,REMOVE (Emeritus / Retired),1,https://me.vt.edu/people/faculty/stremler-mark.html
1219,Konstantin Matveev,Washington State University,Mech,A5007425874,Emeritus,FLAG_EMERITUS,LAST_1957,55,REMOVE (Emeritus / Retired),1,https://mme.wsu.edu/mme-personnel/wsu-profile/matveev/
1220,Jin Liu,Washington State University,Mech,A5108047622,Emeritus,FLAG_EMERITUS,LAST_1990,342,REMOVE (Emeritus / Retired),1,https://mme.wsu.edu/mme-personnel/wsu-profile/jin.liu2/
374,Anna Mazzucato,Pennsylvania State University-Main Campus,Math,A5034250050,Lecturer,FLAG_LECTURER,LAST_2002,23,REMOVE (Adjunct / Lecturer),3,https://science.psu.edu/math/people/alm24
375,John Harlim,Pennsylvania State University-Main Campus,Math,A5112564733,None,HTTP_404,LAST_2005,33,KEEP (Active Professor),1,https://science.psu.edu/math/people/jxh1008
1221,Prashanta Dutta,Washington State University,Mech,A5085000036,Emeritus,FLAG_EMERITUS,LAST_1977,53,REMOVE (Emeritus / Retired),1,https://mme.wsu.edu/mme-personnel/wsu-profile/dutta/
1241,V'yacheslav Akkerman,West Virginia University,Mech/Aero,A5048179550,Emeritus,FLAG_EMERITUS,LAST_2003,19,REMOVE (Emeritus / Retired),1,https://directory.statler.wvu.edu/mechanical-materials-and-aerospace-engineering-directory
1242,Jason N. Gross,West Virginia University,Mech/Aero,A5015236603,Emeritus,FLAG_EMERITUS,LAST_2004,43,REMOVE (Emeritus / Retired),1,https://directory.statler.wvu.edu/mechanical-materials-and-aerospace-engineering-directory
1243,Yu Gu,West Virginia University,Mech/Aero,NOT_FOUND (CANDIDATES_FOUND_NO_AFFIL_MATCH),Emeritus,FLAG_EMERITUS,NO_OA_ID,0,REMOVE (Emeritus / Retired),1,https://directory.statler.wvu.edu/mechanical-materials-and-aerospace-engineering-directory
1244,Hailin Li,West Virginia University,Mech/Aero,A5065859286,Emeritus,FLAG_EMERITUS,LAST_1982,6719,REMOVE (Emeritus / Retired),1,https://directory.statler.wvu.edu/mechanical-materials-and-aerospace-engineering-directory
1245,Piyush M. Mehta,West Virginia University,Mech/Aero,A5069356140,Emeritus,FLAG_EMERITUS,LAST_1994,113,REMOVE (Emeritus / Retired),1,https://directory.statler.wvu.edu/mechanical-materials-and-aerospace-engineering-directory
1246,Mario Perhinschi,West Virginia University,Mech/Aero,A5112635295,Emeritus,FLAG_EMERITUS,LAST_1995,26,REMOVE (Emeritus / Retired),1,https://directory.statler.wvu.edu/mechanical-materials-and-aerospace-engineering-directory
1247,Hang Woon Lee,West Virginia University,Mech/Aero,A5091265465,Emeritus,FLAG_EMERITUS,LAST_2017,39,REMOVE (Emeritus / Retired),1,https://directory.statler.wvu.edu/mechanical-materials-and-aerospace-engineering-directory
12,James B. Michael,Auburn University,Aero,NOT_FOUND (CANDIDATES_FOUND_NO_AFFIL_MATCH),None,HTTP_404,NO_OA_ID,0,REVIEW (Inactive: 0 papers since 2022),1,https://eng.auburn.edu/directory/jmichael
27,Raymond Nagem,Boston University,Mech,A5020228355,None,HTTP_404,LAST_1987,0,REVIEW (Inactive: 0 papers since 2022),1,https://www.bu.edu/eng/profile/raymond-nagem-phd/
120,Christopher Douglas,Duke University,Mech/Math,NOT_FOUND (CANDIDATES_FOUND_NO_AFFIL_MATCH),Timeout,WEB_TIMEOUT,NO_OA_ID,0,REVIEW (Inactive: 0 papers since 2022),1,https://mems.duke.edu/people/christopher-douglas/
387,Peter Constantin,Princeton University,Math,A5037968657,None,HTTP_404,LAST_1981,19,KEEP (Active Professor),1,https://www.pacm.princeton.edu/directory/peter-constantin
388,Amit Singer,Princeton University,Math,A5062844820,None,HTTP_404,LAST_1989,42,KEEP (Active Professor),1,https://www.pacm.princeton.edu/directory/amit-singer
389,Jeroen Tromp,Princeton University,Math,A5034672570,None,HTTP_404,LAST_1989,33,KEEP (Active Professor),1,https://www.pacm.princeton.edu/directory/jeroen-tromp
131,William Engblom,Embry-Riddle Aeronautical University,Aero,A5097037524,No clear rank detected,UNCERTAIN_WEB,LAST_2009,0,REVIEW (Inactive: 0 papers since 2022),1,https://erau.edu/faculty/william-engblom
134,Lance Traub,Embry-Riddle Aeronautical University,Aero,NOT_FOUND (CANDIDATES_FOUND_NO_AFFIL_MATCH),No clear rank detected,UNCERTAIN_WEB,NO_OA_ID,0,REVIEW (Inactive: 0 papers since 2022),1,https://erau.edu/faculty/lance-traub
136,Richard Prazenica,Embry-Riddle Aeronautical University,Aero,NOT_FOUND (CANDIDATES_FOUND_NO_AFFIL_MATCH),No clear rank detected,UNCERTAIN_WEB,NO_OA_ID,0,REVIEW (Inactive: 0 papers since 2022),1,https://erau.edu/faculty/richard-prazenica
170,Leigh McCue-Weil,George Mason University,Mech,A5054085641,None,HTTP_307,OA_TIMEOUT,0,REVIEW (Inactive: 0 papers since 2022),1,https://mechanical.gmu.edu/people/faculty
171,Jeffrey L. Moran,George Mason University,Mech,A5055942456,None,HTTP_307,OA_TIMEOUT,0,REVIEW (Inactive: 0 papers since 2022),1,https://mechanical.gmu.edu/people/faculty
172,Pouya Rezai,George Mason University,Mech,A5012797210,None,HTTP_307,OA_TIMEOUT,0,REVIEW (Inactive: 0 papers since 2022),1,https://mechanical.gmu.edu/people/faculty
188,Peng Wei,George Washington University,Mech/Aero,NOT_FOUND (CANDIDATES_FOUND_NO_AFFIL_MATCH),None,HTTP_403,NO_OA_ID,0,REVIEW (Inactive: 0 papers since 2022),1,https://mae.engineering.gwu.edu/faculty-directory
208,Dietmar Rempfer,Illinois Institute of Technology,Mech/Aero,A5029750366,None,HTTP_404,LAST_1977,0,REVIEW (Inactive: 0 papers since 2022),1,https://www.iit.edu/directory/people/dietmar-rempfer
323,Pramod Subbareddy,North Carolina State University,Mech/Aero,NOT_FOUND (CANDIDATES_FOUND_NO_AFFIL_MATCH),None,HTTP_404,NO_OA_ID,0,REVIEW (Inactive: 0 papers since 2022),1,https://mae.ncsu.edu/people/psubbar/
357,Wei Zhao,Oklahoma State University,Mech/Aero,NOT_FOUND (CANDIDATES_FOUND_NO_AFFIL_MATCH),None,HTTP_403,NO_OA_ID,0,REVIEW (Inactive: 0 papers since 2022),1,https://ceat.okstate.edu/mae/faculty-staff
396,Kyle A. Hanquist,Purdue University,Aero,NOT_FOUND (NOT_FOUND_BY_NAME),None,HTTP_500,NO_OA_ID,0,REVIEW (Inactive: 0 papers since 2022),1,https://engineering.purdue.edu/AAE/people/Faculty/ptProfile?resource_id=227362
401,Li Qiao,Purdue University,Aero,NOT_FOUND (CANDIDATES_FOUND_NO_AFFIL_MATCH),None,HTTP_500,NO_OA_ID,0,REVIEW (Inactive: 0 papers since 2022),1,https://engineering.purdue.edu/AAE/people/Faculty/ptProfile?resource_id=38830
634,Ralph C. Aldredge,University of California-Davis,Mech/Aero,NOT_FOUND (CANDIDATES_FOUND_NO_AFFIL_MATCH),None,HTTP_403,NO_OA_ID,0,REVIEW (Inactive: 0 papers since 2022),1,https://mae.ucdavis.edu/directory/ralph-aldredge
635,Jeanette Cobian-Iñiguez,University of California-Davis,Mech/Aero,NOT_FOUND (CANDIDATES_FOUND_NO_AFFIL_MATCH),None,HTTP_403,NO_OA_ID,0,REVIEW (Inactive: 0 papers since 2022),1,https://mae.ucdavis.edu/people/jeanette-cobian-iniguez
768,Dilmurat Azimov,University of Hawaii at Manoa,Mech,A5078687178,No clear rank detected,UNCERTAIN_WEB,OA_TIMEOUT,0,REVIEW (Inactive: 0 papers since 2022),1,https://me.hawaii.edu/people/faculty/
769,Yi Y. Zuo,University of Hawaii at Manoa,Mech,A5008318872,No clear rank detected,UNCERTAIN_WEB,OA_TIMEOUT,0,REVIEW (Inactive: 0 papers since 2022),1,https://me.hawaii.edu/people/faculty/
843,Emmanuel Collins,University of Louisville,Mech,NOT_FOUND (CANDIDATES_FOUND_NO_AFFIL_MATCH),None,HTTP_403,NO_OA_ID,0,REVIEW (Inactive: 0 papers since 2022),1,https://engineering.louisville.edu/faculty/emmanuel-collins/
892,Venkat Raman,University of Michigan-Ann Arbor,Aero,NOT_FOUND (CANDIDATES_FOUND_NO_AFFIL_MATCH),None,HTTP_403,NO_OA_ID,0,REVIEW (Inactive: 0 papers since 2022),1,https://aero.engin.umich.edu/people/raman-venkat/
408,Hector Gomez,Purdue University,Math,A5050535603,None,HTTP_500,LAST_2000,107,KEEP (Active Professor),1,https://engineering.purdue.edu/ME/People/ptProfile?id=138475
895,Alex Gorodetsky,University of Michigan-Ann Arbor,Aero,NOT_FOUND (CANDIDATES_FOUND_NO_AFFIL_MATCH),None,HTTP_403,NO_OA_ID,0,REVIEW (Inactive: 0 papers since 2022),1,https://aero.engin.umich.edu/people/gorodetsky-alex/
410,Xiangxiong Zhang,Purdue University,Math,A5061066295,None,HTTP_404,LAST_2010,54,KEEP (Active Professor),1,https://www.math.purdue.edu/people/bio/zhang24
896,Benjamin A. Jorns,University of Michigan-Ann Arbor,Aero,NOT_FOUND (CANDIDATES_FOUND_NO_AFFIL_MATCH),None,HTTP_403,NO_OA_ID,0,REVIEW (Inactive: 0 papers since 2022),1,https://aero.engin.umich.edu/people/jorns-benjamin/
940,Yi-Tung Chen,"University of Nevada, Las Vegas",Mech,NOT_FOUND (CANDIDATES_FOUND_NO_AFFIL_MATCH),None,HTTP_404,NO_OA_ID,0,REVIEW (Inactive: 0 papers since 2022),1,https://www.unlv.edu/people/yi-tung-chen
957,Diane Foster,University of New Hampshire,Aero/Math,NOT_FOUND (CANDIDATES_FOUND_NO_AFFIL_MATCH),Timeout,WEB_TIMEOUT,NO_OA_ID,0,REVIEW (Inactive: 0 papers since 2022),1,https://marine.unh.edu/person/diane-foster
975,Brian L. White,University of North Carolina at Chapel Hill,Aero/Math,NOT_FOUND (CANDIDATES_FOUND_NO_AFFIL_MATCH),None,HTTP_403,NO_OA_ID,0,REVIEW (Inactive: 0 papers since 2022),1,https://math.unc.edu/people/brian-white/
415,Onkar Sahni,Rensselaer Polytechnic Institute,Math,A5047734191,Professor,ACTIVE_PROFESSOR,LAST_2004,29,KEEP (Active Professor),1,https://faculty.rpi.edu/onkar-sahni
1106,John Schmisseur,University of Tennessee-Knoxville / UT Space Institute,Mech/Aero,NOT_FOUND (CANDIDATES_FOUND_NO_AFFIL_MATCH),None,HTTP_404,NO_OA_ID,0,REVIEW (Inactive: 0 papers since 2022),1,https://tickle.utk.edu/mae/faculty/john-schmisseur/
1212,Colin Adams,Virginia Tech,Aero,NOT_FOUND (CANDIDATES_FOUND_NO_AFFIL_MATCH),None,HTTP_404,NO_OA_ID,0,REVIEW (Inactive: 0 papers since 2022),1,https://www.aoe.vt.edu/people/faculty/adams.html
418,Mark S. Shephard,Rensselaer Polytechnic Institute,Math,A5080270359,Professor,ACTIVE_PROFESSOR,LAST_1978,33,KEEP (Active Professor),1,https://faculty.rpi.edu/mark-shephard
419,William D. Henshaw,Rensselaer Polytechnic Institute,Math,A5111584732,Professor,ACTIVE_PROFESSOR,LAST_1887,19,KEEP (Active Professor),1,https://faculty.rpi.edu/william-henshaw
420,Jeffrey W. Banks,Rensselaer Polytechnic Institute,Math,A5006563491,Professor,ACTIVE_PROFESSOR,LAST_1977,27,KEEP (Active Professor),1,https://faculty.rpi.edu/jeffrey-banks
421,Fengyan Li,Rensselaer Polytechnic Institute,Math,A5101926587,Assistant Professor,ACTIVE_ASSISTANT_PROF,LAST_2000,15,KEEP (Active Professor),1,https://faculty.rpi.edu/fengyan-li
422,Chjan Lim,Rensselaer Polytechnic Institute,Math,A5077796426,Professor,ACTIVE_PROFESSOR,LAST_1986,2,KEEP (Active Professor),1,https://faculty.rpi.edu/chjan-lim
423,Yuri V. Lvov,Rensselaer Polytechnic Institute,Math,A5044074311,Professor,ACTIVE_PROFESSOR,LAST_1993,23,KEEP (Active Professor),1,https://faculty.rpi.edu/yuri-lvov
1,Marcus Herrmann,Arizona State University,Mech,A5009928604,Professor,ACTIVE_PROFESSOR,LAST_1996,11,KEEP (Active Professor),1,https://search.asu.edu/profile/1096980
425,Beatrice Riviere,Rice University,Math,A5046673531,None,HTTP_406,LAST_1989,39,KEEP (Active Professor),1,https://profiles.rice.edu/faculty/beatrice-riviere
2,Kiran Ramesh,Arizona State University,Mech,A5067959099,Associate Professor,ACTIVE_ASSOCIATE_PROF,LAST_1984,18,KEEP (Active Professor),1,https://search.asu.edu/profile/1348363
3,Kyle Squires,Arizona State University,Mech,A5014517076,None,HTTP_404,LAST_1987,6,KEEP (Active Professor),1,https://search.asu.edu/profile/25920
428,Thomas G. Anderson,Rice University,Math,A5090322046,None,HTTP_406,LAST_1976,12,KEEP (Active Professor),1,https://profiles.rice.edu/faculty/thomas-g-anderson
6,Houlong Zhuang,Arizona State University,Mech,A5061932900,None,HTTP_404,LAST_2006,31,KEEP (Active Professor),1,https://search.asu.edu/profile/2916960
9,Brian Thurow,Auburn University,Aero,A5045194119,Associate Professor,ACTIVE_ASSOCIATE_PROF,LAST_2000,31,KEEP (Active Professor),1,https://eng.auburn.edu/directory/thurobs
10,Joe Majdalani,Auburn University,Aero,A5110196700,Professor,ACTIVE_PROFESSOR,LAST_2008,0,KEEP (Active Professor),1,https://eng.auburn.edu/directory/jzm0052
11,Roy Hartfield,Auburn University,Aero,A5064732436,Professor,ACTIVE_PROFESSOR,LAST_1989,42,KEEP (Active Professor),1,https://eng.auburn.edu/directory/hartfrj
13,Nek Sharan,Auburn University,Aero,A5083776721,Assistant Professor,ACTIVE_ASSISTANT_PROF,LAST_2013,14,KEEP (Active Professor),1,https://eng.auburn.edu/directory/nzs0089
14,David E Scarborough,Auburn University,Aero,A5070852181,Associate Professor,ACTIVE_ASSOCIATE_PROF,LAST_1970,19,KEEP (Active Professor),1,https://eng.auburn.edu/directory/des0018
15,Imon Chakraborty,Auburn University,Aero,A5037732444,None,HTTP_404,LAST_2011,63,KEEP (Active Professor),1,https://eng.auburn.edu/directory/imonchakraborty
16,Davide Guzzetti,Auburn University,Aero,A5067499279,None,HTTP_404,LAST_2011,23,KEEP (Active Professor),1,https://eng.auburn.edu/directory/guzzetti
17,Ehsan Taheri,Auburn University,Aero,A5014636068,None,HTTP_404,LAST_2009,57,KEEP (Active Professor),1,https://eng.auburn.edu/directory/etaheri
18,Jay Khodadadi,Auburn University,Mech,NOT_FOUND (CANDIDATES_FOUND_NO_AFFIL_MATCH),Professor,ACTIVE_PROFESSOR,NO_OA_ID,0,KEEP (Active Professor),1,https://eng.auburn.edu/directory/khodajm
19,Paul R. Chiarot,Binghamton University,Mech,A5047035979,Professor,ACTIVE_PROFESSOR,LAST_1988,25,KEEP (Active Professor),1,https://www.binghamton.edu/apps/directory/person/profile/pchiarot
20,Jifu Tan,Binghamton University,Mech,A5091228489,No clear rank detected,UNCERTAIN_WEB,LAST_2010,23,KEEP (Active Professor),1,https://www.binghamton.edu/apps/directory/person/profile/jtan
441,Michael Vogelius,Rutgers University-New Brunswick,Math,A5005011894,Emeritus,FLAG_EMERITUS,LAST_1981,15,REMOVE (Emeritus / Retired),3,https://math.rutgers.edu/people/department-directory/detail/344-department-directory/1822-vogelius-michael
21,Cosan Daskiran,Binghamton University,Mech,A5052993927,Assistant Professor,ACTIVE_ASSISTANT_PROF,LAST_2015,15,KEEP (Active Professor),1,https://www.binghamton.edu/mechanical-engineering/people/profile.html?id=cdaskiran
22,Sheryl Grace,Boston University,Mech,A5035905556,Associate Professor,ACTIVE_ASSOCIATE_PROF,LAST_1997,24,KEEP (Active Professor),1,https://www.bu.edu/eng/profile/sheryl-grace-ph-d/
23,James C. Bird,Boston University,Mech,A5030818407,None,HTTP_404,LAST_1830,15,KEEP (Active Professor),1,https://www.bu.edu/eng/profile/james-c-bird-phd/
24,Douglas P. Holmes,Boston University,Mech,A5032824164,None,HTTP_404,LAST_1959,14,KEEP (Active Professor),1,https://www.bu.edu/eng/profile/douglas-holmes-phd/
28,Sean B. Andersson,Boston University,Mech,A5081816980,None,HTTP_404,LAST_1981,45,KEEP (Active Professor),1,https://www.bu.edu/eng/profile/sean-andersson-phd/
29,Kenneth S. Breuer,Brown University,Mech/Math,A5067000740,Emeritus,FLAG_EMERITUS,LAST_1987,60,REMOVE (Emeritus / Retired),1,https://engineering.brown.edu/people/faculty/faculty-area/fluids-and-thermal-sciences-faculty
30,Daniel M. Harris,Brown University,Mech/Math,A5020186460,Emeritus,FLAG_EMERITUS,LAST_1905,73,REMOVE (Emeritus / Retired),1,https://engineering.brown.edu/people/faculty/faculty-area/fluids-and-thermal-sciences-faculty
31,Mauro Rodriguez Jr.,Brown University,Mech/Math,A5086175635,Emeritus,FLAG_EMERITUS,LAST_2007,24,REMOVE (Emeritus / Retired),1,https://engineering.brown.edu/people/faculty/faculty-area/fluids-and-thermal-sciences-faculty
32,Roberto Zenit,Brown University,Mech/Math,A5019942742,Emeritus,FLAG_EMERITUS,LAST_1992,36,REMOVE (Emeritus / Retired),1,https://engineering.brown.edu/people/faculty/faculty-area/fluids-and-thermal-sciences-faculty
33,Monica Martinez Wilhelmus,Brown University,Mech/Math,A5061343510,Emeritus,FLAG_EMERITUS,LAST_2014,38,REMOVE (Emeritus / Retired),1,https://engineering.brown.edu/people/faculty/faculty-area/fluids-and-thermal-sciences-faculty
34,George Em Karniadakis,Brown University,Mech/Math,A5009658255,Emeritus,FLAG_EMERITUS,LAST_1984,326,REMOVE (Emeritus / Retired),1,https://appliedmath.brown.edu/people/faculty
42,Joanna M. Austin,California Institute of Technology,Aero,A5032218189,Lecturer,FLAG_LECTURER,LAST_1957,26,REMOVE (Adjunct / Lecturer),1,https://aerospace.caltech.edu/people/jmaustin
43,H. Jane Bae,California Institute of Technology,Aero,A5051222488,Lecturer,FLAG_LECTURER,LAST_2014,28,REMOVE (Adjunct / Lecturer),1,https://aerospace.caltech.edu/people/jbae
455,Kedar Kirane,Stony Brook University (SUNY Stony Brook),Math,A5052067147,Emeritus,FLAG_EMERITUS,LAST_2007,31,REMOVE (Emeritus / Retired),3,https://www.stonybrook.edu/mechanical-engineering/people/faculty.html
456,Shikui Chen,Stony Brook University (SUNY Stony Brook),Math,A5079797506,Emeritus,FLAG_EMERITUS,LAST_2002,34,REMOVE (Emeritus / Retired),3,https://www.stonybrook.edu/mechanical-engineering/people/faculty.html
457,Roman Samulyak,Stony Brook University (SUNY Stony Brook),Math,A5059484000,Associate Professor,ACTIVE_ASSOCIATE_PROF,LAST_1970,25,KEEP (Active Professor),1,https://www.stonybrook.edu/ams/research/computational-applied-mathematics.html
458,Xiangmin Jiao,Stony Brook University (SUNY Stony Brook),Math,A5033515755,Associate Professor,ACTIVE_ASSOCIATE_PROF,LAST_1997,19,KEEP (Active Professor),1,https://www.stonybrook.edu/ams/research/computational-applied-mathematics.html
459,Xiaolin Li,Stony Brook University (SUNY Stony Brook),Math,A5058441447,Associate Professor,ACTIVE_ASSOCIATE_PROF,LAST_1977,51,KEEP (Active Professor),1,https://www.stonybrook.edu/ams/research/computational-applied-mathematics.html
44,Guillaume Blanquart,California Institute of Technology,Mech,A5083125334,Lecturer,FLAG_LECTURER,LAST_2004,25,REMOVE (Adjunct / Lecturer),1,https://mce.caltech.edu/people/gblanqu
45,Tim Colonius,California Institute of Technology,Mech/Aero,A5033274288,None,HTTP_404,LAST_1988,76,KEEP (Active Professor),1,https://aerospace.caltech.edu/people/colonius
46,John O. Dabiri,California Institute of Technology,Mech/Aero,A5072842791,Lecturer,FLAG_LECTURER,LAST_2001,44,REMOVE (Adjunct / Lecturer),1,https://aerospace.caltech.edu/people/jodabiri
47,Morteza (Mory) Gharib,California Institute of Technology,Mech/Aero,A5001942781,Lecturer,FLAG_LECTURER,LAST_1979,109,REMOVE (Adjunct / Lecturer),1,https://aerospace.caltech.edu/people/mgharib
49,Adrian Lozano-Duran,California Institute of Technology,Aero,A5133656489,None,HTTP_404,LAST_2026,2,KEEP (Active Professor),1,https://aerospace.caltech.edu/people/adrianld
52,Amir Barati Farimani,Carnegie Mellon University,Mech,A5008745801,Associate Professor,ACTIVE_ASSOCIATE_PROF,LAST_2010,224,KEEP (Active Professor),1,https://www.meche.engineering.cmu.edu/directory/bios/barati-farimani-amir.html
53,Shelley L. Anna,Carnegie Mellon University,Mech,A5063320716,Professor,ACTIVE_PROFESSOR,LAST_1994,2,KEEP (Active Professor),1,https://www.meche.engineering.cmu.edu/directory/bios/anna-shelley.html
467,Teng Zhang,Syracuse University,Math,A5100372485,Emeritus,FLAG_EMERITUS,LAST_2010,58,REMOVE (Emeritus / Retired),3,https://ecs.syracuse.edu/faculty-staff/teng-zhang
54,Gerald J. Wang,Carnegie Mellon University,Mech,A5089348063,Assistant Professor,ACTIVE_ASSISTANT_PROF,LAST_1985,47,KEEP (Active Professor),1,https://www.meche.engineering.cmu.edu/directory/bios/wang-gerald.html
55,Philip LeDuc,Carnegie Mellon University,Mech,A5059723823,Professor,ACTIVE_PROFESSOR,LAST_1967,71,KEEP (Active Professor),1,https://www.meche.engineering.cmu.edu/directory/bios/leduc-philip.html
56,Carmel Majidi,Carnegie Mellon University,Mech,A5050506400,Professor,ACTIVE_PROFESSOR,LAST_2004,134,KEEP (Active Professor),1,https://www.meche.engineering.cmu.edu/directory/bios/majidi-carmel.html
63,Joshua Bostwick,Clemson University,Mech,A5027986800,Professor,ACTIVE_PROFESSOR,LAST_2009,35,KEEP (Active Professor),1,https://www.clemson.edu/cecas/departments/me/people/faculty/bostwick.html
64,"Yi ""Elise"" Guo",Clemson University,Mech,NOT_FOUND (CANDIDATES_FOUND_NO_AFFIL_MATCH),Professor,ACTIVE_PROFESSOR,NO_OA_ID,0,KEEP (Active Professor),1,https://www.clemson.edu/cecas/departments/me/people/faculty/guo.html
473,Ling Liu,Temple University,Math,A5100343991,None,HTTP_404,LAST_1988,149,KEEP (Active Professor),1,https://engineering.temple.edu/about/faculty-staff/ling-liu-tue46452
65,Ethan Kung,Clemson University,Mech,A5083766821,Assistant Professor,ACTIVE_ASSISTANT_PROF,LAST_2006,15,KEEP (Active Professor),1,https://www.clemson.edu/cecas/departments/me/people/faculty/kung.html
475,Benjamin Seibold,Temple University,Math,A5027964433,No clear rank detected,UNCERTAIN_WEB,LAST_1879,38,KEEP (Active Professor),1,https://csm.temple.edu/directory/faculty/benjamin-seibold
476,Isaac Klapper,Temple University,Math,A5000849190,No clear rank detected,UNCERTAIN_WEB,LAST_1986,7,KEEP (Active Professor),1,https://csm.temple.edu/directory/faculty/isaac-klapper
66,Zhen Li,Clemson University,Mech,A5100332581,Professor,ACTIVE_PROFESSOR,LAST_1993,272,KEEP (Active Professor),1,https://www.clemson.edu/cecas/departments/me/people/faculty/li.html
67,Hassan Masoud,Clemson University,Mech,A5032963628,Associate Professor,ACTIVE_ASSOCIATE_PROF,LAST_2008,10,KEEP (Active Professor),1,https://www.clemson.edu/cecas/departments/me/people/faculty/masoud.html
68,Phanindra Tallapragada,Clemson University,Mech,A5079777763,Professor,ACTIVE_PROFESSOR,LAST_2007,49,KEEP (Active Professor),1,https://www.clemson.edu/cecas/departments/me/people/faculty/tallapragada.html
69,Chenning Tong,Clemson University,Mech,A5081158272,Professor,ACTIVE_PROFESSOR,LAST_1991,11,KEEP (Active Professor),1,https://www.clemson.edu/cecas/departments/me/people/faculty/tong.html
70,Yuhao Xu,Clemson University,Mech,A5040629694,Assistant Professor,ACTIVE_ASSISTANT_PROF,LAST_2008,28,KEEP (Active Professor),1,https://www.clemson.edu/cecas/departments/me/people/faculty/xu.html
75,Denis Aslangil,Colorado School of Mines,Mech,A5048996845,Assistant Professor,ACTIVE_ASSISTANT_PROF,LAST_2013,17,KEEP (Active Professor),1,https://mechanical.mines.edu/project/aslangil-denis/
483,Jean-Luc Guermond,Texas A&M University-College Station,Math,A5045250454,Professor,ACTIVE_PROFESSOR,LAST_1986,43,KEEP (Active Professor),1,https://people.tamu.edu/~guermond/
484,Bojan Popov,Texas A&M University-College Station,Math,A5045250454,No clear rank detected,UNCERTAIN_WEB,LAST_1986,43,KEEP (Active Professor),1,https://people.tamu.edu/~popov/
76,Veronica Eliasson,Colorado School of Mines,Mech,A5086260339,None,HTTP_404,LAST_2005,26,KEEP (Active Professor),1,https://mechanical.mines.edu/project/eliasson-veronica/
77,Rajavasanth Rajasegar,Colorado School of Mines,Mech,A5003972071,Assistant Professor,ACTIVE_ASSISTANT_PROF,LAST_2013,27,KEEP (Active Professor),1,https://mechanical.mines.edu/project/rajasegar-rajavasanth/
78,Nils Tilton,Colorado School of Mines,Mech,A5014669702,Associate Professor,ACTIVE_ASSOCIATE_PROF,LAST_2005,17,KEEP (Active Professor),1,https://mechanical.mines.edu/project/tilton-nils/
79,Robert J. Kee,Colorado School of Mines,Mech,A5058494124,None,HTTP_404,LAST_1966,41,KEEP (Active Professor),3,https://mechanical.mines.edu/project/kee-robert/
83,Ciprian Dumitrache,Colorado State University,Mech,A5006804139,Emeritus,FLAG_EMERITUS,LAST_2012,38,REMOVE (Emeritus / Retired),1,https://www.engr.colostate.edu/me/people/
86,Subhas Karan Venayagamoorthy,Colorado State University,Mech,A5060491905,Professor,ACTIVE_PROFESSOR,LAST_2002,19,KEEP (Active Professor),1,https://www.engr.colostate.edu/ce/people/karan-venayagamoorthy/
110,Alexander Fridman,Drexel University,Mech,A5109840842,Professor,ACTIVE_PROFESSOR,LAST_1968,27,KEEP (Active Professor),1,https://drexel.edu/engineering/about/faculty-staff/F/fridman-alexander/
492,S. M. Mallikarjunaiah,Texas A&M University-Corpus Christi,Math,A5064671544,No clear rank detected,UNCERTAIN_WEB,LAST_2015,38,KEEP (Active Professor),1,https://www.tamucc.edu/science/roster.php?program=math
111,Hongseok Moses Noh,Drexel University,Mech,A5110051597,Assistant Professor,ACTIVE_ASSISTANT_PROF,LAST_2002,0,KEEP (Active Professor),1,https://drexel.edu/engineering/about/faculty-staff/N/noh-hongseok/
113,James Tangorra,Drexel University,Mech,A5044455194,Professor,ACTIVE_PROFESSOR,LAST_1991,14,KEEP (Active Professor),1,https://drexel.edu/engineering/about/faculty-staff/T/tangorra-james/
116,Earl H. Dowell,Duke University,Mech/Math,A5041097179,Timeout,WEB_TIMEOUT,LAST_1962,79,KEEP (Active Professor),1,https://mems.duke.edu/people/earl-dowell/
496,Shah Alam,Texas A&M University-Kingsville,Math,NOT_FOUND (CANDIDATES_FOUND_NO_AFFIL_MATCH),Associate Professor,ACTIVE_ASSOCIATE_PROF,NO_OA_ID,0,KEEP (Active Professor),1,https://www.tamuk.edu/engineering/departments/mien/faculty_staff/ShahAlam.html
497,Xue Yang,Texas A&M University-Kingsville,Math,A5101548928,Associate Professor,ACTIVE_ASSOCIATE_PROF,LAST_1997,53,KEEP (Active Professor),1,https://www.tamuk.edu/engineering/departments/mien/faculty_staff/XueYang.html
117,Kenneth C. Hall,Duke University,Mech/Math,A5050653630,Timeout,WEB_TIMEOUT,LAST_1944,7,KEEP (Active Professor),1,https://mems.duke.edu/people/kenneth-hall/
118,Wilkins Aquino,Duke University,Mech/Math,A5067331647,Timeout,WEB_TIMEOUT,LAST_2001,36,KEEP (Active Professor),1,https://mems.duke.edu/people/wilkins-aquino/
119,Lawrie Virgin,Duke University,Mech/Math,A5112324221,Timeout,WEB_TIMEOUT,LAST_2012,1,KEEP (Active Professor),1,https://mems.duke.edu/people/page/3/
121,Bavand Keshavarz,Duke University,Mech/Math,A5020835030,Timeout,WEB_TIMEOUT,LAST_2010,14,KEEP (Active Professor),1,https://mems.duke.edu/impact/research/aero/
123,Michael Zavlanos,Duke University,Mech/Math,A5080808780,Timeout,WEB_TIMEOUT,LAST_2003,56,KEEP (Active Professor),1,https://mems.duke.edu/people/page/2/
129,James W. Gregory,Embry-Riddle Aeronautical University,Aero,NOT_FOUND (CANDIDATES_FOUND_NO_AFFIL_MATCH),Professor,ACTIVE_PROFESSOR,NO_OA_ID,0,KEEP (Active Professor),1,https://erau.edu/faculty/Jim.Gregory
130,Anouck Girard,Embry-Riddle Aeronautical University,Aero,A5074685221,No clear rank detected,UNCERTAIN_WEB,LAST_1972,57,KEEP (Active Professor),1,https://erau.edu/faculty/anouck-girard
132,Andrea Da Ronch,Embry-Riddle Aeronautical University,Aero,A5044501073,No clear rank detected,UNCERTAIN_WEB,LAST_2008,52,KEEP (Active Professor),1,https://erau.edu/faculty/andrea-da-ronch
133,Eric Perrell,Embry-Riddle Aeronautical University,Aero,A5083648165,Professor,ACTIVE_PROFESSOR,LAST_1993,1,KEEP (Active Professor),1,https://erau.edu/faculty/eric.perrell
507,Eugenio Aulisa,Texas Tech University,Math,A5074141344,Professor,ACTIVE_PROFESSOR,LAST_2002,19,KEEP (Active Professor),1,https://www.depts.ttu.edu/math/about/directory/bio/index.php?id=210
508,Victoria E. Howle,Texas Tech University,Math,A5038290728,Professor,ACTIVE_PROFESSOR,LAST_2000,8,KEEP (Active Professor),1,https://www.depts.ttu.edu/math/about/directory/bio/index.php?id=285
509,Wei Guo,Texas Tech University,Math,NOT_FOUND (CANDIDATES_FOUND_NO_AFFIL_MATCH),Assistant Professor,ACTIVE_ASSISTANT_PROF,NO_OA_ID,0,KEEP (Active Professor),1,https://www.depts.ttu.edu/math/about/directory/bio/index.php?id=1551
510,Vu Thai Luan,Texas Tech University,Math,A5137623677,Assistant Professor,ACTIVE_ASSISTANT_PROF,LAST_2026,1,KEEP (Active Professor),1,https://www.depts.ttu.edu/math/about/directory/bio/index.php?id=1803
511,Yifan Wang,Texas Tech University,Math,A5100398535,Assistant Professor,ACTIVE_ASSISTANT_PROF,LAST_2005,303,KEEP (Active Professor),1,https://www.depts.ttu.edu/math/about/directory/bio/index.php?id=1719
135,Hever Moncayo,Embry-Riddle Aeronautical University,Aero,A5092115716,No clear rank detected,UNCERTAIN_WEB,LAST_2023,1,KEEP (Active Professor),1,https://erau.edu/faculty/hever-moncayo
137,Troy Henderson,Embry-Riddle Aeronautical University,Aero,A5136746287,No clear rank detected,UNCERTAIN_WEB,LAST_2026,2,KEEP (Active Professor),1,https://erau.edu/faculty/troy-henderson
138,Chelakara S. Subramanian,Florida Institute of Technology,Aero/Math,A5037372585,Associate Professor,ACTIVE_ASSOCIATE_PROF,LAST_1978,12,KEEP (Active Professor),1,https://www.fit.edu/faculty-profiles/s/subramanian-chelakara/
139,Daniel Kirk,Florida Institute of Technology,Aero/Math,A5108383999,Professor,ACTIVE_PROFESSOR,LAST_1990,5,KEEP (Active Professor),1,https://www.fit.edu/faculty-profiles/k/kirk-daniel/
516,Alexander B. Levin,The Catholic University of America,Math,A5084284634,No clear rank detected,UNCERTAIN_WEB,LAST_1978,8,KEEP (Active Professor),1,https://mathematics.catholic.edu/faculty-and-research/faculty-profiles/index.html
517,Vijay Sookdeo,The Catholic University of America,Math,A5018507687,No clear rank detected,UNCERTAIN_WEB,LAST_2009,0,REVIEW (Inactive: 0 papers since 2022),2,https://mathematics.catholic.edu/faculty-and-research/faculty-profiles/index.html
140,Reza Jahanbakhshi,Florida Institute of Technology,Aero/Math,A5001751137,Assistant Professor,ACTIVE_ASSISTANT_PROF,LAST_2008,3,KEEP (Active Professor),1,https://www.fit.edu/faculty-profiles/j/jahanbakhshi-reza/
141,Kibaek Lee,Florida Institute of Technology,Aero/Math,A5011242044,Assistant Professor,ACTIVE_ASSISTANT_PROF,LAST_2010,28,KEEP (Active Professor),1,https://www.fit.edu/faculty-profiles/l/lee-kibaek/
142,Camilo Riano-Rios,Florida Institute of Technology,Aero/Math,A5087944428,Assistant Professor,ACTIVE_ASSISTANT_PROF,LAST_2019,5,KEEP (Active Professor),1,https://www.fit.edu/faculty-profiles/r/riano-rios-camilo/
521,Jesse Chan,The University of Texas at Austin,Math,A5018693723,Lecturer,FLAG_LECTURER,LAST_2002,87,REMOVE (Adjunct / Lecturer),3,https://ae.utexas.edu/news/welcome-new-ase-em-faculty-for-fall-2025/
143,Madhur Tiwari,Florida Institute of Technology,Aero/Math,A5072433088,Assistant Professor,ACTIVE_ASSISTANT_PROF,LAST_2006,29,KEEP (Active Professor),1,https://www.fit.edu/faculty-profiles/t/tiwari-madhur/
523,Leszek Demkowicz,The University of Texas at Austin,Math,A5082045365,Professor,ACTIVE_PROFESSOR,LAST_1982,46,KEEP (Active Professor),1,https://oden.utexas.edu/people/directory/leszek-demkowicz/
145,Alicia Aron Boymelgreen,Florida International University,Mech,NOT_FOUND (NOT_FOUND_BY_NAME),Assistant Professor,ACTIVE_ASSISTANT_PROF,NO_OA_ID,0,KEEP (Active Professor),1,https://cec.fiu.edu/about/directory/profiles/alicia-aron-boymelgreen.html
146,Tanaji Paul,Florida International University,Mech,A5001680214,Assistant Professor,ACTIVE_ASSISTANT_PROF,LAST_2015,38,KEEP (Active Professor),1,https://cec.fiu.edu/about/directory/profiles/tanaji-paul.html
147,Dwayne McDaniel,Florida International University,Mech,A5071133207,Associate Professor,ACTIVE_ASSOCIATE_PROF,LAST_1958,32,KEEP (Active Professor),1,https://cec.fiu.edu/about/directory/profiles/dwayne-mcdaniel.html
173,Daigo Shishika,George Mason University,Mech,A5057044271,None,HTTP_307,LAST_2014,68,KEEP (Active Professor),1,https://mechanical.gmu.edu/people/faculty
180,Elias Balaras,George Washington University,Mech/Aero,A5057838298,None,HTTP_403,LAST_1992,59,KEEP (Active Professor),1,https://mae.engineering.gwu.edu/faculty-directory
182,Philippe M. Bardet,George Washington University,Mech/Aero,A5022754959,None,HTTP_403,LAST_1990,31,KEEP (Active Professor),1,https://mae.engineering.gwu.edu/faculty-directory
183,Michael Keidar,George Washington University,Mech/Aero,A5042249475,None,HTTP_403,LAST_1994,124,KEEP (Active Professor),1,https://mae.engineering.gwu.edu/faculty-directory
184,Megan C. Leftwich,George Washington University,Mech/Aero,A5003377580,None,HTTP_403,LAST_2002,12,KEEP (Active Professor),1,https://engineering.gwu.edu/megan-leftwich
532,Anil Saigal,Tufts University,Math,A5052446481,Professor,ACTIVE_PROFESSOR,LAST_1983,12,KEEP (Active Professor),1,https://engineering.tufts.edu/me/people/faculty/anil-saigal
185,Matthew J. Rau,George Washington University,Mech/Aero,A5050152409,None,HTTP_403,LAST_1985,15,KEEP (Active Professor),1,https://mae.engineering.gwu.edu/faculty-directory
186,Kausik Sarkar,George Washington University,Mech/Aero,A5034628285,None,HTTP_403,LAST_1992,36,KEEP (Active Professor),1,https://mae.engineering.gwu.edu/faculty-directory
187,Taeyoung Lee,George Washington University,Mech/Aero,A5020132536,None,HTTP_403,LAST_1997,55,KEEP (Active Professor),1,https://mae.engineering.gwu.edu/faculty-directory
536,Lisa J. Fauci,Tulane University,Math,A5028274078,Lecturer,FLAG_LECTURER,LAST_1988,7,REMOVE (Adjunct / Lecturer),3,https://sse.tulane.edu/math/people
537,Ricardo Cortez,Tulane University,Math,A5050545788,Lecturer,FLAG_LECTURER,LAST_1994,23,REMOVE (Adjunct / Lecturer),3,https://sse.tulane.edu/math/people
538,Scott A. McKinley,Tulane University,Math,A5059131872,Lecturer,FLAG_LECTURER,LAST_1996,29,REMOVE (Adjunct / Lecturer),3,https://sse.tulane.edu/math/people
539,Mahir Bilen Can,Tulane University,Math,A5036635471,Lecturer,FLAG_LECTURER,LAST_1996,37,REMOVE (Adjunct / Lecturer),3,https://sse.tulane.edu/math/people
189,Petros Koumoutsakos,Harvard University,Mech/Math,A5075516550,Professor,ACTIVE_PROFESSOR,LAST_1986,75,KEEP (Active Professor),1,https://seas.harvard.edu/person/petros-koumoutsakos
190,Michael P. Brenner,Harvard University,Mech/Math,A5001027226,Professor,ACTIVE_PROFESSOR,LAST_1957,80,KEEP (Active Professor),1,https://seas.harvard.edu/person/michael-brenner
542,Justin R. Minder,University at Albany (SUNY),Math,A5059214025,Professor,ACTIVE_PROFESSOR,LAST_2002,23,KEEP (Active Professor),1,https://www.atmos.albany.edu/facstaff/jminder/
543,Brian H. Tang,University at Albany (SUNY),Math,A5086614628,Professor,ACTIVE_PROFESSOR,LAST_1997,20,KEEP (Active Professor),1,https://www.atmos.albany.edu/facstaff/btang/
544,Kristen Corbosiero,University at Albany (SUNY),Math,A5012920503,No clear rank detected,UNCERTAIN_WEB,LAST_2002,12,KEEP (Active Professor),1,https://www.atmos.albany.edu/facstaff/kristen/
545,Andrea L. Lang,University at Albany (SUNY),Math,A5135420505,None,HTTP_404,LAST_2024,2,KEEP (Active Professor),1,https://www.atmos.albany.edu/facstaff/alang/
191,L. Mahadevan,Harvard University,Mech/Math,A5063432831,Professor,ACTIVE_PROFESSOR,LAST_1987,130,KEEP (Active Professor),1,https://seas.harvard.edu/person/l-mahadevan
192,Robin Wordsworth,Harvard University,Mech/Math,A5008740857,Professor,ACTIVE_PROFESSOR,LAST_2006,64,KEEP (Active Professor),1,https://seas.harvard.edu/person/robin-wordsworth
194,Katia Bertoldi,Harvard University,Mech/Math,A5046326005,Professor,ACTIVE_PROFESSOR,LAST_2003,78,KEEP (Active Professor),1,https://seas.harvard.edu/person/katia-bertoldi
195,Robert J. Wood,Harvard University,Mech/Math,A5068613839,Professor,ACTIVE_PROFESSOR,LAST_1952,75,KEEP (Active Professor),1,https://seas.harvard.edu/person/robert-wood
196,Daniel J. Jacob,Harvard University,Mech/Math,A5011740304,Professor,ACTIVE_PROFESSOR,LAST_1982,166,KEEP (Active Professor),1,https://seas.harvard.edu/person/daniel-jacob
197,Achille Messac,Howard University,Mech,A5061492615,Professor,ACTIVE_PROFESSOR,LAST_1985,3,KEEP (Active Professor),1,https://profiles.howard.edu/achille-messac
200,Louis N. Cattafesta III,Illinois Institute of Technology,Mech/Aero,A5028067429,No clear rank detected,UNCERTAIN_WEB,LAST_1988,37,KEEP (Active Professor),1,https://www.iit.edu/directory/people/louis-cattafesta-iii
201,Kevin W. Cassel,Illinois Institute of Technology,Mech/Aero,A5070252236,Professor,ACTIVE_PROFESSOR,LAST_1970,2,KEEP (Active Professor),1,https://www.iit.edu/directory/people/kevin-cassel
554,Daozhi Han,University at Buffalo (SUNY Buffalo),Math,A5051140499,Lecturer,FLAG_LECTURER,LAST_2004,26,REMOVE (Adjunct / Lecturer),3,https://www.buffalo.edu/cas/math/people/faculty/Daozhi-Han.html
555,Sergey Dyachenko,University at Buffalo (SUNY Buffalo),Math,NOT_FOUND (CANDIDATES_FOUND_NO_AFFIL_MATCH),Lecturer,FLAG_LECTURER,NO_OA_ID,0,REMOVE (Adjunct / Lecturer),3,https://www.buffalo.edu/cas/math/people/faculty/dyachenko.html
202,Scott T. M. Dawson,Illinois Institute of Technology,Mech/Aero,A5088595213,Associate Professor,ACTIVE_ASSOCIATE_PROF,LAST_1971,50,KEEP (Active Professor),1,https://www.iit.edu/directory/people/scott-dawson
203,Douglas W. Carter,Illinois Institute of Technology,Mech/Aero,A5088325181,Assistant Professor,ACTIVE_ASSISTANT_PROF,LAST_1994,9,KEEP (Active Professor),1,https://www.iit.edu/directory/people/douglas-carter
204,Carrie M. Hall,Illinois Institute of Technology,Mech/Aero,A5026464791,Associate Professor,ACTIVE_ASSOCIATE_PROF,LAST_1918,37,KEEP (Active Professor),1,https://www.iit.edu/directory/people/carrie-hall
205,Boris S. Pervan,Illinois Institute of Technology,Mech/Aero,NOT_FOUND (CANDIDATES_FOUND_NO_AFFIL_MATCH),Professor,ACTIVE_PROFESSOR,NO_OA_ID,0,KEEP (Active Professor),1,https://www.iit.edu/directory/people/boris-pervan
206,Matthew Spenko,Illinois Institute of Technology,Mech/Aero,A5135300073,Professor,ACTIVE_PROFESSOR,LAST_2026,1,KEEP (Active Professor),1,https://www.iit.edu/directory/people/matthew-spenko
207,Ankit Srivastava,Illinois Institute of Technology,Mech/Aero,A5049187891,Professor,ACTIVE_PROFESSOR,LAST_2002,17,KEEP (Active Professor),1,https://www.iit.edu/directory/people/ankit-srivastava
209,Hui Hu,Iowa State University,Aero,A5100422502,Professor,ACTIVE_PROFESSOR,LAST_1991,120,KEEP (Active Professor),1,https://www.engineering.iastate.edu/people/profile/huhui/
210,Anupam Sharma,Iowa State University,Aero,A5023997097,Professor,ACTIVE_PROFESSOR,LAST_1997,77,KEEP (Active Professor),1,https://www.engineering.iastate.edu/people/profile/sharma/
211,Partha Sarkar,Iowa State University,Aero,A5100601859,Professor,ACTIVE_PROFESSOR,LAST_1988,18,KEEP (Active Professor),1,https://www.engineering.iastate.edu/people/profile/ppsarkar/
212,Ping He,Iowa State University,Aero,A5047965851,Assistant Professor,ACTIVE_ASSISTANT_PROF,LAST_1990,151,KEEP (Active Professor),1,https://www.engineering.iastate.edu/people/profile/phe/
213,Sidharth G.S.,Iowa State University,Aero,A5078022458,Assistant Professor,ACTIVE_ASSISTANT_PROF,LAST_2014,5,KEEP (Active Professor),1,https://www.engineering.iastate.edu/people/profile/sidgs/
214,Han Gao,Iowa State University,Aero,A5062881243,Assistant Professor,ACTIVE_ASSISTANT_PROF,LAST_2001,47,KEEP (Active Professor),1,https://www.engineering.iastate.edu/people/profile/hgao1/
215,Theodore J. Heindel,Iowa State University,Mech,A5030098582,Professor,ACTIVE_PROFESSOR,LAST_1992,26,KEEP (Active Professor),1,https://www.engineering.iastate.edu/people/profile/theindel/
216,Baskar Ganapathysubramanian,Iowa State University,Mech,A5011704511,Professor,ACTIVE_PROFESSOR,LAST_2004,194,KEEP (Active Professor),1,https://www.engineering.iastate.edu/people/profile/baskarg/
217,Alberto Passalacqua,Iowa State University,Mech,A5055354059,Professor,ACTIVE_PROFESSOR,LAST_2004,25,KEEP (Active Professor),1,https://www.engineering.iastate.edu/people/profile/albertop/
218,Charles Meneveau,Johns Hopkins University,Mech,A5037572274,None,HTTP_403,LAST_1989,44,KEEP (Active Professor),1,https://me.jhu.edu/faculty/charles-meneveau/
219,Joseph Katz,Johns Hopkins University,Mech,A5044925111,None,HTTP_403,LAST_1978,30,KEEP (Active Professor),1,https://me.jhu.edu/faculty/joseph-katz/
220,Rajat Mittal,Johns Hopkins University,Mech,A5068244186,None,HTTP_403,LAST_1984,99,KEEP (Active Professor),1,https://me.jhu.edu/faculty/rajat-mittal/
221,Tamer Zaki,Johns Hopkins University,Mech,A5040500034,None,HTTP_403,LAST_2000,71,KEEP (Active Professor),1,https://me.jhu.edu/faculty/tamer-zaki/
222,Gretar Tryggvason,Johns Hopkins University,Mech,A5075006459,None,HTTP_403,LAST_1970,33,KEEP (Active Professor),1,https://me.jhu.edu/faculty/gretar-tryggvason/
223,Rui Ni,Johns Hopkins University,Mech,A5090831677,None,HTTP_403,LAST_1993,125,KEEP (Active Professor),1,https://me.jhu.edu/faculty/rui-ni/
224,Dennice Gayme,Johns Hopkins University,Mech,A5074209155,None,HTTP_403,LAST_1998,48,KEEP (Active Professor),1,https://me.jhu.edu/faculty/dennice-gayme/
225,Julie Lundquist,Johns Hopkins University,Mech,A5091611341,None,HTTP_403,LAST_1997,108,KEEP (Active Professor),1,https://me.jhu.edu/faculty/julie-lundquist/
226,Kaliat (K.T.) Ramesh,Johns Hopkins University,Mech,A5033981216,None,HTTP_403,LAST_1987,82,KEEP (Active Professor),1,https://me.jhu.edu/faculty/kaliat-k-t-ramesh/
227,Gregory L. Eyink,Johns Hopkins University,Mech/Math,A5052696233,None,HTTP_403,LAST_1988,50,KEEP (Active Professor),1,https://engineering.jhu.edu/ams/faculty/gregory-eyink/
237,Arindam Banerjee,Lehigh University,Mech,A5080657354,Assistant Professor,ACTIVE_ASSISTANT_PROF,LAST_1976,35,KEEP (Active Professor),1,https://engineering.lehigh.edu/meche/faculty
238,Keith W. Moored,Lehigh University,Mech,A5005387643,Assistant Professor,ACTIVE_ASSISTANT_PROF,LAST_2003,21,KEEP (Active Professor),1,https://engineering.lehigh.edu/meche/faculty
239,Alparslan Oztekin,Lehigh University,Mech,A5062609071,Assistant Professor,ACTIVE_ASSISTANT_PROF,LAST_1989,28,KEEP (Active Professor),1,https://engineering.lehigh.edu/meche/faculty
240,Aditya K. Aiyer,Lehigh University,Mech,A5031998252,Assistant Professor,ACTIVE_ASSISTANT_PROF,LAST_2015,15,KEEP (Active Professor),1,https://engineering.lehigh.edu/faculty/aditya-aiyer
241,Ebru Demir,Lehigh University,Mech,A5073254434,Assistant Professor,ACTIVE_ASSISTANT_PROF,LAST_2003,14,KEEP (Active Professor),1,https://engineering.lehigh.edu/meche/faculty
243,Subhrajit Bhattacharya,Lehigh University,Mech,A5101463763,Assistant Professor,ACTIVE_ASSISTANT_PROF,LAST_1982,19,KEEP (Active Professor),1,https://engineering.lehigh.edu/meche/faculty
247,Mark Drela,Massachusetts Institute of Technology,Aero,A5038168295,Assistant Professor,ACTIVE_ASSISTANT_PROF,LAST_1983,12,KEEP (Active Professor),1,https://aeroastro.mit.edu/people/mark-drela/
251,Paulo C. Lozano,Massachusetts Institute of Technology,Aero,A5073378998,Professor,ACTIVE_PROFESSOR,LAST_1973,30,KEEP (Active Professor),1,https://aeroastro.mit.edu/people/paulo-lozano/
589,Moysey Brio,University of Arizona,Math,A5086272427,Professor,ACTIVE_PROFESSOR,LAST_1984,13,KEEP (Active Professor),1,https://www.math.arizona.edu/people/brio
590,Calvin Zhang-Molina,University of Arizona,Math,A5044791018,No clear rank detected,UNCERTAIN_WEB,LAST_2019,0,REVIEW (Inactive: 0 papers since 2022),2,https://www.math.arizona.edu/people/calvinz
591,Nicholas Ercolani,University of Arizona,Math,NOT_FOUND (CANDIDATES_FOUND_NO_AFFIL_MATCH),Emeritus,FLAG_EMERITUS,NO_OA_ID,0,REMOVE (Emeritus / Retired),3,https://www.math.arizona.edu/people/ercolani
252,Youssef M. Marzouk,Massachusetts Institute of Technology,Aero,A5071702167,Assistant Professor,ACTIVE_ASSISTANT_PROF,LAST_1998,99,KEEP (Active Professor),1,https://aeroastro.mit.edu/people/youssef-m-marzouk/
593,Paul C. Millett,University of Arkansas,Math,A5016467408,Lecturer,FLAG_LECTURER,LAST_1995,7,REMOVE (Adjunct / Lecturer),3,https://engineering.uark.edu/mechanical-engineering/faculty.php
255,Zoltán S. Spakovszky,Massachusetts Institute of Technology,Aero,A5012124771,Assistant Professor,ACTIVE_ASSISTANT_PROF,LAST_1998,24,KEEP (Active Professor),1,https://aeroastro.mit.edu/people/zoltan-s-spakovszky/
257,Qiqi Wang,Massachusetts Institute of Technology,Aero,A5101519071,Assistant Professor,ACTIVE_ASSISTANT_PROF,LAST_2007,96,KEEP (Active Professor),1,https://aeroastro.mit.edu/people/qiqi-wang/
596,Ariel Barton,University of Arkansas,Math,A5042679552,Lecturer,FLAG_LECTURER,LAST_2003,4,REMOVE (Adjunct / Lecturer),3,https://math.uark.edu/research/
597,Jiahui Chen,University of Arkansas,Math,A5089262981,Lecturer,FLAG_LECTURER,LAST_2005,80,REMOVE (Adjunct / Lecturer),3,https://math.uark.edu/research/
258,David Olson,Michigan State University,Mech,A5044286863,Assistant Professor,ACTIVE_ASSISTANT_PROF,LAST_1964,20,KEEP (Active Professor),1,https://engineering.msu.edu/directory/faculty/olsond12
259,Junlin Yuan,Michigan State University,Mech,A5048328740,No clear rank detected,UNCERTAIN_WEB,LAST_1987,17,KEEP (Active Professor),1,https://engineering.msu.edu/departments/me/research/thermal-and-fluid-mechanics-group
260,Ricardo Mejia-Alvarez,Michigan State University,Mech,A5038048091,Assistant Professor,ACTIVE_ASSISTANT_PROF,LAST_2000,17,KEEP (Active Professor),1,https://engineering.msu.edu/directory/faculty/rimejal
261,Norbert Mueller,Michigan State University,Mech,A5110136826,Professor,ACTIVE_PROFESSOR,LAST_1963,1,KEEP (Active Professor),1,https://engineering.msu.edu/directory/faculty/muell107
602,Maziar Raissi,"University of California, Riverside",Math,A5012536010,No clear rank detected,UNCERTAIN_WEB,LAST_2012,40,KEEP (Active Professor),1,https://profiles.ucr.edu/app/home/profile/mraissi
603,Craig Schroeder,"University of California, Riverside",Math,A5061632559,No clear rank detected,UNCERTAIN_WEB,LAST_1957,15,KEEP (Active Professor),1,https://profiles.ucr.edu/app/home/profile/craig
262,Zhaojian Li,Michigan State University,Mech,A5037274043,Assistant Professor,ACTIVE_ASSISTANT_PROF,LAST_2003,87,KEEP (Active Professor),1,https://engineering.msu.edu/directory/faculty/lizhaoj1
276,Adrian Sescu,Mississippi State University,Aero,A5067871719,Professor,ACTIVE_PROFESSOR,LAST_2007,28,KEEP (Active Professor),1,https://www.ae.msstate.edu/people/faculty/adrian-sescu/
606,Daniele Venturi,"University of California, Santa Cruz",Math,A5102883506,Professor,ACTIVE_PROFESSOR,LAST_2004,21,KEEP (Active Professor),1,https://campusdirectory.ucsc.edu/cd_detail?uid=venturi
607,Nicholas H. Brummell,"University of California, Santa Cruz",Math,A5035805409,Associate Professor,ACTIVE_ASSOCIATE_PROF,LAST_1988,18,KEEP (Active Professor),1,https://campusdirectory.ucsc.edu/cd_detail?uid=brummell
608,Ashesh Chattopadhyay,"University of California, Santa Cruz",Math,A5011234657,Emeritus,FLAG_EMERITUS,LAST_1975,66,REMOVE (Emeritus / Retired),3,https://engineering.ucsc.edu/departments/applied-mathematics/people/
609,Pascale Garaud,"University of California, Santa Cruz",Math,A5012919177,Assistant Professor,ACTIVE_ASSISTANT_PROF,LAST_1997,21,KEEP (Active Professor),1,https://campusdirectory.ucsc.edu/cd_detail?uid=pgaraud
610,Qi Gong,"University of California, Santa Cruz",Math,A5069454917,Emeritus,FLAG_EMERITUS,LAST_2000,11,REMOVE (Emeritus / Retired),3,https://engineering.ucsc.edu/departments/applied-mathematics/people/
611,Javier Gonzalez-Rocha,"University of California, Santa Cruz",Math,A5058119894,Emeritus,FLAG_EMERITUS,LAST_2011,18,REMOVE (Emeritus / Retired),3,https://engineering.ucsc.edu/departments/applied-mathematics/people/
612,Dongwook Lee,"University of California, Santa Cruz",Math,A5100363866,Professor,ACTIVE_PROFESSOR,LAST_2007,14,KEEP (Active Professor),1,https://campusdirectory.ucsc.edu/cd_detail?uid=dlee79
613,Ricardo G. Sanfelice,"University of California, Santa Cruz",Math,A5028224738,Timeout,WEB_TIMEOUT,LAST_2004,137,KEEP (Active Professor),1,https://hybrid.soe.ucsc.edu/home
277,Shreyas Narsipur,Mississippi State University,Aero,A5065549631,None,HTTP_404,LAST_2012,36,KEEP (Active Professor),1,https://www.ae.msstate.edu/people/faculty/shreyas-narsipur/
278,Craig Merrett,Mississippi State University,Aero,A5025422292,Associate Professor,ACTIVE_ASSOCIATE_PROF,LAST_2008,19,KEEP (Active Professor),1,https://www.ae.msstate.edu/people/faculty/craig-merrett/
279,Vilas Shinde,Mississippi State University,Aero,A5037505084,Assistant Professor,ACTIVE_ASSISTANT_PROF,LAST_2014,16,KEEP (Active Professor),1,https://www.ae.msstate.edu/people/faculty/vilas-shinde/
280,Vivek Khare,Mississippi State University,Aero,A5080045496,Assistant Professor,ACTIVE_ASSISTANT_PROF,LAST_1994,9,KEEP (Active Professor),1,https://www.ae.msstate.edu/people/faculty/vivek-khare/
294,Mark Jankauski,Montana State University,Mech,A5071132339,Professor,ACTIVE_PROFESSOR,LAST_2014,29,KEEP (Active Professor),1,https://coe.montana.edu/faculty_directories.html
295,Yaofa Li,Montana State University,Mech,A5051282109,Professor,ACTIVE_PROFESSOR,LAST_1997,14,KEEP (Active Professor),1,https://coe.montana.edu/faculty_directories.html
296,Sarah L. Codd,Montana State University,Mech,A5056737263,Professor,ACTIVE_PROFESSOR,LAST_1952,13,KEEP (Active Professor),1,https://coe.montana.edu/faculty_directories.html
302,Pushpendra Singh,New Jersey Institute of Technology,Mech,A5028236116,None,HTTP_404,LAST_1912,132,KEEP (Active Professor),1,https://mie.njit.edu/people/singhp
305,Anthony Rosato,New Jersey Institute of Technology,Mech,A5041032297,None,HTTP_404,LAST_1986,7,KEEP (Active Professor),1,https://mie.njit.edu/people/rosato
311,Abdessattar Abdelkefi,New Mexico State University,Mech/Aero,A5054763931,Professor,ACTIVE_PROFESSOR,LAST_2009,99,KEEP (Active Professor),1,https://mae.nmsu.edu/faculty/dr-abdessattar-abdelkefi.html
312,Fangjun Shu,New Mexico State University,Mech/Aero,A5066746501,Professor,ACTIVE_PROFESSOR,LAST_2000,57,KEEP (Active Professor),1,https://mae.nmsu.edu/faculty/dr-fangjun-shu.html
314,Qiong Liu,New Mexico State University,Mech/Aero,A5100336311,Assistant Professor,ACTIVE_ASSISTANT_PROF,LAST_1995,103,KEEP (Active Professor),1,https://mae.nmsu.edu/faculty/dr-qiong-liu.html
315,Shabnam Mohammadshahi,New Mexico State University,Mech/Aero,A5014486469,Assistant Professor,ACTIVE_ASSISTANT_PROF,LAST_2016,11,KEEP (Active Professor),1,https://fluiddynamicslab.nmsu.edu/
627,James A. Sethian,University of California-Berkeley,Math,A5038419345,Lecturer,FLAG_LECTURER,LAST_1982,14,REMOVE (Adjunct / Lecturer),3,https://math.berkeley.edu/people/faculty/james-sethian
628,Jon A. Wilkening,University of California-Berkeley,Math,NOT_FOUND (CANDIDATES_FOUND_NO_AFFIL_MATCH),Lecturer,FLAG_LECTURER,NO_OA_ID,0,REMOVE (Adjunct / Lecturer),3,https://math.berkeley.edu/people/faculty/jon-wilkening
629,Sunčica Čanić,University of California-Berkeley,Math,A5069167843,Lecturer,FLAG_LECTURER,LAST_1995,38,REMOVE (Adjunct / Lecturer),3,https://math.berkeley.edu/people/faculty/suncica-canic
630,Franziska Weber,University of California-Berkeley,Math,NOT_FOUND (CANDIDATES_FOUND_NO_AFFIL_MATCH),Lecturer,FLAG_LECTURER,NO_OA_ID,0,REMOVE (Adjunct / Lecturer),3,https://math.berkeley.edu/people/faculty/franziska-weber
316,Francisco Torres Herrador,New Mexico State University,Mech/Aero,A5039261352,Assistant Professor,ACTIVE_ASSISTANT_PROF,LAST_2018,5,KEEP (Active Professor),1,https://mae.nmsu.edu/faculty/dr-francisco-torres-herrador.html
320,Kenneth Granlund,North Carolina State University,Mech/Aero,A5071382594,None,HTTP_404,LAST_2004,21,KEEP (Active Professor),1,https://mae.ncsu.edu/people/kgranlu/
324,Felix Ewere,North Carolina State University,Mech/Aero,A5070434234,None,HTTP_404,LAST_2013,6,KEEP (Active Professor),1,https://mae.ncsu.edu/people/fewere/
331,Yildirim Bora Suzen,North Dakota State University,Mech,A5012657014,Assistant Professor,ACTIVE_ASSISTANT_PROF,LAST_1993,11,KEEP (Active Professor),1,https://www.ndsu.edu/mechanical-engineering/people
332,Yan Zhang,North Dakota State University,Mech,A5100459168,Assistant Professor,ACTIVE_ASSISTANT_PROF,LAST_1989,902,KEEP (Active Professor),1,https://www.ndsu.edu/mechanical-engineering/people
333,Yechun Wang,North Dakota State University,Mech,A5008472420,Assistant Professor,ACTIVE_ASSISTANT_PROF,LAST_2004,46,KEEP (Active Professor),1,https://www.ndsu.edu/mechanical-engineering/people
637,Steve Shkoller,University of California-Davis,Math,A5026934211,Timeout,WEB_TIMEOUT,LAST_1994,30,KEEP (Active Professor),1,https://www.math.ucdavis.edu/people
638,Joseph Biello,University of California-Davis,Math,NOT_FOUND (CANDIDATES_FOUND_NO_AFFIL_MATCH),Lecturer,FLAG_LECTURER,NO_OA_ID,0,REMOVE (Adjunct / Lecturer),3,https://www.math.ucdavis.edu/people/general-profile?fac_id=biello
639,Sameer Iyer,University of California-Davis,Math,A5060891659,Timeout,WEB_TIMEOUT,LAST_1970,23,KEEP (Active Professor),1,https://www.math.ucdavis.edu/people
640,Joseph Teran,University of California-Davis,Math,A5006484961,Timeout,WEB_TIMEOUT,LAST_2003,16,KEEP (Active Professor),1,https://www.math.ucdavis.edu/people
641,Albert Fannjiang,University of California-Davis,Math,A5048863527,Timeout,WEB_TIMEOUT,LAST_1994,6,KEEP (Active Professor),1,https://www.math.ucdavis.edu/people
335,Xiangfa Wu,North Dakota State University,Mech,A5085153340,Assistant Professor,ACTIVE_ASSISTANT_PROF,LAST_1995,21,KEEP (Active Professor),1,https://www.ndsu.edu/mechanical-engineering/people
336,Chad Ulven,North Dakota State University,Mech,A5090827744,Assistant Professor,ACTIVE_ASSISTANT_PROF,LAST_2000,31,KEEP (Active Professor),1,https://www.ndsu.edu/mechanical-engineering/people
337,Inbae Jeong,North Dakota State University,Mech,A5051903099,Assistant Professor,ACTIVE_ASSISTANT_PROF,LAST_2008,20,KEEP (Active Professor),1,https://www.ndsu.edu/mechanical-engineering/people
338,Datta Gaitonde,Ohio State University-Main Campus,Mech/Aero,A5082589597,Professor,ACTIVE_PROFESSOR,LAST_1988,110,KEEP (Active Professor),1,https://mae.osu.edu/people/gaitonde.3
339,Lian Duan,Ohio State University-Main Campus,Mech/Aero,A5044214596,Assistant Professor,ACTIVE_ASSISTANT_PROF,LAST_2006,66,KEEP (Active Professor),1,https://mae.osu.edu/people/duan.322
341,Jeffrey Bons,Ohio State University-Main Campus,Mech/Aero,A5107749698,Assistant Professor,ACTIVE_ASSISTANT_PROF,LAST_1990,64,KEEP (Active Professor),1,https://mae.osu.edu/people/bons.2
342,Jack McNamara,Ohio State University-Main Campus,Mech/Aero,A5036529817,Professor,ACTIVE_PROFESSOR,LAST_1951,32,KEEP (Active Professor),1,https://mae.osu.edu/people/mcnamara.190
344,Steven T. Wereley,Ohio University,Mech,A5044643029,No clear rank detected,UNCERTAIN_WEB,LAST_1994,24,KEEP (Active Professor),1,https://www.ohio.edu/directory/steven-wereley
345,Jay Wilhelm,Ohio University,Mech,A5057524534,Assistant Professor,ACTIVE_ASSISTANT_PROF,LAST_1964,33,KEEP (Active Professor),1,https://www.ohio.edu/engineering/mechanical/about/faculty-staff
346,Brian Wisner,Ohio University,Mech,A5070352118,Associate Professor,ACTIVE_ASSOCIATE_PROF,LAST_2015,8,KEEP (Active Professor),1,https://www.ohio.edu/directory/brian-wisner
347,Yahya Al-Majali,Ohio University,Mech,A5081633426,Assistant Professor,ACTIVE_ASSISTANT_PROF,LAST_2017,26,KEEP (Active Professor),1,https://www.ohio.edu/engineering/mechanical/about/faculty-staff
653,John Lowengrub,University of California-Irvine,Math,A5010714351,None,HTTP_404,LAST_1989,77,KEEP (Active Professor),1,https://www.math.uci.edu/people/john-lowengrub
654,Long Chen,University of California-Irvine,Math,A5100336358,None,HTTP_404,LAST_2002,378,KEEP (Active Professor),1,https://www.math.uci.edu/people/long-chen
655,Jack Xin,University of California-Irvine,Math,A5059708262,None,HTTP_404,LAST_1992,72,KEEP (Active Professor),1,https://www.math.uci.edu/people/jack-xin
348,David Quiroz,Ohio University,Mech,A5103256094,Assistant Professor,ACTIVE_ASSISTANT_PROF,LAST_2020,16,KEEP (Active Professor),1,https://www.ohio.edu/engineering/mechanical/about/faculty-staff
350,Jamey Jacob,Oklahoma State University,Mech/Aero,A5041719233,None,HTTP_403,LAST_1993,54,KEEP (Active Professor),1,https://ceat.okstate.edu/mae/faculty-staff/faculty-bios/jamey-jacob
351,Brian R. Elbing,Oklahoma State University,Mech/Aero,A5023721182,None,HTTP_403,LAST_2004,42,KEEP (Active Professor),1,https://ceat.okstate.edu/mae/faculty-staff/faculty-bios/brian-elbing
352,Kursat Kara,Oklahoma State University,Mech/Aero,A5058789709,None,HTTP_403,LAST_2003,40,KEEP (Active Professor),1,https://ceat.okstate.edu/mae/faculty-staff/faculty-bios/kursat-kara
353,Khaled A. Sallam,Oklahoma State University,Mech/Aero,A5068900410,None,HTTP_403,LAST_1999,8,KEEP (Active Professor),1,https://ceat.okstate.edu/mae/faculty-staff/faculty-bios/khaled-sallam
354,Chitrarth Prasad,Oklahoma State University,Mech/Aero,A5077897402,None,HTTP_403,LAST_1950,25,KEEP (Active Professor),1,https://ceat.okstate.edu/mae/faculty-staff
355,Arvind Santhanakrishnan,Oklahoma State University,Mech/Aero,A5056758213,None,HTTP_403,LAST_2004,9,KEEP (Active Professor),1,https://ceat.okstate.edu/mae/faculty-staff/faculty-bios/arvind-santhanakrishnan
356,He Bai,Oklahoma State University,Mech/Aero,A5040513070,None,HTTP_403,LAST_1996,71,KEEP (Active Professor),1,https://ceat.okstate.edu/mae/faculty-staff/faculty-bios/he-bai
359,Sourabh V. Apte,Oregon State University,Mech,A5074157650,Professor,ACTIVE_PROFESSOR,LAST_1991,14,KEEP (Active Professor),1,https://engineering.oregonstate.edu/people/sourabh-apte
360,Kyle Niemeyer,Oregon State University,Mech,A5083534268,Associate Professor,ACTIVE_ASSOCIATE_PROF,LAST_2009,66,KEEP (Active Professor),1,https://engineering.oregonstate.edu/people/kyle-niemeyer
666,Stanley Osher,University of California-Los Angeles,Math,A5002037883,None,HTTP_307,LAST_1967,126,KEEP (Active Professor),1,https://www.math.ucla.edu/people/ladder/sjo
667,Jacob Bedrossian,University of California-Los Angeles,Math,A5081815930,None,HTTP_307,LAST_2008,48,KEEP (Active Professor),1,https://www.math.ucla.edu/people/ladder/jacob
668,Marcus Roper,University of California-Los Angeles,Math,A5088072422,None,HTTP_307,LAST_2004,19,KEEP (Active Professor),1,https://www.math.ucla.edu/people/ladder/mroper
669,Chenfanfu Jiang,University of California-Los Angeles,Math,A5068163735,None,HTTP_307,LAST_2000,108,KEEP (Active Professor),1,https://www.math.ucla.edu/people/ladder/cffjiang
670,Hayden Schaeffer,University of California-Los Angeles,Math,A5086926394,None,HTTP_307,LAST_1986,55,KEEP (Active Professor),1,https://www.math.ucla.edu/people/ladder/schaeffer
361,David L. Blunck,Oregon State University,Mech,A5006060597,Associate Professor,ACTIVE_ASSOCIATE_PROF,LAST_2002,30,KEEP (Active Professor),1,https://engineering.oregonstate.edu/people/david-blunck
376,Marcus Hultmark,Princeton University,Mech/Aero,A5028198279,None,HTTP_403,LAST_2007,33,KEEP (Active Professor),1,https://mae.princeton.edu/people/faculty/marcus-hultmark
377,Luc Deike,Princeton University,Mech/Aero,A5042513241,None,HTTP_403,LAST_2011,110,KEEP (Active Professor),1,https://mae.princeton.edu/people/faculty/luc-deike
378,Michelle H. DiBenedetto,Princeton University,Mech/Aero,A5019294850,None,HTTP_403,LAST_2004,26,KEEP (Active Professor),1,https://mae.princeton.edu/people/faculty/michelle-dibenedetto
379,Luigi Martinelli,Princeton University,Mech/Aero,A5043716841,None,HTTP_403,LAST_1985,20,KEEP (Active Professor),1,https://mae.princeton.edu/people/faculty/luigi-martinelli
676,Boris Kramer,University of California-San Diego,Math,A5110936070,Assistant Professor,ACTIVE_ASSISTANT_PROF,LAST_2019,18,KEEP (Active Professor),1,https://jacobsschool.ucsd.edu/people/profile/boris-kramer
380,Michael E. Mueller,Princeton University,Mech/Aero,A5075568528,None,HTTP_403,LAST_1991,33,KEEP (Active Professor),1,https://mae.princeton.edu/people/faculty/michael-e-mueller
381,Clarence W. Rowley,Princeton University,Mech/Aero/Math,A5089973231,None,HTTP_403,LAST_1977,29,KEEP (Active Professor),1,https://mae.princeton.edu/people/faculty/clarence-rowley
382,Chung K. Law,Princeton University,Mech/Aero,A5076177399,None,HTTP_403,LAST_1969,71,KEEP (Active Professor),1,https://mae.princeton.edu/people/faculty/chung-law
383,Edgar Y. Choueiri,Princeton University,Mech/Aero,A5013310973,None,HTTP_403,LAST_1985,17,KEEP (Active Professor),1,https://mae.princeton.edu/people/faculty/edgar-choueiri
384,Yiguang Ju,Princeton University,Mech/Aero,A5081250081,None,HTTP_403,LAST_1989,155,KEEP (Active Professor),1,https://mae.princeton.edu/people/faculty/yiguang-ju
682,Melvin Leok,University of California-San Diego,Math,A5047012686,Lecturer,FLAG_LECTURER,LAST_2004,43,REMOVE (Adjunct / Lecturer),3,https://math.ucsd.edu/people/profiles/melvin-leok
683,Michael Holst,University of California-San Diego,Math,A5109004096,Lecturer,FLAG_LECTURER,LAST_2014,0,REMOVE (Adjunct / Lecturer),3,https://math.ucsd.edu/people/profiles/michael-holst
684,Jiawang Nie,University of California-San Diego,Math,A5018024598,Lecturer,FLAG_LECTURER,OA_TIMEOUT,0,REMOVE (Adjunct / Lecturer),3,https://math.ucsd.edu/people/profiles/jiawang-nie
685,Rayan Saab,University of California-San Diego,Math,A5055778695,Lecturer,FLAG_LECTURER,OA_TIMEOUT,0,REMOVE (Adjunct / Lecturer),3,https://math.ucsd.edu/people/profiles/rayan-saab
385,Alison M. Ferris,Princeton University,Mech/Aero,A5031987461,None,HTTP_403,LAST_1988,22,KEEP (Active Professor),1,https://mae.princeton.edu/people/faculty/alison-ferris
386,Aimy Wissa,Princeton University,Mech/Aero,A5076771658,None,HTTP_403,LAST_2010,28,KEEP (Active Professor),1,https://mae.princeton.edu/people/faculty/aimy-wissa
390,Jonathan Poggie,Purdue University,Aero,A5081530885,None,HTTP_500,LAST_1992,48,KEEP (Active Professor),1,https://engineering.purdue.edu/AAE/people/Faculty/ptProfile?resource_id=113032
689,Frederic Gibou,University of California-Santa Barbara,Math,A5081112761,Professor,ACTIVE_PROFESSOR,OA_TIMEOUT,0,KEEP (Active Professor),1,https://me.ucsb.edu/people/frederic-gibou
391,Steven P. Schneider,Purdue University,Aero,A5110057663,None,HTTP_500,LAST_1976,12,KEEP (Active Professor),1,https://engineering.purdue.edu/AAE/people/Faculty/ptProfile?resource_id=1418
392,Gregory A. Blaisdell,Purdue University,Aero,A5069345570,None,HTTP_500,LAST_1980,16,KEEP (Active Professor),1,https://engineering.purdue.edu/AAE/people/Faculty/ptProfile?resource_id=1364
692,Linda Petzold,University of California-Santa Barbara,Math,A5021640058,Lecturer,FLAG_LECTURER,LAST_1977,61,REMOVE (Adjunct / Lecturer),3,https://me.ucsb.edu/people
393,Carson D. Slabaugh,Purdue University,Aero,A5042060392,None,HTTP_500,LAST_2009,75,KEEP (Active Professor),1,https://engineering.purdue.edu/AAE/people/Faculty/ptProfile?resource_id=118944
694,Hector Ceniceros,University of California-Santa Barbara,Math,A5016417542,Lecturer,FLAG_LECTURER,LAST_1998,11,REMOVE (Adjunct / Lecturer),3,https://me.ucsb.edu/people
695,Carlos Garcia-Cervera,University of California-Santa Barbara,Math,A5031944460,No clear rank detected,UNCERTAIN_WEB,OA_TIMEOUT,0,REVIEW (Inactive: 0 papers since 2022),2,https://www.math.ucsb.edu/people/carlos-garcia-cervera
696,Xu Yang,University of California-Santa Barbara,Math,NOT_FOUND (CANDIDATES_FOUND_NO_AFFIL_MATCH),No clear rank detected,UNCERTAIN_WEB,NO_OA_ID,0,REVIEW (Inactive: 0 papers since 2022),2,https://www.math.ucsb.edu/people/xu-yang
394,Alina A. Alexeenko,Purdue University,Aero,A5057568024,None,HTTP_500,LAST_2000,39,KEEP (Active Professor),1,https://engineering.purdue.edu/AAE/people/Faculty/ptProfile?resource_id=27771
395,Sally P. M. Bane,Purdue University,Aero,A5005279392,None,HTTP_500,LAST_2005,27,KEEP (Active Professor),1,https://engineering.purdue.edu/AAE/people/Faculty/ptProfile?resource_id=75047
699,Alain Kassab,University of Central Florida,Math,A5068734730,Emeritus,FLAG_EMERITUS,LAST_1970,27,REMOVE (Emeritus / Retired),3,https://mae.ucf.edu/faculty-directory/
397,Kazuki Maeda,Purdue University,Aero,A5028678084,None,HTTP_500,LAST_1965,23,KEEP (Active Professor),1,https://engineering.purdue.edu/AAE/people/Faculty/ptProfile?resource_id=255749
398,Alexey Shashurin,Purdue University,Aero,A5021284477,None,HTTP_500,LAST_1984,38,KEEP (Active Professor),1,https://engineering.purdue.edu/AAE/people/Faculty/ptProfile?resource_id=113034
399,Tom I-P. Shih,Purdue University,Aero,A5110445139,None,HTTP_500,LAST_1983,17,KEEP (Active Professor),1,https://engineering.purdue.edu/AAE/people/Faculty/ptProfile?resource_id=53472
400,Timothée L. Pourpoint,Purdue University,Aero,A5059251969,Professor,ACTIVE_PROFESSOR,LAST_2000,19,KEEP (Active Professor),1,https://engineering.purdue.edu/AAE/people/Faculty/ptProfile?resource_id=23845
704,Brian E. Moore,University of Central Florida,Math,A5140645752,Emeritus,FLAG_EMERITUS,OA_TIMEOUT,0,REMOVE (Emeritus / Retired),3,https://sciences.ucf.edu/math/
705,Alexander Katsevich,University of Central Florida,Math,A5034138273,Emeritus,FLAG_EMERITUS,LAST_1989,18,REMOVE (Emeritus / Retired),3,https://sciences.ucf.edu/math/
706,Zhisheng Shuai,University of Central Florida,Math,A5076385958,Professor,ACTIVE_PROFESSOR,OA_TIMEOUT,0,KEEP (Active Professor),1,https://sciences.ucf.edu/math/zshuai/
402,Haifeng Wang,Purdue University,Aero,A5100386408,None,HTTP_500,LAST_1950,310,KEEP (Active Professor),1,https://engineering.purdue.edu/AAE/people/Faculty/ptProfile?resource_id=93033
404,Carlo Scalo,Purdue University,Mech/Aero,A5085802971,None,HTTP_500,LAST_2009,42,KEEP (Active Professor),1,https://engineering.purdue.edu/ME/People/ptProfile?id=113033
405,Guillermo Paniagua,Purdue University,Mech/Aero,A5038253130,None,HTTP_500,LAST_1975,115,KEEP (Active Professor),1,https://engineering.purdue.edu/ME/People/ptProfile?id=118945
406,Nicole L. Key,Purdue University,Mech/Aero,A5050868025,None,HTTP_500,LAST_2002,40,KEEP (Active Professor),1,https://engineering.purdue.edu/ME/People/ptProfile?id=28411
407,Arezoo M. Ardekani,Purdue University,Mech,A5048295740,None,HTTP_500,LAST_1992,126,KEEP (Active Professor),1,https://engineering.purdue.edu/ME/People/ptProfile?id=113031
409,Guang Lin,Purdue University,Mech/Math,A5078138445,None,HTTP_404,LAST_2003,157,KEEP (Active Professor),1,https://www.math.purdue.edu/people/bio/guanglin
713,Gui-Rong Liu,University of Cincinnati,Math,A5112396029,Professor,ACTIVE_PROFESSOR,LAST_2013,1,KEEP (Active Professor),1,https://researchdirectory.uc.edu/p/liugr
411,Michael Amitay,Rensselaer Polytechnic Institute,Mech/Aero,A5005797408,Professor,ACTIVE_PROFESSOR,LAST_1992,49,KEEP (Active Professor),1,https://faculty.rpi.edu/michael-amitay
412,Jason Hicken,Rensselaer Polytechnic Institute,Mech/Aero,A5088748633,Professor,ACTIVE_PROFESSOR,LAST_2004,29,KEEP (Active Professor),1,https://faculty.rpi.edu/jason-hicken
413,Ozgur Tumuklu,Rensselaer Polytechnic Institute,Mech/Aero,A5015106554,Assistant Professor,ACTIVE_ASSISTANT_PROF,LAST_2011,24,KEEP (Active Professor),1,https://faculty.rpi.edu/ozgur-tumuklu
414,Shaowu Pan,Rensselaer Polytechnic Institute,Mech/Aero,A5074526331,Assistant Professor,ACTIVE_ASSISTANT_PROF,LAST_1996,36,KEEP (Active Professor),1,https://faculty.rpi.edu/shaowu-pan
416,Lucy Zhang,Rensselaer Polytechnic Institute,Mech/Aero,A5047861103,Assistant Professor,ACTIVE_ASSISTANT_PROF,LAST_2002,6,KEEP (Active Professor),1,https://faculty.rpi.edu/lucy-zhang
719,John A. Evans,University of Colorado Boulder,Math,A5016099408,Assistant Professor,ACTIVE_ASSISTANT_PROF,LAST_1889,56,KEEP (Active Professor),1,https://www.colorado.edu/aerospace/john-evans
417,Amir Hirsa,Rensselaer Polytechnic Institute,Mech/Aero,A5025527156,Assistant Professor,ACTIVE_ASSISTANT_PROF,LAST_1970,14,KEEP (Active Professor),1,https://faculty.rpi.edu/amir-hirsa
424,Tayfun E. Tezduyar,Rice University,Mech,A5040474854,None,HTTP_406,LAST_1981,66,KEEP (Active Professor),1,https://profiles.rice.edu/faculty/tayfun-e-tezduyar
426,Matthias Heinkenschloss,Rice University,Aero/Math,A5070192811,None,HTTP_406,LAST_1989,20,KEEP (Active Professor),1,https://profiles.rice.edu/faculty/matthias-heinkenschloss
427,Daniel J. Preston,Rice University,Mech,A5066327147,None,HTTP_406,LAST_1940,47,KEEP (Active Professor),1,https://profiles.rice.edu/faculty/daniel-j-preston
429,Pol D. Spanos,Rice University,Mech,A5110431873,None,HTTP_406,LAST_1984,37,KEEP (Active Professor),1,https://profiles.rice.edu/faculty/pol-d-spanos
725,Mark Hoefer,University of Colorado Boulder,Math,A5043830810,Professor,ACTIVE_PROFESSOR,LAST_1997,40,KEEP (Active Professor),1,https://www.colorado.edu/amath/mark-hoefer
726,Bengt Fornberg,University of Colorado Boulder,Math,A5029242127,No clear rank detected,UNCERTAIN_WEB,LAST_1969,20,KEEP (Active Professor),1,https://www.colorado.edu/amath/bengt-fornberg
727,Gregory Beylkin,University of Colorado Boulder,Math,A5054096786,Professor,ACTIVE_PROFESSOR,LAST_1983,5,KEEP (Active Professor),1,https://www.colorado.edu/amath/gregory-beylkin
430,Lu Zhang,Rice University,Aero/Math,A5100388599,None,HTTP_406,LAST_1990,315,KEEP (Active Professor),1,https://profiles.rice.edu/faculty/lu-zhang
431,Edward DeMauro,Rutgers University-New Brunswick,Mech/Aero,NOT_FOUND (CANDIDATES_FOUND_NO_AFFIL_MATCH),Associate Professor,ACTIVE_ASSOCIATE_PROF,NO_OA_ID,0,KEEP (Active Professor),1,https://mae.rutgers.edu/edward-demauro
432,Onur Bilgen,Rutgers University-New Brunswick,Mech/Aero,A5041792744,Associate Professor,ACTIVE_ASSOCIATE_PROF,LAST_2006,44,KEEP (Active Professor),1,https://mae.rutgers.edu/onur-bilgen
433,German Drazer,Rutgers University-New Brunswick,Mech/Aero,A5041315704,Professor,ACTIVE_PROFESSOR,LAST_1996,17,KEEP (Active Professor),1,https://mae.rutgers.edu/german-drazer
434,Hao Lin,Rutgers University-New Brunswick,Mech/Aero,A5041539298,Professor,ACTIVE_PROFESSOR,LAST_1996,158,KEEP (Active Professor),1,https://mae.rutgers.edu/hao-lin
733,Julian Norato,University of Connecticut,Math,A5068284510,Timeout,WEB_TIMEOUT,LAST_2003,24,KEEP (Active Professor),1,https://mechanical-aerospace-manufacturing.engineering.uconn.edu/person/julian-norato/
734,Jeongho Kim,University of Connecticut,Math,A5100396233,Timeout,WEB_TIMEOUT,LAST_2008,15,KEEP (Active Professor),1,https://mechanical-aerospace-manufacturing.engineering.uconn.edu/person/jeongho-kim/
735,Dmitriy Leykekhman,University of Connecticut,Math,A5016780750,Timeout,WEB_TIMEOUT,LAST_1998,14,KEEP (Active Professor),1,https://math.uconn.edu/person/dmitriy-leykekhman/
435,Prosenjit Bagchi,Rutgers University-New Brunswick,Mech/Aero,A5049930474,Professor,ACTIVE_PROFESSOR,LAST_1999,18,KEEP (Active Professor),1,https://mae.rutgers.edu/prosenjit-bagchi
436,F. Javier Diez-Garias,Rutgers University-New Brunswick,Mech/Aero,NOT_FOUND (NOT_FOUND_BY_NAME),Professor,ACTIVE_PROFESSOR,NO_OA_ID,0,KEEP (Active Professor),1,https://mae.rutgers.edu/f-javier-diez-garias
437,Assimina A. Pelegri,Rutgers University-New Brunswick,Mech/Aero,A5026532047,Professor,ACTIVE_PROFESSOR,LAST_1993,35,KEEP (Active Professor),1,https://mae.rutgers.edu/assimina-pelegri
438,Laurent Burlion,Rutgers University-New Brunswick,Mech/Aero,A5091832524,Assistant Professor,ACTIVE_ASSISTANT_PROF,LAST_2004,32,KEEP (Active Professor),1,https://mae.rutgers.edu/people/faculty
740,Robert L. Lowe,University of Dayton,Math,A5031056075,Associate Professor,ACTIVE_ASSOCIATE_PROF,LAST_1972,19,KEEP (Active Professor),1,https://udayton.edu/directory/engineering/mechanical-and-aerospace/lowe-robert.php
439,Jingang Yi,Rutgers University-New Brunswick,Mech/Aero,A5090869394,Professor,ACTIVE_PROFESSOR,LAST_1999,90,KEEP (Active Professor),1,https://mae.rutgers.edu/jingang-yi
442,Juan J. Alonso,Stanford University,Aero,A5018052257,Professor,ACTIVE_PROFESSOR,LAST_1994,58,KEEP (Active Professor),1,https://profiles.stanford.edu/juan-alonso
743,R. Valery Roy,University of Delaware,Math,A5008113640,Professor,ACTIVE_PROFESSOR,LAST_1985,6,KEEP (Active Professor),1,https://me.udel.edu/people/faculty-profiles/
744,Philippe Guyenne,University of Delaware,Math,A5085782000,Lecturer,FLAG_LECTURER,LAST_1982,11,REMOVE (Adjunct / Lecturer),3,https://www.udel.edu/academics/colleges/cas/units/departments/mathematical-sciences/
745,Tobin A. Driscoll,University of Delaware,Math,A5062904806,Lecturer,FLAG_LECTURER,LAST_1975,10,REMOVE (Adjunct / Lecturer),3,https://www.udel.edu/academics/colleges/cas/units/departments/mathematical-sciences/
746,Pak-Wing Fok,University of Delaware,Math,A5029188907,Lecturer,FLAG_LECTURER,LAST_2005,9,REMOVE (Adjunct / Lecturer),3,https://www.udel.edu/academics/colleges/cas/units/departments/mathematical-sciences/
443,Eric Darve,Stanford University,Mech/Math,A5061822097,Professor,ACTIVE_PROFESSOR,LAST_1997,67,KEEP (Active Professor),1,https://profiles.stanford.edu/eric-darve
444,Charbel Farhat,Stanford University,Mech/Aero/Math,A5124067787,Timeout,WEB_TIMEOUT,LAST_2026,4,KEEP (Active Professor),1,https://profiles.stanford.edu/charbel-farhat
445,Gianluca Iaccarino,Stanford University,Mech/Math,A5047377841,Timeout,WEB_TIMEOUT,LAST_1996,48,KEEP (Active Professor),1,https://profiles.stanford.edu/gianluca-iaccarino
446,Matthias Ihme,Stanford University,Mech,A5057929380,Timeout,WEB_TIMEOUT,LAST_2003,143,KEEP (Active Professor),1,https://profiles.stanford.edu/matthias-ihme
447,Sanjiva K. Lele,Stanford University,Mech/Aero,A5077177539,Timeout,WEB_TIMEOUT,LAST_1985,44,KEEP (Active Professor),1,https://profiles.stanford.edu/sanjiva-lele
448,Ali Mani,Stanford University,Mech,A5066321909,Professor,ACTIVE_PROFESSOR,LAST_2003,67,KEEP (Active Professor),1,https://profiles.stanford.edu/ali-mani
449,Beverley J. McKeon,Stanford University,Mech,A5082518804,Timeout,WEB_TIMEOUT,LAST_1999,47,KEEP (Active Professor),1,https://profiles.stanford.edu/beverley-mckeon
450,Parviz Moin,Stanford University,Mech/Aero,A5003773421,Professor,ACTIVE_PROFESSOR,LAST_1978,56,KEEP (Active Professor),1,https://profiles.stanford.edu/parviz-moin
755,Chunmei Wang,University of Florida,Math,A5100754261,None,HTTP_404,LAST_1988,103,KEEP (Active Professor),1,https://people.clas.ufl.edu/chunmeiwang/
756,William W. Hager,University of Florida,Math,A5002362913,Professor,ACTIVE_PROFESSOR,LAST_1972,17,KEEP (Active Professor),1,https://people.clas.ufl.edu/hager/
451,Hai Wang,Stanford University,Aero,A5100382773,Assistant Professor,ACTIVE_ASSISTANT_PROF,LAST_1954,93,KEEP (Active Professor),1,https://profiles.stanford.edu/hai-wang
468,Kurosh Darvish,Temple University,Mech,A5076637135,None,HTTP_404,LAST_1998,5,KEEP (Active Professor),1,https://engineering.temple.edu/about/faculty-staff/kurosh-darvish-tue45517
469,Parsaoran Hutapea,Temple University,Mech,A5071236120,None,HTTP_404,LAST_1998,17,KEEP (Active Professor),1,https://engineering.temple.edu/about/faculty-staff/parsaoran-hutapea-tua72887
760,Xianqiao Wang,University of Georgia,Math,A5075797472,Assistant Professor,ACTIVE_ASSISTANT_PROF,LAST_1986,81,KEEP (Active Professor),1,https://engineering.uga.edu/directory/xianqiao-wang/
470,Haijun Liu,Temple University,Mech,A5100652355,None,HTTP_404,LAST_2004,32,KEEP (Active Professor),1,https://engineering.temple.edu/about/faculty-staff/haijun-liu-tuf87186
471,Mohammad F. Kiani,Temple University,Mech,A5011547126,None,HTTP_404,LAST_1988,20,KEEP (Active Professor),1,https://engineering.temple.edu/about/faculty-staff/mohammad-f-kiani-tud14330
763,Lin Mu,University of Georgia,Math,A5060319992,Retired,FLAG_RETIRED,LAST_1998,18,REMOVE (Emeritus / Retired),3,https://www.math.uga.edu/directory/people/lin-mu
472,Philip Dames,Temple University,Mech,A5070031738,None,HTTP_404,LAST_2012,42,KEEP (Active Professor),1,https://engineering.temple.edu/about/faculty-staff/philip-dames-tuf42055
474,Damoon Soudbakhsh,Temple University,Mech,A5035570579,None,HTTP_404,LAST_2004,30,KEEP (Active Professor),1,https://engineering.temple.edu/about/faculty-staff/damoon-soudbakhsh-tuf06807
477,Rodney Bowersox,Texas A&M University-College Station,Aero,A5069116457,Professor,ACTIVE_PROFESSOR,LAST_1990,56,KEEP (Active Professor),1,https://engineering.tamu.edu/aerospace/profiles/bowersox-rodney.html
478,Diego Donzis,Texas A&M University-College Station,Aero,A5075864982,Professor,ACTIVE_PROFESSOR,LAST_2003,17,KEEP (Active Professor),1,https://engineering.tamu.edu/aerospace/profiles/ddonzis.html
479,Sharath Girimaji,Texas A&M University-College Station,Aero,A5029911175,Professor,ACTIVE_PROFESSOR,LAST_1989,32,KEEP (Active Professor),1,https://engineering.tamu.edu/aerospace/profiles/sgirimaji.html
480,Paul Cizmas,Texas A&M University-College Station,Aero,A5069442381,Professor,ACTIVE_PROFESSOR,LAST_1995,15,KEEP (Active Professor),1,https://engineering.tamu.edu/aerospace/profiles/pcizmas.html
481,Ivett Leyva,Texas A&M University-College Station,Aero,A5081396743,Professor,ACTIVE_PROFESSOR,LAST_1993,12,KEEP (Active Professor),1,https://engineering.tamu.edu/aerospace/profiles/leyva-ivett.html
493,Selahattin Ozcelik,Texas A&M University-Kingsville,Mech,A5006553853,Professor,ACTIVE_PROFESSOR,LAST_1996,7,KEEP (Active Professor),1,https://www.tamuk.edu/engineering/departments/mien/faculty_staff/SelahattinOzcelik.html
494,Larry D. Peel,Texas A&M University-Kingsville,Mech,A5005087277,Professor,ACTIVE_PROFESSOR,LAST_1991,10,KEEP (Active Professor),1,https://www.tamuk.edu/engineering/departments/mien/faculty_staff/larrypeel.html
495,Hong Zhou,Texas A&M University-Kingsville,Mech,A5035298559,No clear rank detected,UNCERTAIN_WEB,LAST_1997,157,KEEP (Active Professor),1,https://www.tamuk.edu/engineering/departments/mien/faculty_staff/HongZhou.html
774,Annalisa Quaini,University of Houston,Math,A5000102598,Professor,ACTIVE_PROFESSOR,LAST_2005,71,KEEP (Active Professor),1,https://www.math.uh.edu/~quaini/
775,Maxim Olshanskii,University of Houston,Math,A5077985757,Adjunct,FLAG_ADJUNCT,LAST_1995,58,REMOVE (Adjunct / Lecturer),3,https://www.math.uh.edu/~molshan/
776,Jiwen He,University of Houston,Math,A5058245677,No clear rank detected,UNCERTAIN_WEB,LAST_1991,14,KEEP (Active Professor),1,https://www.math.uh.edu/~jiwenhe/
777,Tsorng-Whay Pan,University of Houston,Math,A5086903998,Lecturer,FLAG_LECTURER,LAST_1990,24,REMOVE (Adjunct / Lecturer),3,https://www.math.uh.edu/~pan/
778,Loïc Cappanera,University of Houston,Math,A5009446749,Emeritus,FLAG_EMERITUS,LAST_2014,14,REMOVE (Emeritus / Retired),3,https://www.uh.edu/nsm/math/people/faculty/
779,Andreas Mang,University of Houston,Math,A5017333493,Emeritus,FLAG_EMERITUS,LAST_1997,16,REMOVE (Emeritus / Retired),3,https://www.uh.edu/nsm/math/people/faculty/
498,Hua Li,Texas A&M University-Kingsville,Mech,NOT_FOUND (CANDIDATES_FOUND_NO_AFFIL_MATCH),Professor,ACTIVE_PROFESSOR,NO_OA_ID,0,KEEP (Active Professor),1,https://www.tamuk.edu/engineering/departments/mien/faculty_staff/HuaLi.html
499,Fazle Hussain,Texas Tech University,Mech,A5031163364,Professor,ACTIVE_PROFESSOR,LAST_1970,41,KEEP (Active Professor),1,https://www.depts.ttu.edu/me/faculty/fazle_hussain/index.php
501,Victor Maldonado,Texas Tech University,Mech,A5102729317,Associate Professor,ACTIVE_ASSOCIATE_PROF,LAST_2005,47,KEEP (Active Professor),1,https://www.depts.ttu.edu/me/faculty/victor_maldonado/index.php
502,Sukalyan Bhattacharya,Texas Tech University,Mech,A5047935545,Associate Professor,ACTIVE_ASSOCIATE_PROF,LAST_1956,7,KEEP (Active Professor),1,https://www.depts.ttu.edu/me/faculty/sukalyan_bhattacharya/index.php
503,Michelle L. Pantoya,Texas Tech University,Mech,A5057127680,Professor,ACTIVE_PROFESSOR,LAST_1999,63,KEEP (Active Professor),1,https://www.depts.ttu.edu/me/faculty/michelle_pantoya/index.php
785,Lyudmyla Barannyk,University of Idaho,Math,A5031264092,Emeritus,FLAG_EMERITUS,LAST_1997,6,REMOVE (Emeritus / Retired),3,https://www.uidaho.edu/science/our-people
504,Song-Charng Kong,Texas Tech University,Mech,A5089047836,Professor,ACTIVE_PROFESSOR,LAST_1992,40,KEEP (Active Professor),1,https://www.depts.ttu.edu/me/faculty/song_kong/index.php
505,Dhawal Buaria,Texas Tech University,Mech,A5027581862,Assistant Professor,ACTIVE_ASSISTANT_PROF,LAST_2011,23,KEEP (Active Professor),1,https://www.depts.ttu.edu/me/faculty/Dhawal_Buaria/dhawalbuaria.php
506,Zhaoming He,Texas Tech University,Mech,NOT_FOUND (CANDIDATES_FOUND_NO_AFFIL_MATCH),Associate Professor,ACTIVE_ASSOCIATE_PROF,NO_OA_ID,0,KEEP (Active Professor),1,https://www.depts.ttu.edu/me/faculty/zhaoming_he/index.php
514,Xiaolong Luo,The Catholic University of America,Mech,A5030247401,Assistant Professor,ACTIVE_ASSISTANT_PROF,LAST_1992,26,KEEP (Active Professor),1,https://engineering.catholic.edu/research-and-faculty/faculty-profiles/mechanical/luo-xiaolong/index.html
518,David B. Goldstein,The University of Texas at Austin,Mech/Aero,A5109883381,Professor,ACTIVE_PROFESSOR,LAST_1995,7,KEEP (Active Professor),1,https://ae.utexas.edu/person/david-b-goldstein/
519,Philip L. Varghese,The University of Texas at Austin,Mech/Aero,A5023011781,Professor,ACTIVE_PROFESSOR,LAST_1978,55,KEEP (Active Professor),1,https://ae.utexas.edu/person/philip-l-varghese/
520,Fabrizio Bisetti,The University of Texas at Austin,Mech/Aero,A5023116154,Associate Professor,ACTIVE_ASSOCIATE_PROF,LAST_2003,25,KEEP (Active Professor),1,https://ae.utexas.edu/person/fabrizio-bisetti/
793,Sheng-Wei Chi,University of Illinois Chicago,Math,NOT_FOUND (CANDIDATES_FOUND_NO_AFFIL_MATCH),None,HTTP_403,NO_OA_ID,0,REVIEW (Inactive: 0 papers since 2022),2,https://cme.uic.edu/profiles/sheng-wei-chi/
794,David Nicholls,University of Illinois Chicago,Math,NOT_FOUND (CANDIDATES_FOUND_NO_AFFIL_MATCH),None,HTTP_403,NO_OA_ID,0,REVIEW (Inactive: 0 papers since 2022),2,https://mscs.uic.edu/profiles/david-nicholls/
795,Jie Yang,University of Illinois Chicago,Math,A5100404947,None,HTTP_403,LAST_1994,4725,KEEP (Active Professor),1,https://mscs.uic.edu/profiles/jie-yang/
522,Karen Willcox,The University of Texas at Austin,Mech/Aero/Math,A5017431306,Professor,ACTIVE_PROFESSOR,LAST_1997,87,KEEP (Active Professor),1,https://oden.utexas.edu/people/directory/karen-willcox/
525,Tan Bui-Thanh,The University of Texas at Austin,Mech/Aero/Math,A5008274019,Assistant Professor,ACTIVE_ASSISTANT_PROF,LAST_2003,45,KEEP (Active Professor),1,https://oden.utexas.edu/people/directory/tan-bui-thanh/
526,Robert D. Moser,The University of Texas at Austin,Mech/Math,A5011004406,Professor,ACTIVE_PROFESSOR,LAST_1981,31,KEEP (Active Professor),1,https://oden.utexas.edu/people/directory/robert-moser/
527,George Biros,The University of Texas at Austin,Mech/Math,A5044137409,Assistant Professor,ACTIVE_ASSISTANT_PROF,LAST_1999,74,KEEP (Active Professor),1,https://oden.utexas.edu/people/directory/george-biros/
528,Omar Ghattas,The University of Texas at Austin,Mech/Math,A5049331711,Professor,ACTIVE_PROFESSOR,LAST_1985,53,KEEP (Active Professor),1,https://oden.utexas.edu/people/directory/omar-ghattas/
529,Jeffrey S. Guasto,Tufts University,Mech,A5019172915,Associate Professor,ACTIVE_ASSOCIATE_PROF,LAST_2005,20,KEEP (Active Professor),1,https://engineering.tufts.edu/me/people/faculty/jeffrey-guasto
530,Chris Rogers,Tufts University,Mech,A5040667697,Professor,ACTIVE_PROFESSOR,LAST_1964,19,KEEP (Active Professor),1,https://engineering.tufts.edu/me/people/faculty/chris-rogers
531,Jason Rife,Tufts University,Mech,A5022024681,Professor,ACTIVE_PROFESSOR,LAST_1985,26,KEEP (Active Professor),1,https://engineering.tufts.edu/me/people/faculty/jason-rife
533,Robert White,Tufts University,Mech,NOT_FOUND (CANDIDATES_FOUND_NO_AFFIL_MATCH),Professor,ACTIVE_PROFESSOR,NO_OA_ID,0,KEEP (Active Professor),1,https://engineering.tufts.edu/me/people/faculty/robert-white
805,Paul Fischer,University of Illinois Urbana-Champaign,Math,A5101625386,Emeritus,FLAG_EMERITUS,OA_TIMEOUT,0,REMOVE (Emeritus / Retired),3,https://mechse.illinois.edu/people/profile/fischerp
534,Igor Sokolov,Tufts University,Mech,A5043516298,Professor,ACTIVE_PROFESSOR,LAST_1960,36,KEEP (Active Professor),1,https://engineering.tufts.edu/me/people/faculty/igor-sokolov
535,Deborah Ann Sunter,Tufts University,Mech,A5015483872,Associate Professor,ACTIVE_ASSOCIATE_PROF,LAST_1989,17,KEEP (Active Professor),1,https://engineering.tufts.edu/me/people/faculty/deborah-sunter
561,Robert A. Frederick Jr.,University of Alabama in Huntsville,Mech/Aero,NOT_FOUND (CANDIDATES_FOUND_NO_AFFIL_MATCH),Professor,ACTIVE_PROFESSOR,NO_OA_ID,0,KEEP (Active Professor),1,https://www.uah.edu/eng/departments/mae/faculty-staff/robert-frederick
809,Luke Olson,University of Illinois Urbana-Champaign,Math,A5027808971,Emeritus,FLAG_EMERITUS,OA_TIMEOUT,0,REMOVE (Emeritus / Retired),3,https://cs.illinois.edu/about/people/department-faculty/lukeo
810,Andreas Kloeckner,University of Illinois Urbana-Champaign,Math,A5038003633,Emeritus,FLAG_EMERITUS,LAST_2009,18,REMOVE (Emeritus / Retired),3,https://cs.illinois.edu/about/people/department-faculty/andreask
562,Jason T. Cassibry,University of Alabama in Huntsville,Mech/Aero,A5025128444,Assistant Professor,ACTIVE_ASSISTANT_PROF,LAST_1999,45,KEEP (Active Professor),1,https://www.uah.edu/eng/departments/mae/faculty-staff/jason-cassibry
563,Kunning G. Xu,University of Alabama in Huntsville,Mech/Aero,A5083071741,No clear rank detected,UNCERTAIN_WEB,LAST_2005,32,KEEP (Active Professor),1,https://www.uah.edu/eng/departments/mae/faculty-staff/kunning-xu
564,John Bennewitz,University of Alabama in Huntsville,Mech/Aero,A5057043012,Assistant Professor,ACTIVE_ASSISTANT_PROF,LAST_2010,22,KEEP (Active Professor),1,https://www.uah.edu/eng/departments/mae/faculty-staff/john-bennewitz
565,Kader Frendi,University of Alabama in Huntsville,Mech/Aero,A5078585019,Assistant Professor,ACTIVE_ASSISTANT_PROF,LAST_2001,0,KEEP (Active Professor),1,https://www.uah.edu/eng/departments/mae/faculty-staff/kader-frendi
815,H.S. Udaykumar,University of Iowa,Math,A5089702832,Assistant Professor,ACTIVE_ASSISTANT_PROF,OA_TIMEOUT,0,KEEP (Active Professor),1,https://engineering.uiowa.edu/people/me-people/me-faculty
566,Babak Shotorban,University of Alabama in Huntsville,Mech/Aero,A5018948140,Professor,ACTIVE_PROFESSOR,LAST_1999,11,KEEP (Active Professor),1,https://www.uah.edu/eng/departments/mae/faculty-staff/babak-shotorban
567,Sarma L. Rani,University of Alabama in Huntsville,Mech/Aero,A5037379518,Professor,ACTIVE_PROFESSOR,LAST_1997,14,KEEP (Active Professor),1,https://www.uah.edu/eng/departments/mae/faculty-staff/sarma-rani
818,Shaoping Xiao,University of Iowa,Math,A5025292957,Assistant Professor,ACTIVE_ASSISTANT_PROF,OA_TIMEOUT,0,KEEP (Active Professor),1,https://engineering.uiowa.edu/people/me-people/me-faculty
568,Gang Wang,University of Alabama in Huntsville,Mech/Aero,NOT_FOUND (CANDIDATES_FOUND_NO_AFFIL_MATCH),Associate Professor,ACTIVE_ASSOCIATE_PROF,NO_OA_ID,0,KEEP (Active Professor),1,https://www.uah.edu/eng/departments/mae/faculty-staff/gang-wang
820,Tong Li,University of Iowa,Math,NOT_FOUND (CANDIDATES_FOUND_NO_AFFIL_MATCH),Emeritus,FLAG_EMERITUS,NO_OA_ID,0,REMOVE (Emeritus / Retired),3,https://math.uiowa.edu/people/tong-li
569,James Paul Hubner,University of Alabama-Tuscaloosa,Mech/Aero,NOT_FOUND (CANDIDATES_FOUND_NO_AFFIL_MATCH),Assistant Professor,ACTIVE_ASSISTANT_PROF,NO_OA_ID,0,KEEP (Active Professor),1,https://eng.ua.edu/eng-directory/dr-james-paul-hubner/
570,Amy W. Lang,University of Alabama-Tuscaloosa,Mech/Aero,NOT_FOUND (CANDIDATES_FOUND_NO_AFFIL_MATCH),Professor,ACTIVE_PROFESSOR,NO_OA_ID,0,KEEP (Active Professor),1,https://eng.ua.edu/eng-directory/dr-amy-w-lang/
571,Semih M. Olcmen,University of Alabama-Tuscaloosa,Mech/Aero,NOT_FOUND (CANDIDATES_FOUND_NO_AFFIL_MATCH),Professor,ACTIVE_PROFESSOR,NO_OA_ID,0,KEEP (Active Professor),1,https://eng.ua.edu/eng-directory/dr-semih-m-olcmen/
572,John Panickacheril John,University of Alabama-Tuscaloosa,Mech/Aero,A5043383748,Assistant Professor,ACTIVE_ASSISTANT_PROF,LAST_2016,9,KEEP (Active Professor),1,https://eng.ua.edu/eng-directory/dr-john-panickacheril-john/
573,Jinwei Shen,University of Alabama-Tuscaloosa,Mech/Aero,A5101444753,Associate Professor,ACTIVE_ASSOCIATE_PROF,LAST_2000,11,KEEP (Active Professor),1,https://eng.ua.edu/eng-directory/dr-jinwei-shen/
826,Amir M. Mirzendehdel,University of Kansas,Math,A5006261007,Assistant Professor,ACTIVE_ASSISTANT_PROF,LAST_2014,13,KEEP (Active Professor),1,https://ae.ku.edu/people/amir-mirzendehdel
574,Weihua Su,University of Alabama-Tuscaloosa,Mech/Aero,A5020767969,Associate Professor,ACTIVE_ASSOCIATE_PROF,LAST_2003,74,KEEP (Active Professor),1,https://eng.ua.edu/eng-directory/dr-weihua-su/
828,Erik Van Vleck,University of Kansas,Math,A5012033652,Emeritus,FLAG_EMERITUS,LAST_1994,7,REMOVE (Emeritus / Retired),3,https://mathematics.ku.edu/people/erik-van-vleck
829,Weizhang Huang,University of Kansas,Math,A5041682967,Emeritus,FLAG_EMERITUS,LAST_1991,38,REMOVE (Emeritus / Retired),3,https://mathematics.ku.edu/people/weizhang-huang
830,Xuemin Tu,University of Kansas,Math,A5009472962,Emeritus,FLAG_EMERITUS,LAST_2002,23,REMOVE (Emeritus / Retired),3,https://mathematics.ku.edu/people/xuemin-tu
575,Redha Wahidi,University of Alabama-Tuscaloosa,Mech/Aero,A5082245494,Assistant Professor,ACTIVE_ASSISTANT_PROF,LAST_1996,7,KEEP (Active Professor),1,https://eng.ua.edu/eng-directory/dr-redha-wahidi/
576,C. Taber Wanstall,University of Alabama-Tuscaloosa,Mech/Aero,A5084274602,Assistant Professor,ACTIVE_ASSISTANT_PROF,LAST_2017,12,KEEP (Active Professor),1,https://eng.ua.edu/eng-directory/dr-c-taber-wanstall/
577,Ajay K. Agrawal,University of Alabama-Tuscaloosa,Mech,A5010079917,Professor,ACTIVE_PROFESSOR,LAST_1979,69,KEEP (Active Professor),1,https://eng.ua.edu/eng-directory/dr-ajay-k-agrawal/
578,Kalyan Kumar Srinivasan,University of Alabama-Tuscaloosa,Mech,A5076152416,Professor,ACTIVE_PROFESSOR,LAST_1963,17,KEEP (Active Professor),1,https://eng.ua.edu/eng-directory/dr-kalyan-kumar-srinivasan/
579,Alexey N. Volkov,University of Alabama-Tuscaloosa,Mech,A5090638100,Associate Professor,ACTIVE_ASSOCIATE_PROF,LAST_1958,33,KEEP (Active Professor),1,https://eng.ua.edu/eng-directory/dr-alexey-n-volkov/
581,Sundar Rajan Krishnan,University of Alabama-Tuscaloosa,Mech,A5047803926,Professor,ACTIVE_PROFESSOR,LAST_1955,22,KEEP (Active Professor),1,https://eng.ua.edu/eng-directory/dr-sundar-rajan-krishnan/
582,Shahriar (Sean) Amini,University of Alabama-Tuscaloosa,Mech,NOT_FOUND (NOT_FOUND_BY_NAME),Associate Professor,ACTIVE_ASSOCIATE_PROF,NO_OA_ID,0,KEEP (Active Professor),1,https://eng.ua.edu/eng-directory/dr-shahriar-sean-amini/
838,Qiang Ye,University of Kentucky,Math,A5100417954,Emeritus,FLAG_EMERITUS,LAST_1992,35,REMOVE (Emeritus / Retired),3,https://math.as.uky.edu/users/qye3
839,David Murrugarra,University of Kentucky,Math,A5028197670,None,HTTP_404,LAST_2010,29,KEEP (Active Professor),1,https://math.as.uky.edu/users/murrugarra
587,Sergey Shkarayev,University of Arizona,Mech/Aero,A5010987890,None,HTTP_404,LAST_1987,14,KEEP (Active Professor),1,https://ame.engineering.arizona.edu/faculty-staff/faculty/sergey-shkarayev
588,Kyle Hanquist,University of Arizona,Mech/Aero,A5024422249,None,HTTP_403,LAST_2014,33,KEEP (Active Professor),1,https://ame.engineering.arizona.edu/faculty-staff/faculty/kyle-hanquist
598,Yuanhang Zhu,"University of California, Riverside",Mech,A5041542499,No clear rank detected,UNCERTAIN_WEB,LAST_2008,25,KEEP (Active Professor),1,https://profiles.ucr.edu/app/home/profile/yuanhanz
599,Marko Princevac,"University of California, Riverside",Mech,A5037426879,No clear rank detected,UNCERTAIN_WEB,LAST_2001,8,KEEP (Active Professor),1,https://profiles.ucr.edu/app/home/profile/mprincev
844,Ryan Luke,University of Louisville,Math,NOT_FOUND (CANDIDATES_FOUND_NO_AFFIL_MATCH),Emeritus,FLAG_EMERITUS,NO_OA_ID,0,REMOVE (Emeritus / Retired),3,https://artsandsciences.louisville.edu/mathematics/faculty-staff
845,Alica Miller,University of Louisville,Math,A5090851595,Emeritus,FLAG_EMERITUS,LAST_1981,3,REMOVE (Emeritus / Retired),3,https://artsandsciences.louisville.edu/mathematics/faculty-staff
600,Bhargav Rallabandi,"University of California, Riverside",Mech,A5023808976,No clear rank detected,UNCERTAIN_WEB,LAST_2012,23,KEEP (Active Professor),1,https://profiles.ucr.edu/app/home/profile/vrallaba
601,Akula Venkatram,"University of California, Riverside",Mech,A5053920882,No clear rank detected,UNCERTAIN_WEB,LAST_1973,27,KEEP (Active Professor),1,https://profiles.ucr.edu/app/home/profile/venky
604,Michael R. Zachariah,"University of California, Riverside",Other,A5055704852,No clear rank detected,UNCERTAIN_WEB,LAST_1981,84,KEEP (Active Professor),1,https://profiles.ucr.edu/app/home/profile/mrz
605,Georgios Karavalakis,"University of California, Riverside",Other,A5060045729,No clear rank detected,UNCERTAIN_WEB,LAST_2006,44,KEEP (Active Professor),1,https://profiles.ucr.edu/app/home/profile/gkaraval
614,Christopher A. Edwards,"University of California, Santa Cruz",Aero/Math,A5030115208,Assistant Professor,ACTIVE_ASSISTANT_PROF,LAST_1934,30,KEEP (Active Professor),1,https://ocean.ucsc.edu/people/senate-faculty/
851,Senthil S. Vel,University of Maine,Math,A5014859187,Emeritus,FLAG_EMERITUS,LAST_1998,23,REMOVE (Emeritus / Retired),3,https://umaine.edu/mcec/mechanical-engineering/faculty-staff/
615,Jerome Fiechter,"University of California, Santa Cruz",Aero/Math,A5065872306,Assistant Professor,ACTIVE_ASSISTANT_PROF,LAST_1998,47,KEEP (Active Professor),1,https://ocean.ucsc.edu/people/senate-faculty/
616,Alexis Kaminski,University of California-Berkeley,Mech,A5060279166,Assistant Professor,ACTIVE_ASSISTANT_PROF,LAST_2012,21,KEEP (Active Professor),1,https://me.berkeley.edu/people/alexis-kaminski/
621,Michael J. Gollner,University of California-Berkeley,Mech/Aero,A5042965162,Associate Professor,ACTIVE_ASSOCIATE_PROF,LAST_2010,70,KEEP (Active Professor),1,https://me.berkeley.edu/people/michael-gollner/
623,Negar Mehr,University of California-Berkeley,Mech/Aero,A5062267932,Assistant Professor,ACTIVE_ASSISTANT_PROF,LAST_2016,55,KEEP (Active Professor),1,https://me.berkeley.edu/people/negar-mehr/
624,Giuseppe Loianno,University of California-Berkeley,Aero/Math,A5077485450,None,HTTP_404,LAST_2011,116,KEEP (Active Professor),1,https://eecs.berkeley.edu/people/faculty/giuseppe-loianno
857,Eitan Tadmor,University of Maryland-College Park,Math,A5072355478,None,HTTP_404,LAST_1975,45,KEEP (Active Professor),1,https://www-math.umd.edu/~tadmor/
858,Haizhao Yang,University of Maryland-College Park,Math,A5079602544,None,HTTP_404,LAST_1994,77,KEEP (Active Professor),1,https://math.umd.edu/people/faculty/item/1501-hzyang.html
859,Konstantina Trivisa,University of Maryland-College Park,Math,A5045947845,None,HTTP_404,LAST_1997,11,KEEP (Active Professor),1,https://www-math.umd.edu/~trivisa/
625,Claire J. Tomlin,University of California-Berkeley,Aero/Math,A5045155646,No clear rank detected,UNCERTAIN_WEB,LAST_1996,93,KEEP (Active Professor),1,https://eecs.berkeley.edu/people/faculty/claire-tomlin
626,Alexandre M. Bayen,University of California-Berkeley,Aero/Math,A5021116704,No clear rank detected,UNCERTAIN_WEB,LAST_2001,77,KEEP (Active Professor),1,https://eecs.berkeley.edu/people/faculty/alexandre-bayen
631,Seongkyu Lee,University of California-Davis,Mech/Aero,A5030054230,None,HTTP_403,LAST_2006,60,KEEP (Active Professor),1,https://mae.ucdavis.edu/directory/seongkyu-lee
632,Camli Badrya,University of California-Davis,Mech/Aero,A5055976807,None,HTTP_403,LAST_2015,30,KEEP (Active Professor),1,https://mae.ucdavis.edu/people/camli-badrya
633,Christina Harvey,University of California-Davis,Mech/Aero,A5046867764,None,HTTP_403,LAST_2018,34,KEEP (Active Professor),1,https://mae.ucdavis.edu/people/christina-harvey
636,Mohsen Habibi,University of California-Davis,Mech/Aero,A5043573145,None,HTTP_403,LAST_2003,12,KEEP (Active Professor),1,https://mae.ucdavis.edu/people/mohsen-habibi
656,Kunihiko Taira,University of California-Los Angeles,Mech/Aero,A5035955909,Professor,ACTIVE_PROFESSOR,LAST_2002,106,KEEP (Active Professor),1,https://samueli.ucla.edu/people/kunihiko-taira/
867,Markos A. Katsoulakis,University of Massachusetts Amherst,Math,A5045079747,Timeout,WEB_TIMEOUT,LAST_1994,28,KEEP (Active Professor),1,https://www.math.umass.edu/~markos/
868,Luc Rey-Bellet,University of Massachusetts Amherst,Math,A5066349615,Timeout,WEB_TIMEOUT,LAST_1998,17,KEEP (Active Professor),1,https://www.math.umass.edu/~luc/
657,Xiaolin Zhong,University of California-Los Angeles,Mech/Aero,A5033534832,Professor,ACTIVE_PROFESSOR,LAST_1993,39,KEEP (Active Professor),1,https://samueli.ucla.edu/people/xiaolin-zhong/
658,Anya Jones,University of California-Los Angeles,Mech/Aero,A5032571396,Professor,ACTIVE_PROFESSOR,LAST_1941,27,KEEP (Active Professor),1,https://samueli.ucla.edu/people/anya-jones/
871,Yue Guan,University of Memphis,Math,A5079664074,Emeritus,FLAG_EMERITUS,LAST_1989,67,REMOVE (Emeritus / Retired),3,https://www.memphis.edu/me/faculty/
659,Ann R. Karagozian,University of California-Los Angeles,Mech/Aero,A5039250706,Professor,ACTIVE_PROFESSOR,LAST_1979,14,KEEP (Active Professor),1,https://samueli.ucla.edu/people/ann-karagozian/
660,Raymond Mitchell Spearrin,University of California-Los Angeles,Mech/Aero,A5005653356,Professor,ACTIVE_PROFESSOR,LAST_2013,66,KEEP (Active Professor),1,https://samueli.ucla.edu/people/mitchell-spearrin/
661,M. Khalid Jawed,University of California-Los Angeles,Mech/Aero,A5055368146,Associate Professor,ACTIVE_ASSOCIATE_PROF,LAST_1969,82,KEEP (Active Professor),1,https://samueli.ucla.edu/people/m-khalid-jawed/
662,Artur Davoyan,University of California-Los Angeles,Mech/Aero,A5004879471,Associate Professor,ACTIVE_ASSOCIATE_PROF,LAST_2007,37,KEEP (Active Professor),1,https://samueli.ucla.edu/people/artur-davoyan/
876,Hongqiu Chen,University of Memphis,Math,A5108442075,Emeritus,FLAG_EMERITUS,LAST_1998,1,REMOVE (Emeritus / Retired),3,https://www.memphis.edu/msci/people/
877,Irena Lasiecka,University of Memphis,Math,A5053756814,Emeritus,FLAG_EMERITUS,LAST_1973,33,REMOVE (Emeritus / Retired),3,https://www.memphis.edu/msci/people/
878,Roberto Triggiani,University of Memphis,Math,A5002934693,Emeritus,FLAG_EMERITUS,LAST_1973,23,REMOVE (Emeritus / Retired),3,https://www.memphis.edu/msci/people/
879,Jerome A. Goldstein,University of Memphis,Math,A5109396278,Emeritus,FLAG_EMERITUS,LAST_1967,9,REMOVE (Emeritus / Retired),3,https://www.memphis.edu/msci/people/
880,Majid Noroozi,University of Memphis,Math,A5112504440,Emeritus,FLAG_EMERITUS,LAST_2009,2,REMOVE (Emeritus / Retired),3,https://www.memphis.edu/msci/people/
881,Andrews T. Anum,University of Memphis,Math,A5050550988,Emeritus,FLAG_EMERITUS,LAST_2022,7,REMOVE (Emeritus / Retired),3,https://www.memphis.edu/msci/people/
663,Brett T. Lopez,University of California-Los Angeles,Mech/Aero,A5079219281,Assistant Professor,ACTIVE_ASSISTANT_PROF,LAST_2004,35,KEEP (Active Professor),1,https://samueli.ucla.edu/people/brett-lopez/
883,Qingda Yang,University of Miami,Math,A5034594036,Emeritus,FLAG_EMERITUS,LAST_1997,8,REMOVE (Emeritus / Retired),3,https://mae.coe.miami.edu/people/faculty/index.html
884,Giacomo Po,University of Miami,Math,A5088887903,Emeritus,FLAG_EMERITUS,LAST_2006,35,REMOVE (Emeritus / Retired),3,https://mae.coe.miami.edu/people/faculty/index.html
664,Jason L. Speyer,University of California-Los Angeles,Mech/Aero,A5069195481,Professor,ACTIVE_PROFESSOR,LAST_1961,6,KEEP (Active Professor),1,https://samueli.ucla.edu/people/jason-speyer/
665,Andrea L. Bertozzi,University of California-Los Angeles,Mech/Aero/Math,A5090707978,None,HTTP_307,LAST_1981,85,KEEP (Active Professor),1,https://www.math.ucla.edu/people/ladder/bertozzi
887,Shigui Ruan,University of Miami,Math,A5091820514,Emeritus,FLAG_EMERITUS,LAST_1991,53,REMOVE (Emeritus / Retired),3,https://mathematics.miami.edu/about-us/faculty/index.html
888,Chris Cosner,University of Miami,Math,A5058151904,Emeritus,FLAG_EMERITUS,LAST_1979,12,REMOVE (Emeritus / Retired),3,https://mathematics.miami.edu/about-us/faculty/index.html
889,Bruno Benedetti,University of Miami,Math,A5009586086,Emeritus,FLAG_EMERITUS,LAST_1970,8,REMOVE (Emeritus / Retired),3,https://mathematics.miami.edu/about-us/faculty/index.html
890,Krzysztof J. Fidkowski,University of Michigan-Ann Arbor,Math,NOT_FOUND (CANDIDATES_FOUND_NO_AFFIL_MATCH),None,HTTP_403,NO_OA_ID,0,REVIEW (Inactive: 0 papers since 2022),2,https://aero.engin.umich.edu/people/fidkowski-krzysztof/
671,Sutanu Sarkar,University of California-San Diego,Mech/Aero,A5111894817,Professor,ACTIVE_PROFESSOR,LAST_1987,12,KEEP (Active Professor),1,https://jacobsschool.ucsd.edu/people/profile/sutanu-sarkar
672,Stefan Llewellyn Smith,University of California-San Diego,Mech/Aero,A5028755953,Assistant Professor,ACTIVE_ASSISTANT_PROF,LAST_1968,25,KEEP (Active Professor),1,https://jacobsschool.ucsd.edu/people/profile/stefan-llewellyn-smith
673,Antonio L. Sanchez,University of California-San Diego,Mech/Aero,A5033779364,Professor,ACTIVE_PROFESSOR,LAST_1994,48,KEEP (Active Professor),1,https://jacobsschool.ucsd.edu/people/profile/antonio-sanchez-perez
674,Abhishek Saha,University of California-San Diego,Mech/Aero,A5002436821,Associate Professor,ACTIVE_ASSOCIATE_PROF,LAST_2002,41,KEEP (Active Professor),1,https://jacobsschool.ucsd.edu/people/profile/abhishek-saha
675,Oliver T. Schmidt,University of California-San Diego,Mech/Aero,A5062168975,Associate Professor,ACTIVE_ASSOCIATE_PROF,LAST_1957,77,KEEP (Active Professor),1,https://jacobsschool.ucsd.edu/people/profile/oliver-schmidt
677,David Saintillan,University of California-San Diego,Mech/Aero,A5063860508,Assistant Professor,ACTIVE_ASSISTANT_PROF,LAST_2004,43,KEEP (Active Professor),1,https://jacobsschool.ucsd.edu/people/profile/david-saintillan
678,John T. Hwang,University of California-San Diego,Mech/Aero,A5041402377,Associate Professor,ACTIVE_ASSOCIATE_PROF,LAST_1990,99,KEEP (Active Professor),1,https://jacobsschool.ucsd.edu/node/3626
679,Jan Kleissl,University of California-San Diego,Mech/Aero,A5024143856,Professor,ACTIVE_PROFESSOR,LAST_2000,76,KEEP (Active Professor),1,https://jacobsschool.ucsd.edu/people/profile/jan-kleissl
680,Miroslav Krstic,University of California-San Diego,Mech/Aero,A5018293076,Professor,ACTIVE_PROFESSOR,LAST_1982,308,KEEP (Active Professor),1,https://jacobsschool.ucsd.edu/people/profile/miroslav-krstic
681,Farhat Beg,University of California-San Diego,Mech/Aero,A5083481557,Professor,ACTIVE_PROFESSOR,OA_TIMEOUT,0,KEEP (Active Professor),1,https://jacobsschool.ucsd.edu/node/3257
686,Eckart Meiburg,University of California-Santa Barbara,Mech,A5087013416,Professor,ACTIVE_PROFESSOR,LAST_1984,64,KEEP (Active Professor),1,https://me.ucsb.edu/people/eckart-meiburg
687,Paolo Luzzatto-Fegiz,University of California-Santa Barbara,Mech,A5038955642,Assistant Professor,ACTIVE_ASSISTANT_PROF,LAST_2006,24,KEEP (Active Professor),1,https://feslab.me.ucsb.edu/people/paolo-luzzatto-fegiz
903,Robert Krasny,University of Michigan-Ann Arbor,Math,A5030223056,None,HTTP_403,LAST_1983,15,KEEP (Active Professor),1,https://lsa.umich.edu/math/people/faculty/krasny.html
904,Shravan K. Veerapaneni,University of Michigan-Ann Arbor,Math,NOT_FOUND (CANDIDATES_FOUND_NO_AFFIL_MATCH),None,HTTP_403,NO_OA_ID,0,REVIEW (Inactive: 0 papers since 2022),2,https://lsa.umich.edu/math/people/faculty/shravan.html
688,Emilie Dressaire,University of California-Santa Barbara,Mech,A5021958524,Assistant Professor,ACTIVE_ASSISTANT_PROF,LAST_2006,23,KEEP (Active Professor),1,https://me.ucsb.edu/people/emilie-dressaire
691,Jeff Moehlis,University of California-Santa Barbara,Mech,A5077998932,Professor,ACTIVE_PROFESSOR,OA_TIMEOUT,0,KEEP (Active Professor),1,https://me.ucsb.edu/people/jeff-moehlis
707,Prashant Khare,University of Cincinnati,Mech/Aero,A5072628945,Professor,ACTIVE_PROFESSOR,LAST_1971,50,KEEP (Active Professor),1,https://researchdirectory.uc.edu/p/kharept
708,Ephraim J. Gutmark,University of Cincinnati,Mech/Aero,A5079281009,Professor,ACTIVE_PROFESSOR,LAST_1971,102,KEEP (Active Professor),1,https://researchdirectory.uc.edu/p/gutmarej
709,Daniel R. Cuppoletti,University of Cincinnati,Mech/Aero,A5039533300,Professor,ACTIVE_PROFESSOR,LAST_2009,40,KEEP (Active Professor),1,https://researchdirectory.uc.edu/p/cuppoldr
710,Shaaban A. Abdallah,University of Cincinnati,Mech/Aero,NOT_FOUND (NOT_FOUND_BY_NAME),Professor,ACTIVE_PROFESSOR,NO_OA_ID,0,KEEP (Active Professor),1,https://researchdirectory.uc.edu/p/abdallsa
711,Kelly Cohen,University of Cincinnati,Mech/Aero,A5034113408,Associate Professor,ACTIVE_ASSOCIATE_PROF,LAST_1989,61,KEEP (Active Professor),1,https://researchdirectory.uc.edu/p/cohenky
712,Abhinav Sinha,University of Cincinnati,Mech/Aero,A5022385451,Assistant Professor,ACTIVE_ASSISTANT_PROF,LAST_1978,77,KEEP (Active Professor),1,https://researchdirectory.uc.edu/p/sinhaab
913,Bernardo Cockburn,University of Minnesota-Twin Cities,Math,A5091258269,None,HTTP_403,LAST_1980,17,KEEP (Active Professor),1,https://cse.umn.edu/math/bernardo-cockburn
914,Douglas N. Arnold,University of Minnesota-Twin Cities,Math,A5067734351,None,HTTP_403,LAST_1979,7,KEEP (Active Professor),1,https://cse.umn.edu/math/douglas-n-arnold
714,Ahmed Allam,University of Cincinnati,Mech,A5040270868,Assistant Professor,ACTIVE_ASSISTANT_PROF,LAST_2001,77,KEEP (Active Professor),1,https://researchdirectory.uc.edu/p/allamad
715,Manish Kumar,University of Cincinnati,Mech,A5100383545,Professor,ACTIVE_PROFESSOR,LAST_1991,346,KEEP (Active Professor),1,https://researchdirectory.uc.edu/p/kumarmu
917,Shan Jiang,University of Mississippi,Math,A5033970065,Associate Professor,ACTIVE_ASSOCIATE_PROF,LAST_1997,65,KEEP (Active Professor),1,https://olemiss.edu/profiles/jiang
918,Arunachalam M. Rajendran,University of Mississippi,Math,NOT_FOUND (CANDIDATES_FOUND_NO_AFFIL_MATCH),Lecturer,FLAG_LECTURER,NO_OA_ID,0,REMOVE (Adjunct / Lecturer),3,https://olemiss.edu/departments/engineering/mechanical-engineering/about/
919,Hailin Sang,University of Mississippi,Math,A5076040083,Emeritus,FLAG_EMERITUS,LAST_2008,11,REMOVE (Emeritus / Retired),3,https://olemiss.edu/math/about-mathematics/
716,Iain D. Boyd,University of Colorado Boulder,Aero/Math,A5029805261,Assistant Professor,ACTIVE_ASSISTANT_PROF,LAST_1987,94,KEEP (Active Professor),1,https://www.colorado.edu/aerospace/iain-boyd
717,Robyn Macdonald,University of Colorado Boulder,Aero/Math,A5017038842,Assistant Professor,ACTIVE_ASSISTANT_PROF,LAST_1981,18,KEEP (Active Professor),1,https://www.colorado.edu/aerospace/robyn-macdonald
718,Kenneth E. Jansen,University of Colorado Boulder,Aero/Math,A5069574368,Assistant Professor,ACTIVE_ASSISTANT_PROF,LAST_1982,28,KEEP (Active Professor),1,https://www.colorado.edu/aerospace/kenneth-jansen
720,Alireza Doostan,University of Colorado Boulder,Aero/Math,A5005638433,Assistant Professor,ACTIVE_ASSISTANT_PROF,LAST_2004,75,KEEP (Active Professor),1,https://www.colorado.edu/aerospace/alireza-doostan
722,Hisham Ali,University of Colorado Boulder,Aero/Math,NOT_FOUND (CANDIDATES_FOUND_NO_AFFIL_MATCH),Assistant Professor,ACTIVE_ASSISTANT_PROF,NO_OA_ID,0,KEEP (Active Professor),1,https://www.colorado.edu/aerospace/hisham-ali
723,Peter Hamlington,University of Colorado Boulder,Mech,A5080791181,Professor,ACTIVE_PROFESSOR,LAST_2005,39,KEEP (Active Professor),1,https://www.colorado.edu/mechanical/peter-hamlington
724,Nicole Labbe,University of Colorado Boulder,Mech,A5083124153,Assistant Professor,ACTIVE_ASSISTANT_PROF,LAST_1994,29,KEEP (Active Professor),1,https://www.colorado.edu/mechanical/nicole-labbe
729,Georgios Matheou,University of Connecticut,Mech/Aero,A5091254897,Timeout,WEB_TIMEOUT,LAST_2005,18,KEEP (Active Professor),1,https://mechanical-aerospace-manufacturing.engineering.uconn.edu/person/george-matheou/
928,Shuhao Cao,University of Missouri-Kansas City,Math,A5066985452,None,HTTP_404,LAST_2012,23,KEEP (Active Professor),1,https://sse.umkc.edu/profiles/cao-shuhao.html
929,Qiao Zhuang,University of Missouri-Kansas City,Math,A5074889926,None,HTTP_404,LAST_1980,6,KEEP (Active Professor),1,https://sse.umkc.edu/profiles/qiao-zhuang.html
930,Majid Bani-Yaghoub,University of Missouri-Kansas City,Math,A5060185995,None,HTTP_404,LAST_2006,39,KEEP (Active Professor),1,https://sse.umkc.edu/profiles/bani-yaghoub-majid.html
730,Xinyu Zhao,University of Connecticut,Mech/Aero,A5100709184,None,HTTP_404,LAST_1984,684,KEEP (Active Professor),1,https://mechanical-aerospace-manufacturing.engineering.uconn.edu/person/xinyu-zhao/
731,Chih-Jen Sung,University of Connecticut,Mech/Aero,A5007095988,Timeout,WEB_TIMEOUT,LAST_1992,33,KEEP (Active Professor),1,https://mechanical-aerospace-manufacturing.engineering.uconn.edu/person/chih-jen-sung/
933,Florin Bobaru,University of Nebraska-Lincoln,Math,A5033842463,Emeritus,FLAG_EMERITUS,LAST_2001,36,REMOVE (Emeritus / Retired),3,https://engineering.unl.edu/mme/about/faculty-staff/
732,Baki Cetegen,University of Connecticut,Mech/Aero,A5067619919,Timeout,WEB_TIMEOUT,LAST_1980,1,KEEP (Active Professor),1,https://mechanical-aerospace-manufacturing.engineering.uconn.edu/person/baki-cetegen/
736,Markus Peer Rumpfkeil,University of Dayton,Mech/Aero,A5054806727,Professor,ACTIVE_PROFESSOR,LAST_2007,30,KEEP (Active Professor),1,https://udayton.edu/directory/engineering/mechanical-and-aerospace/rumpfkeil_markus.php
738,Darrell S. Crowe,University of Dayton,Mech/Aero,A5025812364,Assistant Professor,ACTIVE_ASSISTANT_PROF,LAST_1979,12,KEEP (Active Professor),1,https://udayton.edu/directory/engineering/mechanical-and-aerospace/crowe-darrell.php
937,Adam Larios,University of Nebraska-Lincoln,Math,A5067799906,Professor,ACTIVE_PROFESSOR,LAST_2010,38,KEEP (Active Professor),1,https://math.unl.edu/person/adam-larios/
938,Petronela Radu,University of Nebraska-Lincoln,Math,A5054047964,None,HTTP_404,LAST_2005,10,KEEP (Active Professor),1,https://math.unl.edu/people/faculty/
739,Abdullah Al Amin,University of Dayton,Mech/Aero,A5091755527,Assistant Professor,ACTIVE_ASSISTANT_PROF,LAST_2004,19,KEEP (Active Professor),1,https://udayton.edu/directory/engineering/mechanical-and-aerospace/amin-abdullah.php
741,Joseph Kuehl,University of Delaware,Mech,A5029343690,Professor,ACTIVE_PROFESSOR,LAST_1980,24,KEEP (Active Professor),1,https://me.udel.edu/people/faculty-profiles/
742,David L. Burris,University of Delaware,Mech,A5014060936,Professor,ACTIVE_PROFESSOR,LAST_2004,21,KEEP (Active Professor),1,https://me.udel.edu/people/faculty-profiles/
942,Monika Neda,"University of Nevada, Las Vegas",Math,A5039585373,Professor,ACTIVE_PROFESSOR,LAST_2006,14,KEEP (Active Professor),1,https://www.unlv.edu/people/monika-neda
943,Jichun Li,"University of Nevada, Las Vegas",Math,A5051289477,Professor,ACTIVE_PROFESSOR,LAST_1994,45,KEEP (Active Professor),1,https://www.unlv.edu/people/jichun-li
944,Pengtao Sun,"University of Nevada, Las Vegas",Math,A5027962680,Professor,ACTIVE_PROFESSOR,LAST_1995,26,KEEP (Active Professor),1,https://www.unlv.edu/people/pengtao-sun
747,Fabrice Veron,University of Delaware,Aero/Math,A5065215632,No clear rank detected,UNCERTAIN_WEB,LAST_1998,16,KEEP (Active Professor),1,https://www.udel.edu/academics/colleges/ceoe/departments/smsp/
757,R. Benjamin Davis,University of Georgia,Mech,A5074717370,None,HTTP_404,LAST_1839,12,KEEP (Active Professor),1,https://engineering.uga.edu/directory/benjamin-davis/
758,Brandon Rotavera,University of Georgia,Mech,A5071330264,Assistant Professor,ACTIVE_ASSISTANT_PROF,LAST_2006,33,KEEP (Active Professor),1,https://engineering.uga.edu/directory/brandon-rotavera/
761,C. Brock Woodson,University of Georgia,Mech,A5042782080,Assistant Professor,ACTIVE_ASSISTANT_PROF,LAST_2005,35,KEEP (Active Professor),1,https://engineering.uga.edu/directory/c-brock-woodson/
762,Félix L. Santiago-Collazo,University of Georgia,Mech,A5004814671,Assistant Professor,ACTIVE_ASSISTANT_PROF,LAST_2017,16,KEEP (Active Professor),1,https://engineering.uga.edu/directory/felix-santiago-collazo/
764,Kwok Fai Cheung,University of Hawaii at Manoa,Aero,A5011809976,Assistant Professor,ACTIVE_ASSISTANT_PROF,LAST_1978,17,KEEP (Active Professor),1,https://www.soest.hawaii.edu/ore/people/faculty/kwok-fai-cheung/
951,Yanyao Jiang,"University of Nevada, Reno",Math,A5044964823,None,HTTP_404,LAST_1994,9,KEEP (Active Professor),1,https://www.unr.edu/me/people/yanyao-jiang
952,Aleksey Telyakovskiy,"University of Nevada, Reno",Math,A5072390222,None,HTTP_404,LAST_1997,7,KEEP (Active Professor),1,https://www.unr.edu/math-stat/people/aleksey-telyakovskiy
765,Justin E. Stopa,University of Hawaii at Manoa,Aero,A5056087611,Assistant Professor,ACTIVE_ASSISTANT_PROF,LAST_2007,11,KEEP (Active Professor),1,https://www.soest.hawaii.edu/ore/people/faculty/justin-e-stopa/
766,Eva-Marie Nosal,University of Hawaii at Manoa,Aero,A5025019523,Assistant Professor,ACTIVE_ASSISTANT_PROF,LAST_2001,14,KEEP (Active Professor),1,https://www.soest.hawaii.edu/ore/people/faculty/eva-marie-nosal/
767,Ersegun Deniz Gedikli,University of Hawaii at Manoa,Aero,A5055210929,Assistant Professor,ACTIVE_ASSISTANT_PROF,LAST_2013,20,KEEP (Active Professor),1,https://www.soest.hawaii.edu/ore/people/faculty/deniz-gedikli/
771,Di Yang,University of Houston,Mech/Aero,A5041883718,Assistant Professor,ACTIVE_ASSISTANT_PROF,LAST_2009,35,KEEP (Active Professor),1,https://www.me.uh.edu/faculty/yang-di
772,Daniel Floryan,University of Houston,Mech/Aero,A5086567929,Assistant Professor,ACTIVE_ASSISTANT_PROF,LAST_2011,21,KEEP (Active Professor),1,https://www.me.uh.edu/faculty/floryan
958,Marko Knezevic,University of New Hampshire,Math,A5091375664,Professor,ACTIVE_PROFESSOR,LAST_1962,119,KEEP (Active Professor),1,https://ceps.unh.edu/person/marko-knezevic
773,Myoungkyu Lee,University of Houston,Mech/Aero,A5057828898,Assistant Professor,ACTIVE_ASSISTANT_PROF,LAST_2000,26,KEEP (Active Professor),1,https://www.me.uh.edu/faculty/lee-myoungkyu
788,Constantine M. Megaridis,University of Illinois Chicago,Mech,A5015154815,None,HTTP_403,LAST_1987,44,KEEP (Active Professor),1,https://mie.uic.edu/profiles/constantine-m-megaridis/
789,Alexander Yarin,University of Illinois Chicago,Mech,A5080937639,None,HTTP_403,LAST_1977,111,KEEP (Active Professor),1,https://mie.uic.edu/profiles/alexander-yarin/
790,Parisa Mirbod,University of Illinois Chicago,Mech,A5005089075,None,HTTP_403,LAST_1974,40,KEEP (Active Professor),1,https://mie.uic.edu/profiles/parisa-mirbod/
963,Monika Nitsche,University of New Mexico,Math,A5005132508,Emeritus,FLAG_EMERITUS,LAST_1992,3,REMOVE (Emeritus / Retired),3,https://math.unm.edu/people/academic-personnel/tenure-stream
964,Mohammad Motamed,University of New Mexico,Math,A5047447127,Emeritus,FLAG_EMERITUS,LAST_2006,24,REMOVE (Emeritus / Retired),3,https://math.unm.edu/people/academic-personnel/tenure-stream
965,Pavel M. Lushnikov,University of New Mexico,Math,A5038496636,Emeritus,FLAG_EMERITUS,LAST_1995,8,REMOVE (Emeritus / Retired),3,https://math.unm.edu/people/academic-personnel/tenure-stream
966,Jacob B. Schroder,University of New Mexico,Math,A5038235793,Emeritus,FLAG_EMERITUS,LAST_1999,31,REMOVE (Emeritus / Retired),3,https://math.unm.edu/people/academic-personnel/jacob-schroder
967,Jehanzeb H. Chaudhry,University of New Mexico,Math,A5063753824,Emeritus,FLAG_EMERITUS,LAST_2008,8,REMOVE (Emeritus / Retired),3,https://math.unm.edu/people/academic-personnel/jehanzeb-chaudhry
968,Boyce E. Griffith,University of North Carolina at Chapel Hill,Math,A5058957444,None,HTTP_403,LAST_1998,86,KEEP (Active Professor),1,https://math.unc.edu/people/boyce-griffith/
969,M. Gregory Forest,University of North Carolina at Chapel Hill,Math,A5030886600,None,HTTP_403,LAST_1979,65,KEEP (Active Professor),1,https://math.unc.edu/people/m-gregory-forest/
970,Sorin Mitran,University of North Carolina at Chapel Hill,Math,A5013203508,None,HTTP_403,LAST_1997,4,KEEP (Active Professor),1,https://math.unc.edu/people/sorin-mitran/
971,Pedro J. Sáenz,University of North Carolina at Chapel Hill,Math,A5085277462,None,HTTP_403,LAST_2010,18,KEEP (Active Professor),1,https://math.unc.edu/people/pedro-saenz/
972,Jingfang Huang,University of North Carolina at Chapel Hill,Math,A5103071826,None,HTTP_403,LAST_1987,10,KEEP (Active Professor),1,https://math.unc.edu/people/jingfang-huang/
973,Jeremy L. Marzuola,University of North Carolina at Chapel Hill,Math,A5055763634,None,HTTP_403,LAST_2004,42,KEEP (Active Professor),1,https://math.unc.edu/people/jeremy-marzuola/
974,Daphne Klotsa,University of North Carolina at Chapel Hill,Math,A5049581686,None,HTTP_403,LAST_2005,15,KEEP (Active Professor),1,https://aps.unc.edu/faculty-member/daphne-klotsa/
791,Jonathan Komperda,University of Illinois Chicago,Mech,A5037889170,None,HTTP_403,LAST_2011,5,KEEP (Active Professor),1,https://mie.uic.edu/profiles/jonathan-komperda/
976,Jason Metcalfe,University of North Carolina at Chapel Hill,Math,A5041599947,None,HTTP_403,LAST_1993,6,KEEP (Active Professor),1,https://math.unc.edu/people/jason-metcalfe/
977,Shahar Kovalsky,University of North Carolina at Chapel Hill,Math,A5074707764,None,HTTP_403,LAST_2007,14,KEEP (Active Professor),1,https://math.unc.edu/people/shahar-kovalsky/
792,Patrick T. Lynch,University of Illinois Chicago,Mech,A5084107598,None,HTTP_403,LAST_2007,38,KEEP (Active Professor),1,https://mie.uic.edu/profiles/patrick-t-lynch/
811,Frederick Stern,University of Iowa,Mech/Math,A5071178969,Assistant Professor,ACTIVE_ASSISTANT_PROF,LAST_1937,33,KEEP (Active Professor),1,https://engineering.uiowa.edu/people/me-people/me-faculty
812,James Buchholz,University of Iowa,Mech/Math,A5074239955,Assistant Professor,ACTIVE_ASSISTANT_PROF,OA_TIMEOUT,0,KEEP (Active Professor),1,https://engineering.uiowa.edu/people/me-people/me-faculty
981,Alireza Tabarraei,University of North Carolina at Charlotte,Math,A5032056958,Professor,ACTIVE_PROFESSOR,LAST_2004,28,KEEP (Active Professor),1,https://engineering.charlotte.edu/people/alireza-tabarraei/
982,Harish Cherukuri,University of North Carolina at Charlotte,Math,A5020981584,None,HTTP_404,LAST_1993,16,KEEP (Active Professor),1,https://engineering.charlotte.edu/people/harish-cherukuri/
813,Casey Harwood,University of Iowa,Mech/Math,A5074957771,Assistant Professor,ACTIVE_ASSISTANT_PROF,OA_TIMEOUT,0,KEEP (Active Professor),1,https://engineering.uiowa.edu/people/me-people/me-faculty
984,Duan Chen,University of North Carolina at Charlotte,Math,NOT_FOUND (CANDIDATES_FOUND_NO_AFFIL_MATCH),Professor,ACTIVE_PROFESSOR,NO_OA_ID,0,KEEP (Active Professor),1,https://math.charlotte.edu/people/duan-chen/
985,Michael Klibanov,University of North Carolina at Charlotte,Math,A5006099683,Professor,ACTIVE_PROFESSOR,LAST_1976,64,KEEP (Active Professor),1,https://math.charlotte.edu/people/michael-klibanov/
986,Taufiquar Khan,University of North Carolina at Charlotte,Math,A5039681643,Professor,ACTIVE_PROFESSOR,LAST_1997,39,KEEP (Active Professor),1,https://math.charlotte.edu/people/taufiquar-khan/
987,Loc Nguyen,University of North Carolina at Charlotte,Math,NOT_FOUND (CANDIDATES_FOUND_NO_AFFIL_MATCH),Associate Professor,ACTIVE_ASSOCIATE_PROF,NO_OA_ID,0,KEEP (Active Professor),1,https://math.charlotte.edu/people/loc-nguyen/
814,Ching-Long Lin,University of Iowa,Mech/Math,A5006854308,Professor,ACTIVE_PROFESSOR,OA_TIMEOUT,0,KEEP (Active Professor),1,https://engineering.uiowa.edu/directory/ching-long-lin
816,Albert Ratner,University of Iowa,Mech,A5133049131,Assistant Professor,ACTIVE_ASSISTANT_PROF,OA_TIMEOUT,0,KEEP (Active Professor),1,https://engineering.uiowa.edu/people/me-people/me-faculty
817,Hiroyuki Sugiyama,University of Iowa,Mech,A5047424129,Assistant Professor,ACTIVE_ASSISTANT_PROF,OA_TIMEOUT,0,KEEP (Active Professor),1,https://engineering.uiowa.edu/people/me-people/me-faculty
991,Jacob Carstens,University of North Dakota,Math,A5027495418,Emeritus,FLAG_EMERITUS,LAST_2017,7,REMOVE (Emeritus / Retired),3,https://aero.und.edu/atmos/faculty-and-staff.html
992,Aaron Kennedy,University of North Dakota,Math,A5047434297,None,HTTP_404,LAST_2006,20,KEEP (Active Professor),1,https://campus.und.edu/directory/app.php/profile/aaron.kennedy
819,Venanzio Cichella,University of Iowa,Mech,A5014268576,Assistant Professor,ACTIVE_ASSISTANT_PROF,LAST_2011,46,KEEP (Active Professor),1,https://engineering.uiowa.edu/people/me-people/me-faculty
822,Shawn Keshmiri,University of Kansas,Aero,A5006497319,Professor,ACTIVE_PROFESSOR,LAST_2011,23,KEEP (Active Professor),1,https://ae.ku.edu/people/shawn-keshmiri
995,Zhenhua Huang,University of North Texas,Math,A5082883497,Professor,ACTIVE_PROFESSOR,LAST_1995,48,KEEP (Active Professor),1,https://engineering.unt.edu/people/zhenhua-huang.html
823,Emily Arnold,University of Kansas,Aero,A5000544440,Associate Professor,ACTIVE_ASSOCIATE_PROF,LAST_1993,17,KEEP (Active Professor),1,https://ae.ku.edu/people/emily-arnold
997,Jianguo Liu,University of North Texas,Math,A5100333053,Lecturer,FLAG_LECTURER,LAST_2001,99,REMOVE (Adjunct / Lecturer),3,https://facultyinfo.unt.edu/faculty-profile?profile=jgliu
827,Christopher Depcik,University of Kansas,Mech,A5036665517,No clear rank detected,UNCERTAIN_WEB,LAST_2002,23,KEEP (Active Professor),1,https://engr.ku.edu/people/christopher-depcik
831,Alexandre Martin,University of Kentucky,Mech/Aero,A5090307979,Assistant Professor,ACTIVE_ASSISTANT_PROF,LAST_1849,109,KEEP (Active Professor),1,https://mae.engr.uky.edu/people/alexandre-martin
832,Savio Poovathingal,University of Kentucky,Mech/Aero,A5062170265,Assistant Professor,ACTIVE_ASSISTANT_PROF,LAST_2012,62,KEEP (Active Professor),1,https://mae.engr.uky.edu/people/savio-poovathingal
833,Sean C. C. Bailey,University of Kentucky,Mech/Aero,A5043696262,Assistant Professor,ACTIVE_ASSISTANT_PROF,LAST_1999,45,KEEP (Active Professor),1,https://mae.engr.uky.edu/people/sean-bailey
834,Dan Fries,University of Kentucky,Mech/Aero,A5062559853,Assistant Professor,ACTIVE_ASSISTANT_PROF,LAST_2006,24,KEEP (Active Professor),1,https://mae.engr.uky.edu/people/dan-fries
836,Jesse B. Hoagg,University of Kentucky,Mech/Aero,A5064538163,Assistant Professor,ACTIVE_ASSISTANT_PROF,LAST_2003,50,KEEP (Active Professor),1,https://mae.engr.uky.edu/people/jesse-hoagg
840,Yongsheng Lian,University of Louisville,Mech,A5041938500,None,HTTP_403,LAST_1997,10,KEEP (Active Professor),1,https://engineering.louisville.edu/academics/faculty/page/6/?cat=14
841,Stuart J. Williams,University of Louisville,Mech,A5046282663,None,HTTP_403,LAST_1986,24,KEEP (Active Professor),1,https://engineering.louisville.edu/faculty/stuart-j-williams/
842,Badri Narayanan,University of Louisville,Mech,A5014353341,None,HTTP_403,LAST_2002,47,KEEP (Active Professor),1,https://engineering.louisville.edu/academics/faculty/
1007,Karel Matouš,University of Notre Dame,Math,A5006423008,Timeout,WEB_TIMEOUT,LAST_1998,20,KEEP (Active Professor),1,https://engineering.nd.edu/faculty/karel-matous/
1008,Ryan McClarren,University of Notre Dame,Math,A5036337528,Timeout,WEB_TIMEOUT,LAST_2002,107,KEEP (Active Professor),1,https://engineering.nd.edu/faculty/ryan-mcclarren/
848,Ahmed Aboelezz,University of Maine,Mech,A5016522890,Assistant Professor,ACTIVE_ASSISTANT_PROF,LAST_2017,30,KEEP (Active Professor),1,https://umaine.edu/directory/ums_directory/ahmed-aboelezz/
1010,Martina Bukač,University of Notre Dame,Math,A5001963035,Assistant Professor,ACTIVE_ASSISTANT_PROF,LAST_2012,22,KEEP (Active Professor),1,https://acms.nd.edu/people/martina-buka/
1011,Guosheng Fu,University of Notre Dame,Math,A5000943631,Associate Professor,ACTIVE_ASSOCIATE_PROF,LAST_1989,44,KEEP (Active Professor),1,https://acms.nd.edu/people/guosheng-fu/
1012,Zhiliang Xu,University of Notre Dame,Math,A5100600731,Adjunct,FLAG_ADJUNCT,LAST_1993,44,REMOVE (Adjunct / Lecturer),3,https://acms.nd.edu/people/zhiliang-xu/
849,Kewei Xu,University of Maine,Mech,A5100440755,Assistant Professor,ACTIVE_ASSISTANT_PROF,LAST_1991,53,KEEP (Active Professor),1,https://umaine.edu/directory/ums_directory/kewei-xu-2/
856,Inderjit Chopra,University of Maryland-College Park,Aero,A5003013152,No clear rank detected,UNCERTAIN_WEB,LAST_1971,34,KEEP (Active Professor),1,https://aero.umd.edu/clark/faculty/23/Inderjit-Chopra
860,Yahya Modarres-Sadeghi,University of Massachusetts Amherst,Mech,A5086743852,Assistant Professor,ACTIVE_ASSISTANT_PROF,LAST_2003,30,KEEP (Active Professor),1,https://mie.umass.edu/faculty/yahya-modarres-sadeghi
1016,Kuang-Hua Chang,University of Oklahoma,Math,A5018250672,Emeritus,FLAG_EMERITUS,LAST_1991,1,REMOVE (Emeritus / Retired),3,https://www.ou.edu/coe/ame/people/faculty.html
1017,Shuozhi Xu,University of Oklahoma,Math,A5052569938,Assistant Professor,ACTIVE_ASSISTANT_PROF,LAST_2001,68,KEEP (Active Professor),1,https://www.ou.edu/coe/ame/people/faculty/shuozhi-xu.html
1018,Zahed Siddique,University of Oklahoma,Math,A5034178913,Emeritus,FLAG_EMERITUS,LAST_1996,66,REMOVE (Emeritus / Retired),3,https://www.ou.edu/coe/ame/people/faculty.html
861,Stephen M. de Bruyn Kops,University of Massachusetts Amherst,Mech,A5010817082,Assistant Professor,ACTIVE_ASSISTANT_PROF,LAST_1998,25,KEEP (Active Professor),1,https://mie.umass.edu/faculty/stephen-de-bruyn-kops
862,Matthew Lackner,University of Massachusetts Amherst,Mech,A5078300862,Assistant Professor,ACTIVE_ASSISTANT_PROF,LAST_2003,16,KEEP (Active Professor),1,https://mie.umass.edu/faculty/matthew-lackner
1021,Nikola P. Petrov,University of Oklahoma,Math,A5042259094,None,HTTP_404,LAST_1971,1,KEEP (Active Professor),1,https://www.math.ou.edu/people/faculty.html
863,David P. Schmidt,University of Massachusetts Amherst,Mech,A5068753065,Assistant Professor,ACTIVE_ASSISTANT_PROF,LAST_1961,17,KEEP (Active Professor),1,https://mie.umass.edu/faculty/david-schmidt
864,Jonathan P. Rothstein,University of Massachusetts Amherst,Mech,A5089604205,Assistant Professor,ACTIVE_ASSISTANT_PROF,LAST_1999,27,KEEP (Active Professor),1,https://mie.umass.edu/faculty/jonathan-rothstein
1024,Pedro Ponte Castañeda,University of Pennsylvania,Math,A5056557701,Professor,ACTIVE_PROFESSOR,LAST_1987,17,KEEP (Active Professor),1,https://directory.engineering.upenn.edu/pedro-ponte-castaneda/
865,J. Blair Perot,University of Massachusetts Amherst,Mech,A5089940851,Assistant Professor,ACTIVE_ASSISTANT_PROF,LAST_1993,3,KEEP (Active Professor),1,https://mie.umass.edu/faculty/j-blair-perot
866,Krish Thiagarajan Sharman,University of Massachusetts Amherst,Mech,A5066769243,Assistant Professor,ACTIVE_ASSISTANT_PROF,LAST_1991,18,KEEP (Active Professor),1,https://mie.umass.edu/faculty/krish-thiagarajan-sharman
1027,Yoichiro Mori,University of Pennsylvania,Math,A5057292858,Lecturer,FLAG_LECTURER,LAST_1967,52,REMOVE (Adjunct / Lecturer),3,https://www.math.upenn.edu/people/yoichiro-mori
891,Karthik Duraisamy,University of Michigan-Ann Arbor,Aero,A5035881605,None,HTTP_403,LAST_2005,90,KEEP (Active Professor),1,https://aero.engin.umich.edu/people/duraisamy-karthik/
893,Joaquim R. R. A. Martins,University of Michigan-Ann Arbor,Aero,A5002602051,None,HTTP_403,LAST_1999,158,KEEP (Active Professor),1,https://aero.engin.umich.edu/people/martins-joaquim-r-r-a/
894,Mirko Gamba,University of Michigan-Ann Arbor,Aero,A5082990554,None,HTTP_403,LAST_2002,32,KEEP (Active Professor),1,https://aero.engin.umich.edu/people/gamba-mirko/
897,Gökçin Çınar,University of Michigan-Ann Arbor,Aero,A5081968438,None,HTTP_403,LAST_2014,54,KEEP (Active Professor),1,https://aero.engin.umich.edu/people/cinar-gokcin/
898,Kenneth G. Powell,University of Michigan-Ann Arbor,Aero,A5038923330,None,HTTP_403,LAST_1971,2,KEEP (Active Professor),1,https://aero.engin.umich.edu/people/powell-kenneth-g/
1033,William J. Layton,University of Pittsburgh,Math,A5064202954,Emeritus,FLAG_EMERITUS,LAST_1962,27,REMOVE (Emeritus / Retired),3,https://www.mathematics.pitt.edu/people/ant-73
1034,Dehua Wang,University of Pittsburgh,Math,A5100746448,Emeritus,FLAG_EMERITUS,LAST_1987,40,REMOVE (Emeritus / Retired),3,https://www.mathematics.pitt.edu/people/dehua-wang
1035,Michael J. Neilan,University of Pittsburgh,Math,A5039552338,Emeritus,FLAG_EMERITUS,LAST_2007,32,REMOVE (Emeritus / Retired),3,https://www.mathematics.pitt.edu/people/michael-j-neilan
1036,Catalin Trenchea,University of Pittsburgh,Math,A5070920996,Emeritus,FLAG_EMERITUS,LAST_1999,23,REMOVE (Emeritus / Retired),3,https://www.mathematics.pitt.edu/people/catalin-trenchea
1037,Armin Schikorra,University of Pittsburgh,Math,A5042899054,Emeritus,FLAG_EMERITUS,LAST_2008,59,REMOVE (Emeritus / Retired),3,https://www.mathematics.pitt.edu/people/armin-schikorra
1038,Robin Ming Chen,University of Pittsburgh,Math,A5033993148,None,HTTP_404,LAST_2006,19,KEEP (Active Professor),1,https://www.mathematics.pitt.edu/people/robin-ming-chen
899,Jesse Capecelatro,University of Michigan-Ann Arbor,Mech,A5027745718,None,HTTP_403,LAST_2010,73,KEEP (Active Professor),1,https://me.engin.umich.edu/people/faculty/jesse-capecelatro/
900,Eric Johnsen,University of Michigan-Ann Arbor,Mech,A5081692041,None,HTTP_403,LAST_1974,33,KEEP (Active Professor),1,https://me.engin.umich.edu/people/faculty/eric-johnsen/
901,Bogdan I. Epureanu,University of Michigan-Ann Arbor,Mech,A5068549665,None,HTTP_403,LAST_1996,70,KEEP (Active Professor),1,https://me.engin.umich.edu/people/faculty/bogdan-epureanu/
902,Margaret S. Wooldridge,University of Michigan-Ann Arbor,Mech,A5070688212,None,HTTP_403,LAST_1994,36,KEEP (Active Professor),1,https://me.engin.umich.edu/people/faculty/margaret-wooldridge/
905,Graham V. Candler,University of Minnesota-Twin Cities,Mech/Aero,A5124069005,None,HTTP_403,LAST_2026,2,KEEP (Active Professor),1,https://cse.umn.edu/aem/graham-v-candler
906,Thomas Schwartzentruber,University of Minnesota-Twin Cities,Mech/Aero,A5002942865,None,HTTP_403,LAST_2003,65,KEEP (Active Professor),1,https://cse.umn.edu/aem/tom-schwartzentruber
907,Ellen K. Longmire,University of Minnesota-Twin Cities,Mech/Aero,A5032508993,None,HTTP_403,LAST_1991,7,KEEP (Active Professor),1,https://cse.umn.edu/aem/ellen-k-longmire
908,Joseph W. Nichols,University of Minnesota-Twin Cities,Mech/Aero,A5103811963,None,HTTP_403,LAST_1987,13,KEEP (Active Professor),1,https://cse.umn.edu/aem/joseph-nichols
909,Lian Shen,University of Minnesota-Twin Cities,Mech,A5091431846,None,HTTP_403,LAST_1996,96,KEEP (Active Professor),1,https://cse.umn.edu/me/lian-shen
910,Jiarong Hong,University of Minnesota-Twin Cities,Mech,A5087376315,None,HTTP_403,LAST_1985,89,KEEP (Active Professor),1,https://cse.umn.edu/me/jiarong-hong
911,Suo Yang,University of Minnesota-Twin Cities,Mech,A5079644726,None,HTTP_403,LAST_2001,97,KEEP (Active Professor),1,https://cse.umn.edu/me/suo-yang
912,Sean Garrick,University of Minnesota-Twin Cities,Mech,A5016690776,None,HTTP_403,LAST_2014,8,KEEP (Active Professor),1,https://cse.umn.edu/me/sean-c-garrick
915,Xiaopeng Zhao,University of Mississippi,Mech,A5029265845,Professor,ACTIVE_PROFESSOR,LAST_1988,122,KEEP (Active Professor),1,https://olemiss.edu/profiles/xzhao7
1052,Chuang Ren,University of Rochester,Math,A5101526903,Emeritus,FLAG_EMERITUS,LAST_1991,22,REMOVE (Emeritus / Retired),3,https://www.hajim.rochester.edu/me/people/faculty/index.html
916,Farhad Farzbod,University of Mississippi,Mech,A5056733477,Associate Professor,ACTIVE_ASSOCIATE_PROF,LAST_2003,11,KEEP (Active Professor),1,https://olemiss.edu/profiles/farzbod
920,Craig Kluever,University of Missouri-Columbia,Mech/Aero,NOT_FOUND (CANDIDATES_FOUND_NO_AFFIL_MATCH),Professor,ACTIVE_PROFESSOR,NO_OA_ID,0,KEEP (Active Professor),1,https://engineering.missouri.edu/faculty/craig-kluever/
921,Roseanna N. Zia,University of Missouri-Columbia,Mech/Aero,A5075841937,Professor,ACTIVE_PROFESSOR,LAST_2008,25,KEEP (Active Professor),1,https://engineering.missouri.edu/faculty/roseanna-zia/
922,Ming Xin,University of Missouri-Columbia,Mech/Aero,NOT_FOUND (CANDIDATES_FOUND_NO_AFFIL_MATCH),Professor,ACTIVE_PROFESSOR,NO_OA_ID,0,KEEP (Active Professor),1,https://engineering.missouri.edu/faculty/ming-xin/
923,Travis R. Sippel,University of Missouri-Columbia,Mech/Aero,A5032373033,Assistant Professor,ACTIVE_ASSISTANT_PROF,LAST_2008,15,KEEP (Active Professor),1,https://engineering.missouri.edu/faculty/travis-sippel/
924,Amirfarhang Mehdizadeh,University of Missouri-Kansas City,Mech,A5027279388,None,HTTP_404,LAST_1983,12,KEEP (Active Professor),1,https://sse.umkc.edu/profiles/mehdizadeh-amirfarhang.html
925,Zahra Niroobakhsh,University of Missouri-Kansas City,Mech,A5029039172,None,HTTP_404,LAST_2006,9,KEEP (Active Professor),1,https://sse.umkc.edu/profiles/niroobakhsh-zahra.html
926,Travis Fields,University of Missouri-Kansas City,Mech,A5021054975,None,HTTP_404,LAST_1998,10,KEEP (Active Professor),1,https://sse.umkc.edu/profiles/fields-travis.html
927,ZhiQiang Chen,University of Missouri-Kansas City,Mech,A5100434658,None,HTTP_404,LAST_1992,96,KEEP (Active Professor),1,https://sse.umkc.edu/profiles/zhiqiang-chen.html
939,Hui Zhao,"University of Nevada, Las Vegas",Mech,NOT_FOUND (CANDIDATES_FOUND_NO_AFFIL_MATCH),Professor,ACTIVE_PROFESSOR,NO_OA_ID,0,KEEP (Active Professor),1,https://www.unlv.edu/people/hui-zhao
941,Andrew Jang-ho Bae,"University of Nevada, Las Vegas",Mech,NOT_FOUND (CANDIDATES_FOUND_NO_AFFIL_MATCH),Assistant Professor,ACTIVE_ASSISTANT_PROF,NO_OA_ID,0,KEEP (Active Professor),1,https://www.unlv.edu/people/andrew-bae
945,Aditya G. Nair,"University of Nevada, Reno",Mech,A5037019234,Assistant Professor,ACTIVE_ASSISTANT_PROF,LAST_2012,29,KEEP (Active Professor),1,https://www.unr.edu/me/people/aditya-nair
946,Facundo Booman,"University of Nevada, Reno",Mech,NOT_FOUND (CANDIDATES_FOUND_NO_AFFIL_MATCH),Assistant Professor,ACTIVE_ASSISTANT_PROF,NO_OA_ID,0,KEEP (Active Professor),1,https://www.unr.edu/me/people/facundo-booman
947,Floris van Breugel,"University of Nevada, Reno",Mech,A5025801221,Associate Professor,ACTIVE_ASSOCIATE_PROF,LAST_2008,38,KEEP (Active Professor),1,https://www.unr.edu/me/people/floris-van-breugel
948,Hoang-Vu Phan,"University of Nevada, Reno",Mech,A5024622489,Assistant Professor,ACTIVE_ASSISTANT_PROF,LAST_2011,9,KEEP (Active Professor),1,https://www.unr.edu/me/people/hoang-vu-phan
949,Matteo Aureli,"University of Nevada, Reno",Mech,A5031158953,Associate Professor,ACTIVE_ASSOCIATE_PROF,LAST_2009,12,KEEP (Active Professor),1,https://www.unr.edu/me/people/matteo-aureli
950,James Hanna,"University of Nevada, Reno",Mech,A5047301295,Associate Professor,ACTIVE_ASSOCIATE_PROF,LAST_1965,15,KEEP (Active Professor),1,https://www.unr.edu/me/people/james-hanna
953,Christopher M. White,University of New Hampshire,Mech,A5018012809,Professor,ACTIVE_PROFESSOR,LAST_1928,8,KEEP (Active Professor),1,https://ceps.unh.edu/person/christopher-white
954,Martin Wosnik,University of New Hampshire,Mech/Aero,A5091065839,Professor,ACTIVE_PROFESSOR,LAST_1996,34,KEEP (Active Professor),1,https://ceps.unh.edu/person/martin-wosnik
955,Tracy Mandel,University of New Hampshire,Mech/Aero,A5089486402,Timeout,WEB_TIMEOUT,LAST_2014,10,KEEP (Active Professor),1,https://marine.unh.edu/person/tracy-mandel
1073,Wen-Xiu Ma,University of South Florida,Math,A5062594909,Emeritus,FLAG_EMERITUS,LAST_1990,173,REMOVE (Emeritus / Retired),3,https://www.usf.edu/arts-sciences/departments/mathematics-statistics/research/faculty-research.aspx
1074,Joel A. Rosenfeld,University of South Florida,Math,A5058488295,Emeritus,FLAG_EMERITUS,LAST_1965,23,REMOVE (Emeritus / Retired),3,https://www.usf.edu/arts-sciences/departments/mathematics-statistics/research/faculty-research.aspx
1075,Razvan Teodorescu,University of South Florida,Math,A5102767609,Emeritus,FLAG_EMERITUS,LAST_2004,3,REMOVE (Emeritus / Retired),3,https://www.usf.edu/arts-sciences/departments/mathematics-statistics/research/faculty-research.aspx
956,Nathan Laxague,University of New Hampshire,Aero,A5003786387,Assistant Professor,ACTIVE_ASSISTANT_PROF,LAST_2011,20,KEEP (Active Professor),1,https://ceps.unh.edu/person/nathan-laxague
978,Mesbah Uddin,University of North Carolina at Charlotte,Mech/Math,A5027492067,Professor,ACTIVE_PROFESSOR,LAST_2004,46,KEEP (Active Professor),1,https://engineering.charlotte.edu/people/mesbah-uddin/
979,Praveen Ramaprabhu,University of North Carolina at Charlotte,Mech/Math,A5030784440,No clear rank detected,UNCERTAIN_WEB,LAST_2000,34,KEEP (Active Professor),1,https://mees.charlotte.edu/people/praveen-ramaprabhu/
980,Russell Keanini,University of North Carolina at Charlotte,Mech/Math,A5109060770,No clear rank detected,UNCERTAIN_WEB,LAST_1988,33,KEEP (Active Professor),1,https://mees.charlotte.edu/people/russell-keanini/
983,Amirhossein Ghasemi,University of North Carolina at Charlotte,Mech/Math,A5021746158,None,HTTP_404,LAST_2008,15,KEEP (Active Professor),1,https://engineering.charlotte.edu/people/amirhossein-ghasemi/
988,Carson Running,University of North Dakota,Mech,A5055826110,Assistant Professor,ACTIVE_ASSISTANT_PROF,LAST_2017,20,KEEP (Active Professor),1,https://campus.und.edu/directory/carson.running
989,Chonglin Zhang,University of North Dakota,Mech,A5026073958,Assistant Professor,ACTIVE_ASSISTANT_PROF,LAST_2009,10,KEEP (Active Professor),1,https://campus.und.edu/directory/chonglin.zhang
990,William Semke,University of North Dakota,Mech,A5083202857,Professor,ACTIVE_PROFESSOR,LAST_1998,11,KEEP (Active Professor),1,https://campus.und.edu/directory/william.semke
993,Pablo de León,University of North Dakota,Aero,A5048366358,Professor,ACTIVE_PROFESSOR,LAST_1971,12,KEEP (Active Professor),1,https://campus.und.edu/directory/pablo.de.leon
994,Hamid Sadat,University of North Texas,Mech,A5009279490,Assistant Professor,ACTIVE_ASSISTANT_PROF,LAST_2010,2,KEEP (Active Professor),1,https://engineering.unt.edu/people/hamid-sadat.html
996,Maurizio Manzo,University of North Texas,Mech,A5013228404,Associate Professor,ACTIVE_ASSOCIATE_PROF,LAST_1981,30,KEEP (Active Professor),1,https://engineering.unt.edu/people/maurizio-manzo.html
998,Thomas Corke,University of Notre Dame,Mech/Aero,A5020254912,Timeout,WEB_TIMEOUT,LAST_1977,55,KEEP (Active Professor),1,https://engineering.nd.edu/faculty/thomas-corke/
999,Scott Morris,University of Notre Dame,Mech/Aero,A5082252574,Timeout,WEB_TIMEOUT,LAST_1800,58,KEEP (Active Professor),1,https://engineering.nd.edu/faculty/scott-morris/
1000,Thomas Juliano,University of Notre Dame,Mech/Aero,A5066900305,Timeout,WEB_TIMEOUT,LAST_2006,47,KEEP (Active Professor),1,https://engineering.nd.edu/faculty/thomas-juliano/
1001,Meng Wang,University of Notre Dame,Mech/Aero,A5100377147,Timeout,WEB_TIMEOUT,LAST_1992,601,KEEP (Active Professor),1,https://engineering.nd.edu/faculty/meng-wang/
1091,Juhi Jang,University of Southern California,Math,A5020031889,Lecturer,FLAG_LECTURER,LAST_2005,30,REMOVE (Adjunct / Lecturer),3,https://dornsife.usc.edu/profile/juhi-jang/
1092,Igor Kukavica,University of Southern California,Math,A5015052144,Lecturer,FLAG_LECTURER,LAST_1991,78,REMOVE (Adjunct / Lecturer),3,https://dornsife.usc.edu/profile/igor-kukavica/
1002,Stanislav Gordeyev,University of Notre Dame,Mech/Aero,A5040998021,Timeout,WEB_TIMEOUT,LAST_1994,51,KEEP (Active Professor),1,https://engineering.nd.edu/faculty/stanislav-gordeyev/
1094,Mohammed Ziane,University of Southern California,Math,A5052225945,Professor,ACTIVE_PROFESSOR,LAST_1995,3,KEEP (Active Professor),1,https://dornsife.usc.edu/profile/mohammed-ziane/
1003,Hirotaka Sakaue,University of Notre Dame,Mech/Aero,A5047281501,Timeout,WEB_TIMEOUT,LAST_1994,44,KEEP (Active Professor),1,https://engineering.nd.edu/faculty/hirotaka-sakaue/
1004,Joseph M. Powers,University of Notre Dame,Mech/Aero,A5035613424,Timeout,WEB_TIMEOUT,LAST_1962,28,KEEP (Active Professor),1,https://engineering.nd.edu/faculty/joseph-powers/
1005,Shivam Barwey,University of Notre Dame,Mech/Aero,A5071906834,Timeout,WEB_TIMEOUT,LAST_2018,31,KEEP (Active Professor),1,https://engineering.nd.edu/faculty/shivam-barwey/
1006,Dasha Gloutak,University of Notre Dame,Mech/Aero,A5150617910,Timeout,WEB_TIMEOUT,LAST_2026,1,KEEP (Active Professor),1,https://engineering.nd.edu/faculty/dasha-gloutak/
1099,Reza Abedi,University of Tennessee Space Institute / UTK,Math,NOT_FOUND (CANDIDATES_FOUND_NO_AFFIL_MATCH),Emeritus,FLAG_EMERITUS,NO_OA_ID,0,REMOVE (Emeritus / Retired),3,https://tickle.utk.edu/mae/faculty/reza-abedi/
1009,David Richter,University of Notre Dame,Mech/Aero/Math,A5064260146,Timeout,WEB_TIMEOUT,LAST_1974,62,KEEP (Active Professor),1,https://engineering.nd.edu/faculty/david-richter/
1013,Ramkumar N. Parthasarathy,University of Oklahoma,Mech/Aero,A5059731718,Professor,ACTIVE_PROFESSOR,LAST_1986,8,KEEP (Active Professor),1,https://www.ou.edu/coe/ame/people/faculty/ramkumar-parthasarathy.html
1014,Yingtao Liu,University of Oklahoma,Mech/Aero,A5060697699,Professor,ACTIVE_PROFESSOR,LAST_1996,89,KEEP (Active Professor),1,https://www.ou.edu/coe/ame/people/faculty/yingtao-liu.html
1103,Devina Sanjaya,University of Tennessee-Knoxville,Math,NOT_FOUND (CANDIDATES_FOUND_NO_AFFIL_MATCH),Emeritus,FLAG_EMERITUS,NO_OA_ID,0,REMOVE (Emeritus / Retired),3,https://tickle.utk.edu/mae/faculty/devina-sanjaya/
1022,Paulo E. Arratia,University of Pennsylvania,Mech,A5075716876,Professor,ACTIVE_PROFESSOR,LAST_1999,62,KEEP (Active Professor),1,https://directory.engineering.upenn.edu/paulo-e-arratia/
1023,Igor Bargatin,University of Pennsylvania,Mech,A5003368844,Associate Professor,ACTIVE_ASSOCIATE_PROF,LAST_1999,21,KEEP (Active Professor),1,https://directory.engineering.upenn.edu/igor-bargatin/
1025,Prashant K. Purohit,University of Pennsylvania,Mech,A5044032256,Professor,ACTIVE_PROFESSOR,LAST_1983,53,KEEP (Active Professor),1,https://directory.engineering.upenn.edu/prashant-k-purohit/
1026,Cynthia Sung,University of Pennsylvania,Mech,A5011962400,Associate Professor,ACTIVE_ASSOCIATE_PROF,LAST_1988,30,KEEP (Active Professor),1,https://directory.engineering.upenn.edu/cynthia-sung/
1029,Peyman Givi,University of Pittsburgh,Mech/Math,A5078398236,Professor,ACTIVE_PROFESSOR,LAST_1984,36,KEEP (Active Professor),1,https://www.engineering.pitt.edu/people/faculty/peyman-givi/
1109,Chaoqun Liu,University of Texas at Arlington,Math,A5042452305,Lecturer,FLAG_LECTURER,LAST_1987,66,REMOVE (Adjunct / Lecturer),3,https://www.uta.edu/academics/faculty/profile?user=cliu
1030,Inanc Senocak,University of Pittsburgh,Mech/Math,A5064341989,Professor,ACTIVE_PROFESSOR,LAST_2001,24,KEEP (Active Professor),1,https://www.engineering.pitt.edu/people/faculty/inanc-senocak/
1031,Hessam Babaee,University of Pittsburgh,Mech/Math,A5052438518,Associate Professor,ACTIVE_ASSOCIATE_PROF,LAST_2009,54,KEEP (Active Professor),1,https://www.engineering.pitt.edu/people/faculty/hessam-babaee/
1032,Juan Jose Mendoza-Arenas,University of Pittsburgh,Mech/Math,A5043433729,Assistant Professor,ACTIVE_ASSISTANT_PROF,LAST_2009,11,KEEP (Active Professor),1,https://www.engineering.pitt.edu/people/faculty/juan-jose-mendoza-arenas/
1039,Jason Dahl,University of Rhode Island,Aero,A5011667657,Assistant Professor,ACTIVE_ASSISTANT_PROF,LAST_1995,9,KEEP (Active Professor),1,https://web.uri.edu/oce/people/
1114,Souvik Roy,University of Texas at Arlington,Math,A5000402733,Lecturer,FLAG_LECTURER,LAST_2002,34,REMOVE (Adjunct / Lecturer),3,https://www.uta.edu/academics/faculty/profile?user=souvik.roy
1115,Ren-Cang Li,University of Texas at Arlington,Math,A5011252539,Lecturer,FLAG_LECTURER,LAST_1988,43,REMOVE (Adjunct / Lecturer),3,https://www.uta.edu/academics/faculty/profile?user=rcli
1116,Hristo Kojouharov,University of Texas at Arlington,Math,A5080018927,Lecturer,FLAG_LECTURER,LAST_1998,16,REMOVE (Adjunct / Lecturer),3,https://www.uta.edu/academics/faculty/profile?user=hristo
1040,Stéphan Grilli,University of Rhode Island,Aero,A5054860085,Assistant Professor,ACTIVE_ASSISTANT_PROF,LAST_1970,37,KEEP (Active Professor),1,https://web.uri.edu/oce/people/
1041,M. Reza Hashemi,University of Rhode Island,Aero,A5060805462,Assistant Professor,ACTIVE_ASSISTANT_PROF,LAST_2004,9,KEEP (Active Professor),1,https://web.uri.edu/oce/people/
1042,Stephen Licht,University of Rhode Island,Aero,A5071962424,Assistant Professor,ACTIVE_ASSISTANT_PROF,LAST_2004,7,KEEP (Active Professor),1,https://web.uri.edu/oce/people/
1043,Lora Van Uffelen,University of Rhode Island,Aero,A5007991557,Assistant Professor,ACTIVE_ASSISTANT_PROF,LAST_2006,12,KEEP (Active Professor),1,https://web.uri.edu/oce/people/
1044,Arun Shukla,University of Rhode Island,Mech,A5101420666,Assistant Professor,ACTIVE_ASSISTANT_PROF,LAST_1979,40,KEEP (Active Professor),1,https://web.uri.edu/mcise/people/
1122,Arif Malik,University of Texas at Dallas,Math,A5053098813,Assistant Professor,ACTIVE_ASSISTANT_PROF,LAST_2001,15,KEEP (Active Professor),1,https://me.utdallas.edu/faculty/
1123,Dong Qian,University of Texas at Dallas,Math,A5100613833,Assistant Professor,ACTIVE_ASSISTANT_PROF,LAST_1993,35,KEEP (Active Professor),1,https://me.utdallas.edu/faculty/
1045,Vahid Jahangiri,University of Rhode Island,Mech,A5053113679,Assistant Professor,ACTIVE_ASSISTANT_PROF,LAST_2015,10,KEEP (Active Professor),1,https://web.uri.edu/mcise/people/
1046,David Chelidze,University of Rhode Island,Mech,A5078819095,Assistant Professor,ACTIVE_ASSISTANT_PROF,LAST_1995,21,KEEP (Active Professor),1,https://web.uri.edu/mcise/people/
1126,Jack Chessa,University of Texas at El Paso,Math,A5044690542,Assistant Professor,ACTIVE_ASSISTANT_PROF,LAST_2001,2,KEEP (Active Professor),1,https://www.utep.edu/engineering/mechanical/people/faculty.html
1047,Bradford Knight,University of Rhode Island,Aero,NOT_FOUND (CANDIDATES_FOUND_NO_AFFIL_MATCH),Assistant Professor,ACTIVE_ASSISTANT_PROF,NO_OA_ID,0,KEEP (Active Professor),1,https://web.uri.edu/oce/people/
1050,Douglas H. Kelley,University of Rochester,Mech/Aero,A5064607349,Professor,ACTIVE_PROFESSOR,LAST_1962,56,KEEP (Active Professor),1,https://www.hajim.rochester.edu/me/people/faculty/kelley_doug/index.html
1129,Alejandra G. Castellanos,University of Texas at El Paso,Math,A5034202479,Associate Professor,ACTIVE_ASSOCIATE_PROF,LAST_2014,15,KEEP (Active Professor),1,https://hb2504.utep.edu/Home/Profile?username=castellanosa
1130,Son-Young Yi,University of Texas at El Paso,Math,A5086616564,None,HTTP_404,LAST_1999,11,KEEP (Active Professor),1,https://www.utep.edu/science/math/people/faculty.html
1131,Natasha S. Sharma,University of Texas at El Paso,Math,A5103032973,None,HTTP_404,LAST_2022,2,KEEP (Active Professor),1,https://www.utep.edu/science/math/people/faculty.html
1059,Sang Hee Won,University of South Carolina,Mech/Aero,A5086995500,None,HTTP_404,LAST_2002,15,KEEP (Active Professor),1,https://sc.edu/study/colleges_schools/engineering_and_computing/faculty-staff/won_sang_hee.php
1076,Assad A. Oberai,University of Southern California,Mech/Aero,A5034704499,Assistant Professor,ACTIVE_ASSISTANT_PROF,LAST_1970,83,KEEP (Active Professor),1,https://viterbi.usc.edu/directory/faculty/Oberai/Assad
1077,Ivan Bermejo-Moreno,University of Southern California,Mech/Aero,A5014839664,Assistant Professor,ACTIVE_ASSISTANT_PROF,LAST_2006,12,KEEP (Active Professor),1,https://viterbi.usc.edu/directory/faculty/Bermejo-Moreno/Ivan
1078,Mitul Luhar,University of Southern California,Mech/Aero,A5077636450,Assistant Professor,ACTIVE_ASSISTANT_PROF,LAST_2008,38,KEEP (Active Professor),1,https://viterbi.usc.edu/directory/faculty/Luhar/Mitul
1080,Geoffrey R. Spedding,University of Southern California,Mech/Aero,A5062984544,None,HTTP_404,LAST_1984,8,KEEP (Active Professor),1,https://viterbi.usc.edu/directory/faculty/Spedding/Geoffrey
1137,Harry Millwater,University of Texas at San Antonio,Math,A5001088412,Professor,ACTIVE_PROFESSOR,LAST_1983,31,KEEP (Active Professor),1,https://klesse.utsa.edu/faculty/profiles/millwater-harry.html
1082,Paul D. Ronney,University of Southern California,Mech/Aero,A5017215286,Assistant Professor,ACTIVE_ASSISTANT_PROF,LAST_1983,10,KEEP (Active Professor),1,https://viterbi.usc.edu/directory/faculty/Ronney/Paul
1139,Yusheng Feng,University of Texas at San Antonio,Math,A5109416409,Professor,ACTIVE_PROFESSOR,LAST_1992,17,KEEP (Active Professor),1,https://klesse.utsa.edu/faculty/profiles/feng-yusheng.html
1084,Carlos Pantano-Rubino,University of Southern California,Mech/Aero,A5068581536,Professor,ACTIVE_PROFESSOR,LAST_1994,11,KEEP (Active Professor),1,https://viterbi.usc.edu/directory/faculty/Pantano-Rubino/Carlos
1141,Weiming Cao,University of Texas at San Antonio,Math,A5141191252,Associate Professor,ACTIVE_ASSOCIATE_PROF,LAST_2026,2,KEEP (Active Professor),1,https://sciences.utsa.edu/faculty/profiles/cao-weiming.html
1142,Fengxin Chen,University of Texas at San Antonio,Math,A5020512049,Associate Professor,ACTIVE_ASSOCIATE_PROF,LAST_2003,0,KEEP (Active Professor),1,https://sciences.utsa.edu/faculty/profiles/chen-fengxin.html
1085,Mihailo R. Jovanovic,University of Southern California,Mech/Aero/Math,A5087790067,Professor,ACTIVE_PROFESSOR,LAST_1997,68,KEEP (Active Professor),1,https://viterbi.usc.edu/directory/faculty/Jovanovic/Mihailo
1086,Niema M. Pahlevan,University of Southern California,Mech/Aero,A5003076379,Assistant Professor,ACTIVE_ASSISTANT_PROF,LAST_2009,93,KEEP (Active Professor),1,https://viterbi.usc.edu/directory/faculty/Pahlevan/Niema
1087,Ishwar K. Puri,University of Southern California,Mech/Aero,A5072805195,Assistant Professor,ACTIVE_ASSISTANT_PROF,LAST_1975,17,KEEP (Active Professor),1,https://viterbi.usc.edu/directory/faculty/Puri/Ishwar
1088,Roger Ghanem,University of Southern California,Mech/Aero,A5006138292,Professor,ACTIVE_PROFESSOR,LAST_1988,61,KEEP (Active Professor),1,https://viterbi.usc.edu/directory/faculty/Ghanem/Roger
1147,Alessandro Arsie,University of Toledo,Math,A5025148002,Emeritus,FLAG_EMERITUS,LAST_1999,29,REMOVE (Emeritus / Retired),3,https://www.utoledo.edu/nsm/mathstats/faculty-staff/
1148,Ekaterina Shemyakova,University of Toledo,Math,A5090645342,Emeritus,FLAG_EMERITUS,LAST_2004,7,REMOVE (Emeritus / Retired),3,https://www.utoledo.edu/nsm/mathstats/faculty-staff/
1089,Joseph Jiong Wang,University of Southern California,Mech/Aero,A5069491860,Associate Professor,ACTIVE_ASSOCIATE_PROF,LAST_1991,0,KEEP (Active Professor),1,https://viterbi.usc.edu/directory/faculty/Wang/Joseph
1090,Dan A. Erwin,University of Southern California,Mech/Aero,A5109368993,Professor,ACTIVE_PROFESSOR,LAST_1974,1,KEEP (Active Professor),1,https://viterbi.usc.edu/directory/faculty/Erwin/Daniel
1093,Paul K. Newton,University of Southern California,Mech/Aero/Math,A5003429104,Assistant Professor,ACTIVE_ASSISTANT_PROF,LAST_1977,25,KEEP (Active Professor),1,https://dornsife.usc.edu/profile/paul-newton/
1098,Trevor Moeller,University of Tennessee Space Institute / UTK,Mech/Aero,A5058563233,No clear rank detected,UNCERTAIN_WEB,LAST_1992,10,KEEP (Active Professor),1,https://tickle.utk.edu/mae/faculty/trevor-moeller/
1153,Akil Narayan,University of Utah,Math,A5053971798,None,HTTP_404,LAST_2001,70,KEEP (Active Professor),1,https://www.math.utah.edu/people/faculty.php
1154,Yekaterina Epshteyn,University of Utah,Math,A5064616672,None,HTTP_404,LAST_2005,19,KEEP (Active Professor),1,https://www.math.utah.edu/people/faculty.php
1155,Aaron Fogelson,University of Utah,Math,A5044179575,None,HTTP_404,LAST_1984,33,KEEP (Active Professor),1,https://www.math.utah.edu/people/faculty.php
1156,Fernando Guevara Vasquez,University of Utah,Math,A5042143507,None,HTTP_404,LAST_1999,23,KEEP (Active Professor),1,https://www.math.utah.edu/people/faculty.php
1157,Braxton Osting,University of Utah,Math,A5002446254,None,HTTP_404,LAST_2005,38,KEEP (Active Professor),1,https://www.math.utah.edu/people/faculty.php
1117,William Anderson,University of Texas at Dallas,Mech,NOT_FOUND (CANDIDATES_FOUND_NO_AFFIL_MATCH),Professor,ACTIVE_PROFESSOR,NO_OA_ID,0,KEEP (Active Professor),1,https://me.utdallas.edu/faculty/william-anderson/
1118,Stefano Leonardi,University of Texas at Dallas,Mech,A5020876546,Professor,ACTIVE_PROFESSOR,LAST_1993,41,KEEP (Active Professor),1,https://me.utdallas.edu/faculty/stefano-leonardi/
1119,Giacomo Valerio Iungo,University of Texas at Dallas,Mech,A5079765625,Associate Professor,ACTIVE_ASSOCIATE_PROF,LAST_2005,39,KEEP (Active Professor),1,https://me.utdallas.edu/faculty/giacomo-valerio-iungo/
1120,Kianoosh Yousefi,University of Texas at Dallas,Mech,A5005875380,Assistant Professor,ACTIVE_ASSISTANT_PROF,LAST_2013,8,KEEP (Active Professor),1,https://me.utdallas.edu/faculty/kianoosh-yousefi/
1121,Yaqing Jin,University of Texas at Dallas,Mech,A5045438428,Assistant Professor,ACTIVE_ASSISTANT_PROF,LAST_1986,39,KEEP (Active Professor),1,https://me.utdallas.edu/faculty/
1124,Yonas Tadesse,University of Texas at Dallas,Mech,A5067149414,Assistant Professor,ACTIVE_ASSISTANT_PROF,LAST_1900,38,KEEP (Active Professor),1,https://me.utdallas.edu/faculty/
1125,Ahsan Choudhuri,University of Texas at El Paso,Mech/Aero,A5113664282,Assistant Professor,ACTIVE_ASSISTANT_PROF,LAST_1999,41,KEEP (Active Professor),1,https://www.utep.edu/engineering/mechanical/people/faculty.html
1127,Evgeny Shafirovich,University of Texas at El Paso,Mech,A5045905399,Professor,ACTIVE_PROFESSOR,LAST_1990,28,KEEP (Active Professor),1,https://expertise.utep.edu/node/24849
1128,Angel Flores-Abad,University of Texas at El Paso,Mech,A5060171293,Assistant Professor,ACTIVE_ASSISTANT_PROF,LAST_2009,20,KEEP (Active Professor),1,https://www.utep.edu/engineering/mechanical/people/faculty.html
1132,Christopher S. Combs,University of Texas at San Antonio,Mech/Aero,A5044813104,Professor,ACTIVE_PROFESSOR,LAST_1956,38,KEEP (Active Professor),1,https://klesse.utsa.edu/faculty/profiles/combs-christopher.html
1168,Bhuvana Srinivasan,University of Washington-Seattle,Math,A5110049201,Assistant Professor,ACTIVE_ASSISTANT_PROF,LAST_1997,7,KEEP (Active Professor),1,https://www.aa.washington.edu/facultyfinder/bhuvana-srinivasan
1133,Guillermo Araya,University of Texas at San Antonio,Mech/Aero,A5049645384,Associate Professor,ACTIVE_ASSOCIATE_PROF,LAST_2005,40,KEEP (Active Professor),1,https://klesse.utsa.edu/faculty/profiles/araya-guillermo.html
1134,Kiran Bhaganagar,University of Texas at San Antonio,Mech/Aero,A5044471411,Professor,ACTIVE_PROFESSOR,LAST_2000,24,KEEP (Active Professor),1,https://klesse.utsa.edu/faculty/profiles/bhaganagar-kiran.html
1135,Daniel I. Pineda,University of Texas at San Antonio,Mech/Aero,A5013055856,Associate Professor,ACTIVE_ASSOCIATE_PROF,LAST_1995,24,KEEP (Active Professor),1,https://klesse.utsa.edu/faculty/profiles/pineda-daniel.html
1136,Zhi-Gang Feng,University of Texas at San Antonio,Mech/Aero,A5101114106,Associate Professor,ACTIVE_ASSOCIATE_PROF,LAST_1994,1,KEEP (Active Professor),1,https://klesse.utsa.edu/faculty/profiles/feng-zhi-gang.html
1138,Hai-Chao Han,University of Texas at San Antonio,Mech/Aero,A5053647070,Professor,ACTIVE_PROFESSOR,LAST_1985,15,KEEP (Active Professor),1,https://klesse.utsa.edu/faculty/profiles/han-hai-chao.html
1140,Firat Y. Testik,University of Texas at San Antonio,Mech/Aero,A5072712480,Professor,ACTIVE_PROFESSOR,LAST_2003,15,KEEP (Active Professor),1,https://klesse.utsa.edu/faculty/profiles/testik-firat.html
1143,Ray Hixon,University of Toledo,Mech,A5088291292,Professor,ACTIVE_PROFESSOR,LAST_1926,4,KEEP (Active Professor),1,https://www.utoledo.edu/engineering/mechanical-industrial-manufacturing-engineering/people/hixon.html
1144,Omid Amili,University of Toledo,Mech,A5088669414,Assistant Professor,ACTIVE_ASSISTANT_PROF,LAST_2005,15,KEEP (Active Professor),1,https://www.utoledo.edu/engineering/mechanical-industrial-manufacturing-engineering/people/Amili.html
1177,Bernard Deconinck,University of Washington-Seattle,Math,A5017877336,Adjunct,FLAG_ADJUNCT,LAST_1996,15,REMOVE (Adjunct / Lecturer),3,https://amath.washington.edu/people/bernard-deconinck
1178,J. Nathan Kutz,University of Washington-Seattle,Math,A5083450863,Professor,ACTIVE_PROFESSOR,LAST_1993,147,KEEP (Active Professor),1,https://amath.washington.edu/people/j-nathan-kutz
1179,Jingwei Hu,University of Washington-Seattle,Math,A5027890066,Adjunct,FLAG_ADJUNCT,LAST_2004,30,REMOVE (Adjunct / Lecturer),3,https://amath.washington.edu/people/jingwei-hu
1145,George Choueiri,University of Toledo,Mech,A5038625692,Assistant Professor,ACTIVE_ASSISTANT_PROF,LAST_2009,2,KEEP (Active Professor),1,https://www.utoledo.edu/engineering/mechanical-industrial-manufacturing-engineering/people/choueiri.html
1146,Qiuying Zhao,University of Toledo,Mech,A5014181892,Assistant Professor,ACTIVE_ASSISTANT_PROF,LAST_2007,10,KEEP (Active Professor),1,https://www.utoledo.edu/engineering/engineering-technology/people/qiuying-zhao.html
1149,Rob Stoll,University of Utah,Mech,A5087703276,Professor,ACTIVE_PROFESSOR,LAST_1976,23,KEEP (Active Professor),1,https://www.mech.utah.edu/directory/faculty/rob-stoll/
1150,Henry Fu,University of Utah,Mech,A5040658044,Assistant Professor,ACTIVE_ASSISTANT_PROF,LAST_1970,22,KEEP (Active Professor),1,https://www.mech.utah.edu/directory/faculty/henry-fu/
1151,Xiaowei He,University of Utah,Mech,A5060690411,None,HTTP_404,LAST_1990,148,KEEP (Active Professor),1,https://www.mech.utah.edu/directory/faculty/xiaowei-he/
1158,Christopher Goyne,University of Virginia,Mech/Aero,A5089395782,Associate Professor,ACTIVE_ASSOCIATE_PROF,LAST_1995,26,KEEP (Active Professor),1,https://environment.virginia.edu/expert/christopher-goyne
1186,Curt Bronkhorst,University of Wisconsin-Madison,Math,NOT_FOUND (CANDIDATES_FOUND_NO_AFFIL_MATCH),Professor,ACTIVE_PROFESSOR,NO_OA_ID,0,KEEP (Active Professor),1,https://engineering.wisc.edu/directory/profile/curt-bronkhorst/
1187,Shiva Rudraraju,University of Wisconsin-Madison,Math,A5030806653,Associate Professor,ACTIVE_ASSOCIATE_PROF,LAST_2008,21,KEEP (Active Professor),1,https://engineering.wisc.edu/directory/profile/shiva-rudraraju/
1159,Eric Loth,University of Virginia,Mech/Aero,A5081900719,Professor,ACTIVE_PROFESSOR,LAST_1914,67,KEEP (Active Professor),1,https://environment.virginia.edu/expert/eric-loth
1189,Hong Qin,University of Wisconsin-Madison,Math,NOT_FOUND (CANDIDATES_FOUND_NO_AFFIL_MATCH),Lecturer,FLAG_LECTURER,NO_OA_ID,0,REMOVE (Adjunct / Lecturer),3,https://engineering.wisc.edu/news/focus-on-new-faculty-hong-qin-is-improving-simulations-that-predict-plasma-behavior-for-fusion-energy/
1160,Haibo Dong,University of Virginia,Mech/Aero,A5067836089,Professor,ACTIVE_PROFESSOR,LAST_1998,71,KEEP (Active Professor),1,https://environment.virginia.edu/expert/haibo-dong
1191,Jean-Luc Thiffeault,University of Wisconsin-Madison,Math,NOT_FOUND (CANDIDATES_FOUND_NO_AFFIL_MATCH),Lecturer,FLAG_LECTURER,NO_OA_ID,0,REMOVE (Adjunct / Lecturer),3,https://www.math.wisc.edu/staff/thiffeault-jean-luc/
1192,Saverio E. Spagnolie,University of Wisconsin-Madison,Math,A5029063995,Lecturer,FLAG_LECTURER,LAST_2006,22,REMOVE (Adjunct / Lecturer),3,https://www.math.wisc.edu/staff/spagnolie-saverio/
1193,Nan Chen,University of Wisconsin-Madison,Math,NOT_FOUND (CANDIDATES_FOUND_NO_AFFIL_MATCH),Lecturer,FLAG_LECTURER,NO_OA_ID,0,REMOVE (Adjunct / Lecturer),3,https://www.math.wisc.edu/math-faculty/
1194,Qin Li,University of Wisconsin-Madison,Math,A5100602929,Lecturer,FLAG_LECTURER,LAST_1964,340,REMOVE (Adjunct / Lecturer),3,https://www.math.wisc.edu/staff/li-qin/
1161,Daniel Quinn,University of Virginia,Mech/Aero,NOT_FOUND (CANDIDATES_FOUND_NO_AFFIL_MATCH),Associate Professor,ACTIVE_ASSOCIATE_PROF,NO_OA_ID,0,KEEP (Active Professor),1,https://environment.virginia.edu/expert/daniel-quinn
1162,Chloe Dedic,University of Virginia,Mech/Aero,A5091139273,Associate Professor,ACTIVE_ASSOCIATE_PROF,LAST_2011,51,KEEP (Active Professor),1,https://environment.virginia.edu/expert/chloe-dedic
1163,Harsha Chelliah,University of Virginia,Mech/Aero,A5030067990,Professor,ACTIVE_PROFESSOR,LAST_1987,8,KEEP (Active Professor),1,https://environment.virginia.edu/expert-directory?keyword=Harsha+Chelliah
1164,Hilary Bart-Smith,University of Virginia,Mech/Aero,A5021002960,No clear rank detected,UNCERTAIN_WEB,LAST_1997,7,KEEP (Active Professor),1,https://environment.virginia.edu/expert-directory?keyword=Hilary+Bart-Smith
1165,Antonino Ferrante,University of Washington-Seattle,Aero,A5044914295,Professor,ACTIVE_PROFESSOR,LAST_1998,9,KEEP (Active Professor),1,https://www.aa.washington.edu/facultyfinder/antonino-ferrante
1167,Uri Shumlak,University of Washington-Seattle,Aero,NOT_FOUND (CANDIDATES_FOUND_NO_AFFIL_MATCH),Professor,ACTIVE_PROFESSOR,NO_OA_ID,0,KEEP (Active Professor),1,https://www.aa.washington.edu/facultyfinder/uri-shumlak
1201,Dimitri Mavriplis,University of Wyoming,Math,A5013819769,Assistant Professor,ACTIVE_ASSISTANT_PROF,LAST_1982,1,KEEP (Active Professor),1,https://www.uwyo.edu/mechanical/faculty-staff/faculty/index.html
1171,Eli Livne,University of Washington-Seattle,Aero,A5113692764,Professor,ACTIVE_PROFESSOR,LAST_1989,29,KEEP (Active Professor),1,https://www.aa.washington.edu/facultyfinder/eli-livne
1172,Steven L. Brunton,University of Washington-Seattle,Mech,A5062653961,None,HTTP_404,LAST_1982,217,KEEP (Active Professor),1,https://www.me.washington.edu/facultyfinder/steven-brunton
1204,Ray S. Fertig III,University of Wyoming,Math,NOT_FOUND (CANDIDATES_FOUND_NO_AFFIL_MATCH),Assistant Professor,ACTIVE_ASSISTANT_PROF,NO_OA_ID,0,KEEP (Active Professor),1,https://www.uwyo.edu/mechanical/faculty-staff/faculty/index.html
1173,Alberto Aliseda,University of Washington-Seattle,Mech,A5035975242,Professor,ACTIVE_PROFESSOR,LAST_2001,72,KEEP (Active Professor),1,https://www.me.washington.edu/facultyfinder/alberto-aliseda
1206,Xiang Zhang,University of Wyoming,Math,A5100368854,Lecturer,FLAG_LECTURER,LAST_1987,424,REMOVE (Adjunct / Lecturer),3,https://www.uwyo.edu/soc/people/faculty/index.html
1207,Bart Geerts,University of Wyoming,Math,A5010610341,No clear rank detected,UNCERTAIN_WEB,LAST_1989,65,KEEP (Active Professor),1,https://www.uwyo.edu/atms/faculty-staff/faculty/bart-geerts.html
1208,Jeffrey French,University of Wyoming,Math,A5000433267,No clear rank detected,UNCERTAIN_WEB,LAST_1995,26,KEEP (Active Professor),1,https://www.uwyo.edu/atms/faculty-staff/faculty/jeffrey-french.html
1174,John Palmore Jr.,University of Washington-Seattle,Mech,NOT_FOUND (CANDIDATES_FOUND_NO_AFFIL_MATCH),Assistant Professor,ACTIVE_ASSISTANT_PROF,NO_OA_ID,0,KEEP (Active Professor),1,https://www.me.washington.edu/facultyfinder/john-palmore-jr
1175,Brian Polagye,University of Washington-Seattle,Mech,A5039502986,Professor,ACTIVE_PROFESSOR,LAST_2006,50,KEEP (Active Professor),1,https://www.me.washington.edu/facultyfinder/brian-polagye
1181,Jennifer Franck,University of Wisconsin-Madison,Mech,NOT_FOUND (CANDIDATES_FOUND_NO_AFFIL_MATCH),Associate Professor,ACTIVE_ASSOCIATE_PROF,NO_OA_ID,0,KEEP (Active Professor),1,https://engineering.wisc.edu/directory/profile/jennifer-franck/
1182,Prateek Jaiswal,University of Wisconsin-Madison,Mech,A5018713742,Assistant Professor,ACTIVE_ASSISTANT_PROF,LAST_2016,18,KEEP (Active Professor),1,https://engineering.wisc.edu/directory/profile/prateek-jaiswal/
1184,Douglas Carter,University of Wisconsin-Madison,Mech,NOT_FOUND (CANDIDATES_FOUND_NO_AFFIL_MATCH),Assistant Professor,ACTIVE_ASSISTANT_PROF,NO_OA_ID,0,KEEP (Active Professor),1,https://engineering.wisc.edu/blog/new-mechanical-engineering-faculty-douglas-carter/
1185,Thomas Breunung,University of Wisconsin-Madison,Mech,A5091725677,Professor,ACTIVE_PROFESSOR,LAST_2012,20,KEEP (Active Professor),1,https://engineering.wisc.edu/departments/mechanical-engineering/research/mechanics/
1188,Chris Hegna,University of Wisconsin-Madison,Mech,NOT_FOUND (CANDIDATES_FOUND_NO_AFFIL_MATCH),Professor,ACTIVE_PROFESSOR,NO_OA_ID,0,KEEP (Active Professor),1,https://engineering.wisc.edu/directory/profile/chris-hegna/
1195,Ryoichi S. Amano,University of Wisconsin-Milwaukee,Mech,A5031963028,Professor,ACTIVE_PROFESSOR,LAST_1982,47,KEEP (Active Professor),1,https://uwm.edu/engineering/directory/amano-ryoichi/
1217,Traian Iliescu,Virginia Tech,Math,A5063855550,Lecturer,FLAG_LECTURER,LAST_1999,56,REMOVE (Adjunct / Lecturer),3,https://math.vt.edu/people/faculty/iliescu-traian.html
1218,Lizette Zietsman,Virginia Tech,Math,A5015292098,Lecturer,FLAG_LECTURER,LAST_2000,0,REMOVE (Adjunct / Lecturer),3,https://math.vt.edu/people/faculty/zietsman-lizette.html
1196,John R. Reisel,University of Wisconsin-Milwaukee,Mech,NOT_FOUND (CANDIDATES_FOUND_NO_AFFIL_MATCH),Professor,ACTIVE_PROFESSOR,NO_OA_ID,0,KEEP (Active Professor),1,https://uwm.edu/engineering/directory/reisel-john/
1197,Ilya Avdeev,University of Wisconsin-Milwaukee,Mech,A5065129077,Professor,ACTIVE_PROFESSOR,LAST_1999,3,KEEP (Active Professor),1,https://uwm.edu/engineering/directory/avdeev-ilya/
1198,Nathan Salowitz,University of Wisconsin-Milwaukee,Mech,A5063950022,Associate Professor,ACTIVE_ASSOCIATE_PROF,LAST_2009,18,KEEP (Active Professor),1,https://uwm.edu/engineering/directory/salowitz-nathan/
1222,Jow-Lian Ding,Washington State University,Math,NOT_FOUND (CANDIDATES_FOUND_NO_AFFIL_MATCH),Emeritus,FLAG_EMERITUS,NO_OA_ID,0,REMOVE (Emeritus / Retired),3,https://mme.wsu.edu/mme-personnel/wsu-profile/ding/
1223,Bala Krishnamoorthy,Washington State University,Math,A5039677345,Adjunct,FLAG_ADJUNCT,LAST_1967,29,REMOVE (Adjunct / Lecturer),3,https://math.wsu.edu/faculty/wsu-profile/bkrishna/
1224,Robert Dillon,Washington State University,Math,NOT_FOUND (CANDIDATES_FOUND_NO_AFFIL_MATCH),Emeritus,FLAG_EMERITUS,NO_OA_ID,0,REMOVE (Emeritus / Retired),3,https://math.wsu.edu/faculty/wsu-profile/rhdillon/
1225,Lynn Schreyer,Washington State University,Math,NOT_FOUND (CANDIDATES_FOUND_NO_AFFIL_MATCH),Adjunct,FLAG_ADJUNCT,NO_OA_ID,0,REMOVE (Adjunct / Lecturer),3,https://math.wsu.edu/faculty/wsu-profile/lynn.schreyer/
1226,Hong-Ming Yin,Washington State University,Math,A5044497477,Adjunct,FLAG_ADJUNCT,LAST_1988,9,REMOVE (Adjunct / Lecturer),3,https://math.wsu.edu/faculty/wsu-profile/hyin/
1199,William D. Musinski,University of Wisconsin-Milwaukee,Mech,A5005595633,Assistant Professor,ACTIVE_ASSISTANT_PROF,LAST_2006,11,KEEP (Active Professor),1,https://uwm.edu/engineering/directory/musinski-william/
1200,Jonathan W. Naughton,University of Wyoming,Mech/Aero,A5038476460,Assistant Professor,ACTIVE_ASSISTANT_PROF,LAST_1989,40,KEEP (Active Professor),1,https://www.uwyo.edu/mechanical/faculty-staff/faculty/index.html
1202,Michael Stoellinger,University of Wyoming,Mech,A5083847449,Assistant Professor,ACTIVE_ASSISTANT_PROF,LAST_2007,8,KEEP (Active Professor),1,https://www.uwyo.edu/mechanical/faculty-staff/faculty/michael-stoellinger.html
1230,Ari Stern,Washington University in St. Louis,Math,A5112708866,Professor,ACTIVE_PROFESSOR,LAST_2003,15,KEEP (Active Professor),1,https://math.wustl.edu/people/ari-stern
1231,Renato Feres,Washington University in St. Louis,Math,A5024158065,Professor,ACTIVE_PROFESSOR,LAST_1989,12,KEEP (Active Professor),1,https://math.wustl.edu/people/renato-feres
1203,Erica L. Belmont,University of Wyoming,Mech,NOT_FOUND (CANDIDATES_FOUND_NO_AFFIL_MATCH),Assistant Professor,ACTIVE_ASSISTANT_PROF,NO_OA_ID,0,KEEP (Active Professor),1,https://www.uwyo.edu/mechanical/faculty-staff/faculty/index.html
1205,Koen Groot,University of Wyoming,Mech,A5061255496,Assistant Professor,ACTIVE_ASSISTANT_PROF,LAST_2013,10,KEEP (Active Professor),1,https://www.uwyo.edu/mechanical/faculty-staff/faculty/index.html
1211,K. Todd Lowe,Virginia Tech,Aero,A5010277024,Assistant Professor,ACTIVE_ASSISTANT_PROF,LAST_2006,103,KEEP (Active Professor),1,https://www.aoe.vt.edu/people/faculty/lowe.html
1213,Christine Gilbert,Virginia Tech,Aero,A5012268169,Assistant Professor,ACTIVE_ASSISTANT_PROF,LAST_1997,9,KEEP (Active Professor),1,https://www.aoe.vt.edu/people/faculty/gilbert.html
1227,Ramesh K. Agarwal,Washington University in St. Louis,Mech/Math,A5001406774,Professor,ACTIVE_PROFESSOR,LAST_1970,275,KEEP (Active Professor),1,https://engineering.washu.edu/faculty/Ramesh-Agarwal.html
1228,Philip Bayly,Washington University in St. Louis,Mech/Math,A5045394358,Professor,ACTIVE_PROFESSOR,LAST_1990,64,KEEP (Active Professor),1,https://engineering.washu.edu/faculty/Philip-Bayly.html
1229,Amit Pathak,Washington University in St. Louis,Mech/Math,A5031107951,Professor,ACTIVE_PROFESSOR,LAST_1999,46,KEEP (Active Professor),1,https://engineering.washu.edu/faculty/Amit-Pathak.html
1232,Gbemeho Agbaglah,Wayne State University,Mech,A5087764436,Assistant Professor,ACTIVE_ASSISTANT_PROF,LAST_2010,12,KEEP (Active Professor),1,https://engineering.wayne.edu/profile/gy5595
1233,Omid Samimi Abianeh,Wayne State University,Mech,A5072408380,Associate Professor,ACTIVE_ASSOCIATE_PROF,LAST_2009,12,KEEP (Active Professor),1,https://engineering.wayne.edu/profile/eg8067
1234,Sean Wu,Wayne State University,Mech,A5101984003,None,HTTP_404,LAST_1993,39,KEEP (Active Professor),1,https://engineering.wayne.edu/profile/aa1045
1235,Chin-An Tan,Wayne State University,Mech,A5005024712,None,HTTP_404,LAST_1989,11,KEEP (Active Professor),1,https://engineering.wayne.edu/profile/aa1039
1236,Nabil Chalhoub,Wayne State University,Mech,A5084925333,Assistant Professor,ACTIVE_ASSISTANT_PROF,LAST_1983,2,KEEP (Active Professor),1,https://engineering.wayne.edu/profile/ab9714
1237,M. Arif Hasan,Wayne State University,Mech,A5013431736,Assistant Professor,ACTIVE_ASSISTANT_PROF,LAST_1978,31,KEEP (Active Professor),1,https://engineering.wayne.edu/profile/hj1787
1238,Longsheng Feng,Wayne State University,Mech,A5038736444,Assistant Professor,ACTIVE_ASSISTANT_PROF,LAST_1999,38,KEEP (Active Professor),1,https://engineering.wayne.edu/profile/ic3645
1239,Mahbub Islam,Wayne State University,Mech,A5046600331,Associate Professor,ACTIVE_ASSOCIATE_PROF,LAST_2011,64,KEEP (Active Professor),1,https://engineering.wayne.edu/profile/gy5553
1240,Mohammad A. Bukhari,Wayne State University,Mech,A5041466042,Assistant Professor,ACTIVE_ASSISTANT_PROF,LAST_2017,24,KEEP (Active Professor),1,https://engineering.wayne.edu/profile/hr2821
1248,Nadia Kianvashrad,Wichita State University,Aero,A5063734092,No clear rank detected,UNCERTAIN_WEB,LAST_2016,24,KEEP (Active Professor),1,https://www.wichita.edu/profiles/academics/engineering/aerospace/faculty/01_Faculty/Kianvashrad-Nadia.php
1249,Atri Dutta,Wichita State University,Aero,A5068592979,No clear rank detected,UNCERTAIN_WEB,LAST_2006,33,KEEP (Active Professor),1,https://www.wichita.edu/profiles/academics/engineering/aerospace/astronautics/Dutta-Atri.php
1250,James E. Steck,Wichita State University,Aero,A5041044613,No clear rank detected,UNCERTAIN_WEB,LAST_1970,25,KEEP (Active Professor),1,https://www.wichita.edu/profiles/academics/engineering/aerospace/xaefaculty.php
1251,Suresh Keshavanarayana,Wichita State University,Aero,A5053278414,No clear rank detected,UNCERTAIN_WEB,LAST_2001,6,KEEP (Active Professor),1,https://www.wichita.edu/profiles/academics/engineering/aerospace/faculty/01_Faculty/Keshavanarayana-Suresh.php
1252,Ramazan Asmatulu,Wichita State University,Mech,A5031968172,No clear rank detected,UNCERTAIN_WEB,LAST_1995,142,KEEP (Active Professor),1,https://www.wichita.edu/profiles/academics/engineering/mechanical_engineering/01_Faculty/index.php
1253,Christopher C. Green,Wichita State University,Math,A5050732142,No clear rank detected,UNCERTAIN_WEB,LAST_2011,10,KEEP (Active Professor),1,https://www.wichita.edu/profiles/academics/fairmount_college_of_liberal_arts_and_sciences/Math/Faculty/index.php
1254,Tianshi Lu,Wichita State University,Math,A5024060935,Assistant Professor,ACTIVE_ASSISTANT_PROF,LAST_2017,1,KEEP (Active Professor),1,https://www.math.wichita.edu/~lu/resume/
1255,Mohamed M. S. Nasser,Wichita State University,Math,A5051511553,No clear rank detected,UNCERTAIN_WEB,LAST_1999,31,KEEP (Active Professor),1,https://www.wichita.edu/profiles/academics/fairmount_college_of_liberal_arts_and_sciences/Math/Faculty/Nasser-Mohamed.php
1256,Zifeng Yang,Wright State University,Mech,A5063704361,Professor,ACTIVE_PROFESSOR,LAST_2007,48,KEEP (Active Professor),1,https://people.wright.edu/zifeng.yang
1257,J. Mitch Wolff,Wright State University,Mech,A5003916352,Professor,ACTIVE_PROFESSOR,LAST_1998,23,KEEP (Active Professor),1,https://people.wright.edu/mitch.wolff
1258,Hamed Attariani,Wright State University,Math,A5003738174,Professor,ACTIVE_PROFESSOR,LAST_2008,15,KEEP (Active Professor),1,https://people.wright.edu/hamed.attariani
1259,Sheng Li,Wright State University,Mech,NOT_FOUND (CANDIDATES_FOUND_NO_AFFIL_MATCH),Professor,ACTIVE_PROFESSOR,NO_OA_ID,0,KEEP (Active Professor),1,https://people.wright.edu/sheng.li
1260,Weifu Fang,Wright State University,Math,A5070538513,Professor,ACTIVE_PROFESSOR,LAST_1988,3,KEEP (Active Professor),1,https://people.wright.edu/weifu.fang
1261,Ayse Sahin,Wright State University,Math,NOT_FOUND (CANDIDATES_FOUND_NO_AFFIL_MATCH),None,HTTP_403,NO_OA_ID,0,REVIEW (Inactive: 0 papers since 2022),2,https://people.wright.edu/ayse.sahin
1262,Mitchell Smooke,Yale University,Mech/Math,A5078993938,Assistant Professor,ACTIVE_ASSISTANT_PROF,LAST_1982,1,KEEP (Active Professor),1,https://engineering.yale.edu/research-and-faculty/faculty-directory/mitchell-smooke
1263,Alessandro Gomez,Yale University,Mech/Math,A5008883110,Professor,ACTIVE_PROFESSOR,LAST_1970,11,KEEP (Active Professor),1,https://engineering.yale.edu/research-and-faculty/faculty-directory/alessandro-gomez
1264,Amir A. Pahlavan,Yale University,Mech/Math,A5038718370,Assistant Professor,ACTIVE_ASSISTANT_PROF,LAST_2007,27,KEEP (Active Professor),1,https://engineering.yale.edu/research-and-faculty/faculty-directory/amir-pahlavan
1265,Corey S. O'Hern,Yale University,Math,A5052304826,None,HTTP_404,LAST_1996,80,KEEP (Active Professor),1,https://engineering.yale.edu/research-and-faculty/faculty-directory/corey-ohern
1266,Bauyrzhan Primkulov,Yale University,Mech/Math,A5071172974,Assistant Professor,ACTIVE_ASSISTANT_PROF,LAST_2014,20,KEEP (Active Professor),1,https://engineering.yale.edu/research-and-faculty/faculty-directory/bauyrzhan-primkulov
1267,Vladimir Rokhlin,Yale University,Math,A5009388223,Professor,ACTIVE_PROFESSOR,LAST_1960,7,KEEP (Active Professor),1,https://engineering.yale.edu/research-and-faculty/faculty-directory/vladimir-rokhlin
1268,Ronald Coifman,Yale University,Math,A5141977219,Professor,ACTIVE_PROFESSOR,LAST_1997,1,KEEP (Active Professor),1,https://engineering.yale.edu/research-and-faculty/faculty-directory/ronald-coifman
1269,Madhusudhan Venkadesan,Yale University,Mech/Math,A5079466047,Associate Professor,ACTIVE_ASSOCIATE_PROF,LAST_2001,14,KEEP (Active Professor),1,https://engineering.yale.edu/research-and-faculty/faculty-directory/madhusudhan-venkadesan
