[2026-09-19 19:24:07] [INFO] ================================================================================
[2026-09-19 19:24:07] [INFO] STARTING OPENALEX FACULTY RESEARCH JSON EXTRACTION PIPELINE
[2026-09-19 19:24:07] [INFO] Target Sheet: Master - All Live Verified
[2026-09-19 19:24:07] [INFO] Destination:  d:\Others\findprofs\openalex_mechaero_faculty_json\universities_wise
[2026-09-19 19:24:07] [INFO] Date Filter:  2023-01-01 to 2026-06-30 (Mid-2026)
[2026-09-19 19:24:07] [INFO] ================================================================================
[2026-09-19 19:24:08] [INFO] Total verified faculty members with valid OpenAlex ID: 787
[2026-09-19 19:24:08] [INFO] Running multi-threaded harvesting pool with 5 workers...
[2026-09-19 19:24:13] [INFO] [  1/787] (  0.1%) [SAVED] Kyle Squires              | Arizona State University  | Works: 208, Cites: 13732, h-index: 42 | Speed: 0.2 profs/s | ETA: 67.6m
[2026-09-19 19:24:13] [INFO] [  2/787] (  0.3%) [SAVED] Kiran Ramesh              | Arizona State University  | Works:  63, Cites:  1096, h-index: 14 | Speed: 0.4 profs/s | ETA: 36.1m
[2026-09-19 19:24:13] [INFO] [  3/787] (  0.4%) [SAVED] Houlong Zhuang            | Arizona State University  | Works: 160, Cites: 14251, h-index: 51 | Speed: 0.5 profs/s | ETA: 25.1m
[2026-09-19 19:24:14] [INFO] [  4/787] (  0.5%) [SAVED] Marcus Herrmann           | Arizona State University  | Works: 168, Cites:  2695, h-index: 24 | Speed: 0.7 profs/s | ETA: 19.9m
[2026-09-19 19:24:15] [INFO] [  5/787] (  0.6%) [SAVED] Brian Thurow              | Auburn University         | Works: 210, Cites:  2478, h-index: 25 | Speed: 0.7 profs/s | ETA: 18.7m
[2026-09-19 19:24:17] [INFO] [  6/787] (  0.8%) [SAVED] Joe Majdalani             | Auburn University         | Works:  14, Cites:    99, h-index:  6 | Speed: 0.7 profs/s | ETA: 19.3m
[2026-09-19 19:24:18] [INFO] [  7/787] (  0.9%) [SAVED] Roy Hartfield             | Auburn University         | Works: 188, Cites:  1786, h-index: 21 | Speed: 0.7 profs/s | ETA: 18.5m
[2026-09-19 19:24:18] [INFO] [  8/787] (  1.0%) [SAVED] Nek Sharan                | Auburn University         | Works:  34, Cites:   119, h-index:  5 | Speed: 0.8 profs/s | ETA: 16.6m
[2026-09-19 19:24:18] [INFO] [  9/787] (  1.1%) [SAVED] David E Scarborough       | Auburn University         | Works: 101, Cites:  1047, h-index: 15 | Speed: 0.9 profs/s | ETA: 15.0m
[2026-09-19 19:24:20] [INFO] [ 10/787] (  1.3%) [SAVED] Imon Chakraborty          | Auburn University         | Works: 134, Cites:  1121, h-index: 17 | Speed: 0.8 profs/s | ETA: 15.4m
[2026-09-19 19:24:21] [INFO] [ 11/787] (  1.4%) [SAVED] Davide Guzzetti           | Auburn University         | Works:  54, Cites:   577, h-index: 13 | Speed: 0.8 profs/s | ETA: 15.6m
[2026-09-19 19:24:22] [INFO] [ 12/787] (  1.5%) [SAVED] Ehsan Taheri              | Auburn University         | Works: 120, Cites:  1869, h-index: 25 | Speed: 0.8 profs/s | ETA: 15.4m
[2026-09-19 19:24:22] [INFO] [ 13/787] (  1.7%) [SAVED] Paul R. Chiarot           | Binghamton University     | Works: 106, Cites:  1149, h-index: 20 | Speed: 0.9 profs/s | ETA: 14.6m
[2026-09-19 19:24:22] [INFO] [ 14/787] (  1.8%) [SAVED] Jifu Tan                  | Binghamton University     | Works:  68, Cites:  1764, h-index: 20 | Speed: 0.9 profs/s | ETA: 13.6m
[2026-09-19 19:24:24] [INFO] [ 15/787] (  1.9%) [SAVED] Cosan Daskiran            | Binghamton University     | Works:  53, Cites:   438, h-index: 12 | Speed: 0.9 profs/s | ETA: 14.3m
[2026-09-19 19:24:25] [INFO] [ 16/787] (  2.0%) [SAVED] Sheryl Grace              | Boston University         | Works:  89, Cites:   931, h-index: 15 | Speed: 0.9 profs/s | ETA: 14.2m
[2026-09-19 19:24:26] [INFO] [ 17/787] (  2.2%) [SAVED] James C. Bird             | Boston University         | Works: 130, Cites:  4461, h-index: 28 | Speed: 0.9 profs/s | ETA: 13.9m
[2026-09-19 19:24:26] [INFO] [ 18/787] (  2.3%) [SAVED] Raymond Nagem             | Boston University         | Works:  69, Cites:   241, h-index:  8 | Speed: 1.0 profs/s | ETA: 13.4m
[2026-09-19 19:24:27] [INFO] [ 19/787] (  2.4%) [SAVED] Douglas P. Holmes         | Boston University         | Works: 103, Cites:  2109, h-index: 22 | Speed: 1.0 profs/s | ETA: 13.0m
[2026-09-19 19:24:29] [INFO] [ 20/787] (  2.5%) [SAVED] Sean B. Andersson         | Boston University         | Works: 237, Cites:  2434, h-index: 25 | Speed: 1.0 profs/s | ETA: 13.4m
[2026-09-19 19:24:30] [INFO] [ 21/787] (  2.7%) [SAVED] Kenneth S. Breuer         | Brown University          | Works: 486, Cites: 12356, h-index: 62 | Speed: 0.9 profs/s | ETA: 13.5m
[2026-09-19 19:24:30] [INFO] [ 22/787] (  2.8%) [SAVED] Daniel M. Harris          | Brown University          | Works: 276, Cites:  2854, h-index: 25 | Speed: 1.0 profs/s | ETA: 13.2m
[2026-09-19 19:24:31] [INFO] [ 23/787] (  2.9%) [SAVED] Mauro Rodriguez Jr.       | Brown University          | Works:  47, Cites:   294, h-index:  9 | Speed: 1.0 profs/s | ETA: 12.8m
[2026-09-19 19:24:31] [INFO] [ 24/787] (  3.0%) [SAVED] Roberto Zenit             | Brown University          | Works: 296, Cites:  4206, h-index: 34 | Speed: 1.0 profs/s | ETA: 12.6m
[2026-09-19 19:24:33] [INFO] [ 25/787] (  3.2%) [SAVED] Monica Martinez Wilhelmus | Brown University          | Works:  58, Cites:   234, h-index:  7 | Speed: 1.0 profs/s | ETA: 13.1m
[2026-09-19 19:24:35] [INFO] [ 26/787] (  3.3%) [SAVED] Joanna M. Austin          | California Institute of T | Works: 170, Cites:  3030, h-index: 29 | Speed: 0.9 profs/s | ETA: 13.4m
[2026-09-19 19:24:35] [INFO] [ 27/787] (  3.4%) [SAVED] H. Jane Bae               | California Institute of T | Works:  64, Cites:  1039, h-index: 13 | Speed: 1.0 profs/s | ETA: 12.9m
[2026-09-19 19:24:36] [INFO] [ 28/787] (  3.6%) [SAVED] George Em Karniadakis     | Brown University          | Works: 1244, Cites: 112262, h-index: 139 | Speed: 1.0 profs/s | ETA: 12.6m
[2026-09-19 19:24:36] [INFO] [ 29/787] (  3.7%) [SAVED] Guillaume Blanquart       | California Institute of T | Works: 205, Cites:  4513, h-index: 30 | Speed: 1.0 profs/s | ETA: 12.3m
[2026-09-19 19:24:38] [INFO] [ 30/787] (  3.8%) [SAVED] Tim Colonius              | California Institute of T | Works: 580, Cites: 19700, h-index: 63 | Speed: 1.0 profs/s | ETA: 12.6m
[2026-09-19 19:24:39] [INFO] [ 31/787] (  3.9%) [SAVED] Joseph E. Shepherd        | California Institute of T | Works:  17, Cites:    11, h-index:  2 | Speed: 1.0 profs/s | ETA: 12.8m
[2026-09-19 19:24:39] [INFO] [ 32/787] (  4.1%) [SAVED] Adrian Lozano-Duran       | California Institute of T | Works:   2, Cites:     0, h-index:  0 | Speed: 1.0 profs/s | ETA: 12.5m
[2026-09-19 19:24:40] [INFO] [ 33/787] (  4.2%) [SAVED] Morteza (Mory) Gharib     | California Institute of T | Works: 604, Cites: 16216, h-index: 69 | Speed: 1.0 profs/s | ETA: 12.2m
[2026-09-19 19:24:40] [INFO] [ 34/787] (  4.3%) [SAVED] John O. Dabiri            | California Institute of T | Works: 310, Cites:  9724, h-index: 54 | Speed: 1.1 profs/s | ETA: 11.8m
[2026-09-19 19:24:42] [INFO] [ 35/787] (  4.4%) [SAVED] Amir Barati Farimani      | Carnegie Mellon Universit | Works: 330, Cites:  9440, h-index: 50 | Speed: 1.0 profs/s | ETA: 12.4m
[2026-09-19 19:24:53] [INFO] [ 36/787] (  4.6%) [SAVED] Shelley L. Anna           | Carnegie Mellon Universit | Works:  99, Cites:  8421, h-index: 29 | Speed: 0.8 profs/s | ETA: 15.7m
[2026-09-19 19:24:54] [INFO] [ 37/787] (  4.7%) [SAVED] Gerald J. Wang            | Carnegie Mellon Universit | Works: 117, Cites:  2133, h-index: 21 | Speed: 0.8 profs/s | ETA: 15.7m
[2026-09-19 19:24:54] [INFO] [ 38/787] (  4.8%) [SAVED] Philip LeDuc              | Carnegie Mellon Universit | Works: 359, Cites:  6836, h-index: 41 | Speed: 0.8 profs/s | ETA: 15.3m
[2026-09-19 19:24:54] [INFO] [ 39/787] (  5.0%) [SAVED] Carmel Majidi             | Carnegie Mellon Universit | Works: 363, Cites: 26038, h-index: 87 | Speed: 0.8 profs/s | ETA: 14.9m
[2026-09-19 19:24:57] [INFO] [ 40/787] (  5.1%) [SAVED] Joshua Bostwick           | Clemson University        | Works: 111, Cites:  1591, h-index: 21 | Speed: 0.8 profs/s | ETA: 15.3m
[2026-09-19 19:24:59] [INFO] [ 41/787] (  5.2%) [SAVED] Ethan Kung                | Clemson University        | Works:  63, Cites:   987, h-index: 17 | Speed: 0.8 profs/s | ETA: 15.5m
[2026-09-19 19:24:59] [INFO] [ 42/787] (  5.3%) [SAVED] Hassan Masoud             | Clemson University        | Works:  81, Cites:  1394, h-index: 20 | Speed: 0.8 profs/s | ETA: 15.1m
[2026-09-19 19:25:00] [INFO] [ 43/787] (  5.5%) [SAVED] Phanindra Tallapragada    | Clemson University        | Works: 123, Cites:   944, h-index: 16 | Speed: 0.8 profs/s | ETA: 15.0m
[2026-09-19 19:25:00] [INFO] [ 44/787] (  5.6%) [SAVED] Zhen Li                   | Clemson University        | Works: 955, Cites: 46252, h-index: 107 | Speed: 0.8 profs/s | ETA: 14.7m
[2026-09-19 19:25:01] [INFO] [ 45/787] (  5.7%) [SAVED] Chenning Tong             | Clemson University        | Works: 106, Cites:  1082, h-index: 17 | Speed: 0.8 profs/s | ETA: 14.7m
[2026-09-19 19:25:04] [INFO] [ 46/787] (  5.8%) [SAVED] Denis Aslangil            | Colorado School of Mines  | Works:  43, Cites:   138, h-index:  7 | Speed: 0.8 profs/s | ETA: 15.1m
[2026-09-19 19:25:05] [INFO] [ 47/787] (  6.0%) [SAVED] Yuhao Xu                  | Clemson University        | Works:  62, Cites:  1217, h-index: 20 | Speed: 0.8 profs/s | ETA: 14.9m
[2026-09-19 19:25:05] [INFO] [ 48/787] (  6.1%) [SAVED] Veronica Eliasson         | Colorado School of Mines  | Works: 134, Cites:   664, h-index: 16 | Speed: 0.8 profs/s | ETA: 14.7m
[2026-09-19 19:25:06] [INFO] [ 49/787] (  6.2%) [SAVED] Rajavasanth Rajasegar     | Colorado School of Mines  | Works:  65, Cites:   731, h-index: 16 | Speed: 0.8 profs/s | ETA: 14.5m
[2026-09-19 19:25:06] [INFO] [ 50/787] (  6.4%) [SAVED] Nils Tilton               | Colorado School of Mines  | Works:  56, Cites:   740, h-index: 16 | Speed: 0.9 profs/s | ETA: 14.4m
[2026-09-19 19:25:08] [INFO] [ 51/787] (  6.5%) [SAVED] Robert J. Kee             | Colorado School of Mines  | Works: 428, Cites: 24705, h-index: 69 | Speed: 0.8 profs/s | ETA: 14.6m
[2026-09-19 19:25:09] [INFO] [ 52/787] (  6.6%) [SAVED] Ciprian Dumitrache        | Colorado State University | Works:  73, Cites:   511, h-index: 12 | Speed: 0.8 profs/s | ETA: 14.5m
[2026-09-19 19:25:09] [INFO] [ 53/787] (  6.7%) [SAVED] Bret Windom               | Colorado State University | Works: 123, Cites:  2183, h-index: 22 | Speed: 0.9 profs/s | ETA: 14.2m
[2026-09-19 19:25:10] [INFO] [ 54/787] (  6.9%) [SAVED] Azer Yalin                | Colorado State University | Works: 232, Cites:  2543, h-index: 30 | Speed: 0.9 profs/s | ETA: 14.1m
[2026-09-19 19:25:11] [INFO] [ 55/787] (  7.0%) [SAVED] Subhas Karan Venayagamoor | Colorado State University | Works: 125, Cites:  2253, h-index: 23 | Speed: 0.9 profs/s | ETA: 14.1m
[2026-09-19 19:25:13] [INFO] [ 56/787] (  7.1%) [SAVED] Olivier Desjardins        | Cornell University        | Works: 231, Cites:  4876, h-index: 34 | Speed: 0.9 profs/s | ETA: 14.2m
[2026-09-19 19:25:13] [INFO] [ 57/787] (  7.2%) [SAVED] Z. Jane Wang              | Cornell University        | Works:  38, Cites:  5479, h-index: 27 | Speed: 0.9 profs/s | ETA: 14.0m
[2026-09-19 19:25:14] [INFO] [ 58/787] (  7.4%) [SAVED] Gregory Paul Bewley       | Cornell University        | Works:   1, Cites:     0, h-index:  0 | Speed: 0.9 profs/s | ETA: 13.8m
[2026-09-19 19:25:15] [INFO] [ 59/787] (  7.5%) [SAVED] Jian-Xun Wang             | Cornell University        | Works: 294, Cites:  7980, h-index: 44 | Speed: 0.9 profs/s | ETA: 13.9m
[2026-09-19 19:25:16] [INFO] [ 60/787] (  7.6%) [SAVED] Perrine Pepiot            | Cornell University        | Works:  53, Cites:  1410, h-index: 20 | Speed: 0.9 profs/s | ETA: 13.8m
[2026-09-19 19:25:18] [INFO] [ 61/787] (  7.8%) [SAVED] Silvia Ferrari            | Cornell University        | Works: 380, Cites:  3687, h-index: 31 | Speed: 0.9 profs/s | ETA: 13.9m
[2026-09-19 19:25:18] [INFO] [ 62/787] (  7.9%) [SAVED] Elaine Petro              | Cornell University        | Works:  76, Cites:   347, h-index: 10 | Speed: 0.9 profs/s | ETA: 13.7m
[2026-09-19 19:25:18] [INFO] [ 63/787] (  8.0%) [SAVED] Mason Peck                | Cornell University        | Works: 228, Cites:  2515, h-index: 28 | Speed: 0.9 profs/s | ETA: 13.5m
[2026-09-19 19:25:19] [INFO] [ 64/787] (  8.1%) [SAVED] Benoit Cushman-Roisin     | Dartmouth College         | Works: 136, Cites:  3407, h-index: 27 | Speed: 0.9 profs/s | ETA: 13.4m
[2026-09-19 19:25:21] [INFO] [ 65/787] (  8.3%) [SAVED] Colin R. Meyer            | Dartmouth College         | Works: 187, Cites:  1468, h-index: 23 | Speed: 0.9 profs/s | ETA: 13.6m
[2026-09-19 19:25:23] [INFO] [ 66/787] (  8.4%) [SAVED] Laura Ray                 | Dartmouth College         | Works: 133, Cites:  2474, h-index: 24 | Speed: 0.9 profs/s | ETA: 13.7m
[2026-09-19 19:25:23] [INFO] [ 67/787] (  8.5%) [SAVED] Mary Albert               | Dartmouth College         | Works: 193, Cites:  4629, h-index: 39 | Speed: 0.9 profs/s | ETA: 13.5m
[2026-09-19 19:25:23] [INFO] [ 68/787] (  8.6%) [SAVED] Alexander Fridman         | Drexel University         | Works: 425, Cites: 22267, h-index: 66 | Speed: 0.9 profs/s | ETA: 13.3m
[2026-09-19 19:25:24] [INFO] [ 69/787] (  8.8%) [SAVED] Yan Li                    | Dartmouth College         | Works: 1404, Cites: 42536, h-index: 97 | Speed: 0.9 profs/s | ETA: 13.2m
[2026-09-19 19:25:25] [INFO] [ 70/787] (  8.9%) [SAVED] Hongseok Moses Noh        | Drexel University         | Works:  55, Cites:  1156, h-index: 18 | Speed: 0.9 profs/s | ETA: 13.2m
[2026-09-19 19:25:27] [INFO] [ 71/787] (  9.0%) [SAVED] Earl H. Dowell            | Duke University           | Works: 805, Cites: 23457, h-index: 72 | Speed: 0.9 profs/s | ETA: 13.4m
[2026-09-19 19:25:27] [INFO] [ 72/787] (  9.1%) [SAVED] James Tangorra            | Drexel University         | Works:  65, Cites:  1845, h-index: 18 | Speed: 0.9 profs/s | ETA: 13.2m
[2026-09-19 19:25:28] [INFO] [ 73/787] (  9.3%) [SAVED] Sorin Siegler             | Drexel University         | Works: 166, Cites:  7124, h-index: 34 | Speed: 0.9 profs/s | ETA: 13.0m
[2026-09-19 19:25:28] [INFO] [ 74/787] (  9.4%) [SAVED] Kenneth C. Hall           | Duke University           | Works: 218, Cites:  8314, h-index: 46 | Speed: 0.9 profs/s | ETA: 12.9m
[2026-09-19 19:25:29] [INFO] [ 75/787] (  9.5%) [SAVED] Wilkins Aquino            | Duke University           | Works: 144, Cites:  1704, h-index: 23 | Speed: 0.9 profs/s | ETA: 12.9m
[2026-09-19 19:25:31] [INFO] [ 76/787] (  9.7%) [SAVED] Lawrie Virgin             | Duke University           | Works:   6, Cites:     2, h-index:  1 | Speed: 0.9 profs/s | ETA: 13.0m
[2026-09-19 19:25:32] [INFO] [ 77/787] (  9.8%) [SAVED] Bavand Keshavarz          | Duke University           | Works:  65, Cites:  1133, h-index: 16 | Speed: 0.9 profs/s | ETA: 12.9m
[2026-09-19 19:25:33] [INFO] [ 78/787] (  9.9%) [SAVED] William Engblom           | Embry-Riddle Aeronautical | Works:   1, Cites:    26, h-index:  1 | Speed: 0.9 profs/s | ETA: 12.9m
[2026-09-19 19:25:33] [INFO] [ 79/787] ( 10.0%) [SAVED] Michael Zavlanos          | Duke University           | Works: 225, Cites:  5979, h-index: 40 | Speed: 0.9 profs/s | ETA: 12.7m
[2026-09-19 19:25:33] [INFO] [ 80/787] ( 10.2%) [SAVED] Anouck Girard             | Embry-Riddle Aeronautical | Works: 346, Cites:  4569, h-index: 34 | Speed: 0.9 profs/s | ETA: 12.6m
[2026-09-19 19:25:36] [INFO] [ 81/787] ( 10.3%) [SAVED] Eric Perrell              | Embry-Riddle Aeronautical | Works:  23, Cites:    80, h-index:  4 | Speed: 0.9 profs/s | ETA: 12.8m
[2026-09-19 19:25:36] [INFO] [ 82/787] ( 10.4%) [SAVED] Andrea Da Ronch           | Embry-Riddle Aeronautical | Works: 178, Cites:  2671, h-index: 24 | Speed: 0.9 profs/s | ETA: 12.6m
[2026-09-19 19:25:36] [INFO] [ 83/787] ( 10.5%) [SAVED] Hever Moncayo             | Embry-Riddle Aeronautical | Works:   1, Cites:     3, h-index:  1 | Speed: 0.9 profs/s | ETA: 12.5m
[2026-09-19 19:25:37] [INFO] [ 84/787] ( 10.7%) [SAVED] Troy Henderson            | Embry-Riddle Aeronautical | Works:   2, Cites:     0, h-index:  0 | Speed: 0.9 profs/s | ETA: 12.4m
[2026-09-19 19:25:37] [INFO] [ 85/787] ( 10.8%) [SAVED] Chelakara S. Subramanian  | Florida Institute of Tech | Works: 110, Cites:  1287, h-index: 18 | Speed: 0.9 profs/s | ETA: 12.4m
[2026-09-19 19:25:40] [INFO] [ 86/787] ( 10.9%) [SAVED] Reza Jahanbakhshi         | Florida Institute of Tech | Works:  46, Cites:   693, h-index: 16 | Speed: 0.9 profs/s | ETA: 12.5m
[2026-09-19 19:25:40] [INFO] [ 87/787] ( 11.1%) [SAVED] Daniel Kirk               | Florida Institute of Tech | Works:  31, Cites:   605, h-index:  8 | Speed: 0.9 profs/s | ETA: 12.4m
[2026-09-19 19:25:41] [INFO] [ 88/787] ( 11.2%) [SAVED] Kibaek Lee                | Florida Institute of Tech | Works:  84, Cites:  2345, h-index: 23 | Speed: 0.9 profs/s | ETA: 12.3m
[2026-09-19 19:25:41] [INFO] [ 89/787] ( 11.3%) [SAVED] Camilo Riano-Rios         | Florida Institute of Tech | Works:  12, Cites:    89, h-index:  4 | Speed: 1.0 profs/s | ETA: 12.2m
[2026-09-19 19:25:42] [INFO] [ 90/787] ( 11.4%) [SAVED] Madhur Tiwari             | Florida Institute of Tech | Works:  32, Cites:    92, h-index:  5 | Speed: 1.0 profs/s | ETA: 12.2m
[2026-09-19 19:25:45] [INFO] [ 91/787] ( 11.6%) [SAVED] Manasvi Lingam            | Florida Institute of Tech | Works: 157, Cites:  2179, h-index: 28 | Speed: 0.9 profs/s | ETA: 12.4m
[2026-09-19 19:25:45] [INFO] [ 92/787] ( 11.7%) [SAVED] Tanaji Paul               | Florida International Uni | Works:  60, Cites:   647, h-index: 17 | Speed: 0.9 profs/s | ETA: 12.2m
[2026-09-19 19:25:45] [INFO] [ 93/787] ( 11.8%) [SAVED] Rajan Kumar               | Florida State University  | Works: 261, Cites:  1961, h-index: 22 | Speed: 1.0 profs/s | ETA: 12.1m
[2026-09-19 19:25:45] [INFO] [ 94/787] ( 11.9%) [SAVED] Dwayne McDaniel           | Florida International Uni | Works:  89, Cites:   647, h-index: 15 | Speed: 1.0 profs/s | ETA: 12.0m
[2026-09-19 19:25:46] [INFO] [ 95/787] ( 12.1%) [SAVED] Farrukh Alvi              | Florida State University  | Works: 276, Cites:  5093, h-index: 37 | Speed: 1.0 profs/s | ETA: 12.0m
[2026-09-19 19:25:48] [INFO] [ 96/787] ( 12.2%) [SAVED] Unnikrishnan Sasidharan N | Florida State University  | Works:   2, Cites:    19, h-index:  1 | Speed: 1.0 profs/s | ETA: 12.1m
[2026-09-19 19:25:49] [INFO] [ 97/787] ( 12.3%) [SAVED] Chiang Shih               | Florida State University  | Works: 106, Cites:  1619, h-index: 21 | Speed: 1.0 profs/s | ETA: 12.0m
[2026-09-19 19:25:49] [INFO] [ 98/787] ( 12.5%) [SAVED] Kourosh Shoele            | Florida State University  | Works: 144, Cites:  1647, h-index: 18 | Speed: 1.0 profs/s | ETA: 11.9m
[2026-09-19 19:25:50] [INFO] [ 99/787] ( 12.6%) [SAVED] Neda Yaghoobian           | Florida State University  | Works:  41, Cites:   529, h-index:  9 | Speed: 1.0 profs/s | ETA: 11.8m
[2026-09-19 19:25:51] [INFO] [100/787] ( 12.7%) [SAVED] Huixuan Wu                | Florida State University  | Works:  61, Cites:   878, h-index: 10 | Speed: 1.0 profs/s | ETA: 11.8m
[2026-09-19 19:25:53] [INFO] [101/787] ( 12.8%) [SAVED] Christian Hubicki         | Florida State University  | Works:  65, Cites:  1518, h-index: 18 | Speed: 1.0 profs/s | ETA: 11.9m
[2026-09-19 19:25:54] [INFO] [102/787] ( 13.0%) [SAVED] Leigh McCue-Weil          | George Mason University   | Works:  80, Cites:   553, h-index: 11 | Speed: 1.0 profs/s | ETA: 11.8m
[2026-09-19 19:25:54] [INFO] [103/787] ( 13.1%) [SAVED] Jonathan Clark            | Florida State University  | Works: 141, Cites:  3255, h-index: 27 | Speed: 1.0 profs/s | ETA: 11.7m
[2026-09-19 19:25:55] [INFO] [104/787] ( 13.2%) [SAVED] Jeffrey L. Moran          | George Mason University   | Works:  57, Cites:  1515, h-index: 17 | Speed: 1.0 profs/s | ETA: 11.7m
[2026-09-19 19:25:55] [INFO] [105/787] ( 13.3%) [SAVED] Pouya Rezai               | George Mason University   | Works: 162, Cites:  2113, h-index: 26 | Speed: 1.0 profs/s | ETA: 11.6m
[2026-09-19 19:25:58] [INFO] [106/787] ( 13.5%) [SAVED] Daigo Shishika            | George Mason University   | Works:  96, Cites:   838, h-index: 16 | Speed: 1.0 profs/s | ETA: 11.8m
[2026-09-19 19:25:58] [INFO] [107/787] ( 13.6%) [SAVED] Philippe M. Bardet        | George Washington Univers | Works: 117, Cites:   633, h-index: 14 | Speed: 1.0 profs/s | ETA: 11.7m
[2026-09-19 19:25:58] [INFO] [108/787] ( 13.7%) [SAVED] Elias Balaras             | George Washington Univers | Works: 283, Cites:  7939, h-index: 41 | Speed: 1.0 profs/s | ETA: 11.6m
[2026-09-19 19:25:59] [INFO] [109/787] ( 13.9%) [SAVED] Michael Keidar            | George Washington Univers | Works: 812, Cites: 20651, h-index: 76 | Speed: 1.0 profs/s | ETA: 11.6m
[2026-09-19 19:25:59] [INFO] [110/787] ( 14.0%) [SAVED] Megan C. Leftwich         | George Washington Univers | Works:  93, Cites:   845, h-index: 16 | Speed: 1.0 profs/s | ETA: 11.5m
[2026-09-19 19:26:02] [INFO] [111/787] ( 14.1%) [SAVED] Matthew J. Rau            | George Washington Univers | Works:  56, Cites:   457, h-index: 12 | Speed: 1.0 profs/s | ETA: 11.6m
[2026-09-19 19:26:03] [INFO] [112/787] ( 14.2%) [SAVED] Taeyoung Lee              | George Washington Univers | Works: 278, Cites:  6283, h-index: 34 | Speed: 1.0 profs/s | ETA: 11.6m
[2026-09-19 19:26:03] [INFO] [113/787] ( 14.4%) [SAVED] Kausik Sarkar             | George Washington Univers | Works: 243, Cites:  4770, h-index: 40 | Speed: 1.0 profs/s | ETA: 11.5m
[2026-09-19 19:26:04] [INFO] [114/787] ( 14.5%) [SAVED] Petros Koumoutsakos       | Harvard University        | Works: 538, Cites: 25234, h-index: 77 | Speed: 1.0 profs/s | ETA: 11.5m
[2026-09-19 19:26:04] [INFO] [115/787] ( 14.6%) [SAVED] Michael P. Brenner        | Harvard University        | Works: 473, Cites: 22466, h-index: 74 | Speed: 1.0 profs/s | ETA: 11.4m
[2026-09-19 19:26:07] [INFO] [116/787] ( 14.7%) [SAVED] L. Mahadevan              | Harvard University        | Works: 718, Cites: 41569, h-index: 104 | Speed: 1.0 profs/s | ETA: 11.5m
[2026-09-19 19:26:08] [INFO] [117/787] ( 14.9%) [SAVED] Katia Bertoldi            | Harvard University        | Works: 530, Cites: 30404, h-index: 87 | Speed: 1.0 profs/s | ETA: 11.5m
[2026-09-19 19:26:08] [INFO] [118/787] ( 15.0%) [SAVED] Robin Wordsworth          | Harvard University        | Works: 249, Cites:  6203, h-index: 38 | Speed: 1.0 profs/s | ETA: 11.3m
[2026-09-19 19:26:09] [INFO] [119/787] ( 15.1%) [SAVED] Robert J. Wood            | Harvard University        | Works: 525, Cites: 48626, h-index: 99 | Speed: 1.0 profs/s | ETA: 11.4m
[2026-09-19 19:26:10] [INFO] [120/787] ( 15.2%) [SAVED] Daniel J. Jacob           | Harvard University        | Works: 1049, Cites: 92105, h-index: 170 | Speed: 1.0 profs/s | ETA: 11.3m
[2026-09-19 19:26:11] [INFO] [121/787] ( 15.4%) [SAVED] Achille Messac            | Howard University         | Works: 230, Cites:  7651, h-index: 41 | Speed: 1.0 profs/s | ETA: 11.3m
[2026-09-19 19:26:12] [INFO] [122/787] ( 15.5%) [SAVED] Kevin W. Cassel           | Illinois Institute of Tec | Works: 101, Cites:  1711, h-index: 16 | Speed: 1.0 profs/s | ETA: 11.3m
[2026-09-19 19:26:13] [INFO] [123/787] ( 15.6%) [SAVED] Louis N. Cattafesta III   | Illinois Institute of Tec | Works: 370, Cites:  9411, h-index: 48 | Speed: 1.0 profs/s | ETA: 11.2m
[2026-09-19 19:26:14] [INFO] [124/787] ( 15.8%) [SAVED] Scott T. M. Dawson        | Illinois Institute of Tec | Works: 117, Cites:  4426, h-index: 17 | Speed: 1.0 profs/s | ETA: 11.3m
[2026-09-19 19:26:14] [INFO] [125/787] ( 15.9%) [SAVED] Douglas W. Carter         | Illinois Institute of Tec | Works:  31, Cites:   329, h-index: 10 | Speed: 1.0 profs/s | ETA: 11.2m
[2026-09-19 19:26:15] [INFO] [126/787] ( 16.0%) [SAVED] Carrie M. Hall            | Illinois Institute of Tec | Works: 166, Cites:  1402, h-index: 19 | Speed: 1.0 profs/s | ETA: 11.2m
[2026-09-19 19:26:16] [INFO] [127/787] ( 16.1%) [SAVED] Matthew Spenko            | Illinois Institute of Tec | Works:   1, Cites:     0, h-index:  0 | Speed: 1.0 profs/s | ETA: 11.1m
[2026-09-19 19:26:17] [INFO] [128/787] ( 16.3%) [SAVED] Ankit Srivastava          | Illinois Institute of Tec | Works:  94, Cites:  1995, h-index: 22 | Speed: 1.0 profs/s | ETA: 11.1m
[2026-09-19 19:26:18] [INFO] [129/787] ( 16.4%) [SAVED] Dietmar Rempfer           | Illinois Institute of Tec | Works: 100, Cites:  1600, h-index: 17 | Speed: 1.0 profs/s | ETA: 11.1m
[2026-09-19 19:26:19] [INFO] [130/787] ( 16.5%) [SAVED] Hui Hu                    | Iowa State University     | Works: 553, Cites: 10381, h-index: 58 | Speed: 1.0 profs/s | ETA: 11.1m
[2026-09-19 19:26:20] [INFO] [131/787] ( 16.6%) [SAVED] Partha Sarkar             | Iowa State University     | Works: 144, Cites:  3700, h-index: 34 | Speed: 1.0 profs/s | ETA: 11.1m
[2026-09-19 19:26:20] [INFO] [132/787] ( 16.8%) [SAVED] Anupam Sharma             | Iowa State University     | Works: 184, Cites:  1860, h-index: 22 | Speed: 1.0 profs/s | ETA: 11.0m
[2026-09-19 19:26:22] [INFO] [133/787] ( 16.9%) [SAVED] Sidharth G.S.             | Iowa State University     | Works:  21, Cites:   225, h-index:  7 | Speed: 1.0 profs/s | ETA: 11.0m
[2026-09-19 19:26:23] [INFO] [134/787] ( 17.0%) [SAVED] Ping He                   | Iowa State University     | Works: 401, Cites: 28413, h-index: 93 | Speed: 1.0 profs/s | ETA: 11.0m
[2026-09-19 19:26:24] [INFO] [135/787] ( 17.2%) [SAVED] Han Gao                   | Iowa State University     | Works:  80, Cites:  2991, h-index: 23 | Speed: 1.0 profs/s | ETA: 11.0m
[2026-09-19 19:26:25] [INFO] [136/787] ( 17.3%) [SAVED] Theodore J. Heindel       | Iowa State University     | Works: 251, Cites:  4136, h-index: 37 | Speed: 1.0 profs/s | ETA: 10.9m
[2026-09-19 19:26:25] [INFO] [137/787] ( 17.4%) [SAVED] Baskar Ganapathysubramani | Iowa State University     | Works: 448, Cites:  9556, h-index: 48 | Speed: 1.0 profs/s | ETA: 10.9m
[2026-09-19 19:26:27] [INFO] [138/787] ( 17.5%) [SAVED] Alberto Passalacqua       | Iowa State University     | Works: 105, Cites:  1815, h-index: 25 | Speed: 1.0 profs/s | ETA: 10.9m
[2026-09-19 19:26:27] [INFO] [139/787] ( 17.7%) [SAVED] Charles Meneveau          | Johns Hopkins University  | Works: 602, Cites: 26060, h-index: 76 | Speed: 1.0 profs/s | ETA: 10.8m
[2026-09-19 19:26:29] [INFO] [140/787] ( 17.8%) [SAVED] Joseph Katz               | Johns Hopkins University  | Works: 399, Cites: 13879, h-index: 62 | Speed: 1.0 profs/s | ETA: 10.9m
[2026-09-19 19:26:29] [INFO] [141/787] ( 17.9%) [SAVED] Rajat Mittal              | Johns Hopkins University  | Works: 587, Cites: 21824, h-index: 68 | Speed: 1.0 profs/s | ETA: 10.8m
[2026-09-19 19:26:30] [INFO] [142/787] ( 18.0%) [SAVED] Tamer Zaki                | Johns Hopkins University  | Works: 279, Cites:  5056, h-index: 42 | Speed: 1.0 profs/s | ETA: 10.7m
[2026-09-19 19:26:32] [INFO] [143/787] ( 18.2%) [SAVED] Gretar Tryggvason         | Johns Hopkins University  | Works: 452, Cites: 17741, h-index: 65 | Speed: 1.0 profs/s | ETA: 10.8m
[2026-09-19 19:26:33] [INFO] [144/787] ( 18.3%) [SAVED] Rui Ni                    | Johns Hopkins University  | Works: 266, Cites:  5016, h-index: 35 | Speed: 1.0 profs/s | ETA: 10.8m
[2026-09-19 19:26:33] [INFO] [145/787] ( 18.4%) [SAVED] Dennice Gayme             | Johns Hopkins University  | Works: 199, Cites:  4332, h-index: 30 | Speed: 1.0 profs/s | ETA: 10.7m
[2026-09-19 19:26:34] [INFO] [146/787] ( 18.6%) [SAVED] Kaliat (K.T.) Ramesh      | Johns Hopkins University  | Works: 466, Cites: 19203, h-index: 71 | Speed: 1.0 profs/s | ETA: 10.7m
[2026-09-19 19:26:35] [INFO] [147/787] ( 18.7%) [SAVED] Julie Lundquist           | Johns Hopkins University  | Works: 453, Cites: 13920, h-index: 65 | Speed: 1.0 profs/s | ETA: 10.7m
[2026-09-19 19:26:46] [INFO] [148/787] ( 18.8%) [SAVED] Gregory L. Eyink          | Johns Hopkins University  | Works: 241, Cites:  7143, h-index: 45 | Speed: 0.9 profs/s | ETA: 11.4m
[2026-09-19 19:26:46] [INFO] [149/787] ( 18.9%) [SAVED] Warren N. White           | Kansas State University   | Works:  55, Cites:   477, h-index: 11 | Speed: 0.9 profs/s | ETA: 11.3m
[2026-09-19 19:26:49] [INFO] [150/787] ( 19.1%) [SAVED] Arindam Banerjee          | Lehigh University         | Works: 277, Cites:  2922, h-index: 27 | Speed: 0.9 profs/s | ETA: 11.4m
[2026-09-19 19:26:49] [INFO] [151/787] ( 19.2%) [SAVED] Keith W. Moored           | Lehigh University         | Works: 111, Cites:  1973, h-index: 21 | Speed: 0.9 profs/s | ETA: 11.3m
[2026-09-19 19:26:51] [INFO] [152/787] ( 19.3%) [SAVED] Alparslan Oztekin         | Lehigh University         | Works: 224, Cites:  3306, h-index: 33 | Speed: 0.9 profs/s | ETA: 11.3m
[2026-09-19 19:26:51] [INFO] [153/787] ( 19.4%) [SAVED] Aditya K. Aiyer           | Lehigh University         | Works:  25, Cites:    43, h-index:  3 | Speed: 0.9 profs/s | ETA: 11.3m
[2026-09-19 19:27:05] [INFO] [154/787] ( 19.6%) [SAVED] Mingjun Wei               | Kansas State University   | Works: 142, Cites:  1438, h-index: 20 | Speed: 0.9 profs/s | ETA: 12.1m
[2026-09-19 19:27:10] [INFO] [155/787] ( 19.7%) [SAVED] Pierre F. J. Lermusiaux   | Massachusetts Institute o | Works: 298, Cites:  7598, h-index: 50 | Speed: 0.9 profs/s | ETA: 12.4m
[2026-09-19 19:27:12] [INFO] [156/787] ( 19.8%) [SAVED] Ebru Demir                | Lehigh University         | Works:  70, Cites:  2538, h-index: 16 | Speed: 0.8 profs/s | ETA: 12.4m
[2026-09-19 19:27:12] [INFO] [157/787] ( 19.9%) [SAVED] Subhrajit Bhattacharya    | Lehigh University         | Works: 121, Cites:  3049, h-index: 29 | Speed: 0.8 profs/s | ETA: 12.4m
[2026-09-19 19:27:13] [INFO] [158/787] ( 20.1%) [SAVED] Ahmed F. Ghoniem          | Massachusetts Institute o | Works: 502, Cites: 15118, h-index: 62 | Speed: 0.9 profs/s | ETA: 12.3m
[2026-09-19 19:27:14] [INFO] [159/787] ( 20.2%) [SAVED] Paulo C. Lozano           | Massachusetts Institute o | Works: 139, Cites:  2983, h-index: 30 | Speed: 0.9 profs/s | ETA: 12.3m
[2026-09-19 19:27:15] [INFO] [160/787] ( 20.3%) [SAVED] Mark Drela                | Massachusetts Institute o | Works: 159, Cites:  7846, h-index: 34 | Speed: 0.9 profs/s | ETA: 12.2m
[2026-09-19 19:27:16] [INFO] [161/787] ( 20.5%) [SAVED] Youssef M. Marzouk        | Massachusetts Institute o | Works: 335, Cites:  6194, h-index: 38 | Speed: 0.9 profs/s | ETA: 12.2m
[2026-09-19 19:27:17] [INFO] [162/787] ( 20.6%) [SAVED] Gareth H. McKinley        | Massachusetts Institute o | Works: 722, Cites: 46205, h-index: 111 | Speed: 0.9 profs/s | ETA: 12.2m
[2026-09-19 19:27:18] [INFO] [163/787] ( 20.7%) [SAVED] Themistoklis Sapsis       | Massachusetts Institute o | Works: 279, Cites:  5084, h-index: 39 | Speed: 0.9 profs/s | ETA: 12.2m
[2026-09-19 19:27:19] [INFO] [164/787] ( 20.8%) [SAVED] Zoltán S. Spakovszky      | Massachusetts Institute o | Works: 150, Cites:  3515, h-index: 30 | Speed: 0.9 profs/s | ETA: 12.1m
[2026-09-19 19:27:20] [INFO] [165/787] ( 21.0%) [SAVED] Qiqi Wang                 | Massachusetts Institute o | Works: 147, Cites:  4518, h-index: 24 | Speed: 0.9 profs/s | ETA: 12.1m
[2026-09-19 19:27:22] [INFO] [166/787] ( 21.1%) [SAVED] Junlin Yuan               | Michigan State University | Works:  68, Cites:   845, h-index: 15 | Speed: 0.9 profs/s | ETA: 12.1m
[2026-09-19 19:27:22] [INFO] [167/787] ( 21.2%) [SAVED] David Olson               | Michigan State University | Works: 230, Cites: 14565, h-index: 54 | Speed: 0.9 profs/s | ETA: 12.0m
[2026-09-19 19:27:22] [INFO] [168/787] ( 21.3%) [SAVED] Norbert Mueller           | Michigan State University | Works:  53, Cites:   622, h-index: 14 | Speed: 0.9 profs/s | ETA: 12.0m
[2026-09-19 19:27:23] [INFO] [169/787] ( 21.5%) [SAVED] Ricardo Mejia-Alvarez     | Michigan State University | Works:  72, Cites:   530, h-index: 12 | Speed: 0.9 profs/s | ETA: 11.9m
[2026-09-19 19:27:24] [INFO] [170/787] ( 21.6%) [SAVED] Zhaojian Li               | Michigan State University | Works: 177, Cites:  4766, h-index: 36 | Speed: 0.9 profs/s | ETA: 11.9m
[2026-09-19 19:27:26] [INFO] [171/787] ( 21.7%) [SAVED] Jeffrey S. Allen          | Michigan Technological Un | Works: 214, Cites:  1338, h-index: 19 | Speed: 0.9 profs/s | ETA: 11.9m
[2026-09-19 19:27:26] [INFO] [172/787] ( 21.9%) [SAVED] Seong-Young Lee           | Michigan Technological Un | Works: 175, Cites:  3060, h-index: 27 | Speed: 0.9 profs/s | ETA: 11.8m
[2026-09-19 19:27:27] [INFO] [173/787] ( 22.0%) [SAVED] Bhisham Sharma            | Michigan Technological Un | Works:  74, Cites:   666, h-index: 13 | Speed: 0.9 profs/s | ETA: 11.8m
[2026-09-19 19:27:27] [INFO] [174/787] ( 22.1%) [SAVED] Susanta Ghosh             | Michigan Technological Un | Works:  89, Cites:  1747, h-index: 22 | Speed: 0.9 profs/s | ETA: 11.7m
[2026-09-19 19:27:28] [INFO] [175/787] ( 22.2%) [SAVED] Andrew A. Oliva           | Michigan Technological Un | Works:  14, Cites:    30, h-index:  3 | Speed: 0.9 profs/s | ETA: 11.7m
[2026-09-19 19:27:31] [INFO] [176/787] ( 22.4%) [SAVED] Jason Blough              | Michigan Technological Un | Works: 140, Cites:  1006, h-index: 17 | Speed: 0.9 profs/s | ETA: 11.7m
[2026-09-19 19:27:31] [INFO] [177/787] ( 22.5%) [SAVED] Jeffrey Naber             | Michigan Technological Un | Works: 262, Cites:  6448, h-index: 35 | Speed: 0.9 profs/s | ETA: 11.7m
[2026-09-19 19:27:31] [INFO] [178/787] ( 22.6%) [SAVED] Adrian Sescu              | Mississippi State Univers | Works: 169, Cites:   804, h-index: 15 | Speed: 0.9 profs/s | ETA: 11.6m
[2026-09-19 19:27:32] [INFO] [179/787] ( 22.7%) [SAVED] Shreyas Narsipur          | Mississippi State Univers | Works:  50, Cites:   309, h-index: 10 | Speed: 0.9 profs/s | ETA: 11.6m
[2026-09-19 19:27:33] [INFO] [180/787] ( 22.9%) [SAVED] Craig Merrett             | Mississippi State Univers | Works:  57, Cites:   165, h-index:  8 | Speed: 0.9 profs/s | ETA: 11.5m
[2026-09-19 19:27:35] [INFO] [181/787] ( 23.0%) [SAVED] Vilas Shinde              | Mississippi State Univers | Works:  39, Cites:   455, h-index: 11 | Speed: 0.9 profs/s | ETA: 11.6m
[2026-09-19 19:27:35] [INFO] [182/787] ( 23.1%) [SAVED] Vivek Khare               | Mississippi State Univers | Works:  32, Cites:   547, h-index: 10 | Speed: 0.9 profs/s | ETA: 11.5m
[2026-09-19 19:27:36] [INFO] [183/787] ( 23.3%) [SAVED] Shanti Bhushan            | Mississippi State Univers | Works:  88, Cites:   958, h-index: 14 | Speed: 0.9 profs/s | ETA: 11.4m
[2026-09-19 19:27:36] [INFO] [184/787] ( 23.4%) [SAVED] Serhat Hosder             | Missouri University of Sc | Works: 133, Cites:  2680, h-index: 24 | Speed: 0.9 profs/s | ETA: 11.4m
[2026-09-19 19:27:37] [INFO] [185/787] ( 23.5%) [SAVED] Davide Viganò             | Missouri University of Sc | Works:   3, Cites:     2, h-index:  1 | Speed: 0.9 profs/s | ETA: 11.4m
[2026-09-19 19:27:40] [INFO] [186/787] ( 23.6%) [SAVED] Daoru Han                 | Missouri University of Sc | Works:  82, Cites:   563, h-index: 13 | Speed: 0.9 profs/s | ETA: 11.4m
[2026-09-19 19:27:40] [INFO] [187/787] ( 23.8%) [SAVED] Siva Kumar Valluri        | Missouri University of Sc | Works:  35, Cites:   607, h-index: 12 | Speed: 0.9 profs/s | ETA: 11.4m
[2026-09-19 19:27:40] [INFO] [188/787] ( 23.9%) [SAVED] Xiaosong Du               | Missouri University of Sc | Works: 209, Cites:  6572, h-index: 44 | Speed: 0.9 profs/s | ETA: 11.3m
[2026-09-19 19:27:40] [INFO] [189/787] ( 24.0%) [SAVED] Henry Pernicka            | Missouri University of Sc | Works:  82, Cites:   850, h-index: 14 | Speed: 0.9 profs/s | ETA: 11.2m
[2026-09-19 19:27:42] [INFO] [190/787] ( 24.1%) [SAVED] Mark Jankauski            | Montana State University  | Works:  59, Cites:   434, h-index: 14 | Speed: 0.9 profs/s | ETA: 11.2m
[2026-09-19 19:27:44] [INFO] [191/787] ( 24.3%) [SAVED] Yaofa Li                  | Montana State University  | Works:  80, Cites:  1870, h-index: 22 | Speed: 0.9 profs/s | ETA: 11.2m
[2026-09-19 19:27:45] [INFO] [192/787] ( 24.4%) [SAVED] Sarah L. Codd             | Montana State University  | Works: 132, Cites:  2527, h-index: 29 | Speed: 0.9 profs/s | ETA: 11.2m
[2026-09-19 19:27:45] [INFO] [193/787] ( 24.5%) [SAVED] Anthony Rosato            | New Jersey Institute of T | Works:  88, Cites:  2193, h-index: 16 | Speed: 0.9 profs/s | ETA: 11.1m
[2026-09-19 19:27:45] [INFO] [194/787] ( 24.7%) [SAVED] Pushpendra Singh          | New Jersey Institute of T | Works: 892, Cites: 11726, h-index: 54 | Speed: 0.9 profs/s | ETA: 11.1m
[2026-09-19 19:27:46] [INFO] [195/787] ( 24.8%) [SAVED] Andreas Gross             | New Mexico State Universi | Works: 382, Cites:  5657, h-index: 40 | Speed: 0.9 profs/s | ETA: 11.1m
[2026-09-19 19:27:48] [INFO] [196/787] ( 24.9%) [SAVED] Abdessattar Abdelkefi     | New Mexico State Universi | Works: 443, Cites: 13742, h-index: 58 | Speed: 0.9 profs/s | ETA: 11.1m
[2026-09-19 19:27:49] [INFO] [197/787] ( 25.0%) [SAVED] Banavara Shashikanth      | New Mexico State Universi | Works:  46, Cites:   445, h-index:  9 | Speed: 0.9 profs/s | ETA: 11.1m
[2026-09-19 19:27:50] [INFO] [198/787] ( 25.2%) [SAVED] Fangjun Shu               | New Mexico State Universi | Works: 113, Cites:   616, h-index: 13 | Speed: 0.9 profs/s | ETA: 11.0m
[2026-09-19 19:27:50] [INFO] [199/787] ( 25.3%) [SAVED] Qiong Liu                 | New Mexico State Universi | Works: 304, Cites:  5932, h-index: 41 | Speed: 0.9 profs/s | ETA: 11.0m
[2026-09-19 19:27:51] [INFO] [200/787] ( 25.4%) [SAVED] Shabnam Mohammadshahi     | New Mexico State Universi | Works:  26, Cites:   414, h-index: 13 | Speed: 0.9 profs/s | ETA: 10.9m
[2026-09-19 19:27:53] [INFO] [201/787] ( 25.5%) [SAVED] Francisco Torres Herrador | New Mexico State Universi | Works:  22, Cites:   278, h-index:  8 | Speed: 0.9 profs/s | ETA: 10.9m
[2026-09-19 19:27:54] [INFO] [202/787] ( 25.7%) [SAVED] Jack R. Edwards           | North Carolina State Univ | Works: 312, Cites:  7072, h-index: 45 | Speed: 0.9 profs/s | ETA: 10.9m
[2026-09-19 19:27:54] [INFO] [203/787] ( 25.8%) [SAVED] Venkat Narayanaswamy      | North Carolina State Univ | Works: 145, Cites:  2526, h-index: 23 | Speed: 0.9 profs/s | ETA: 10.8m
[2026-09-19 19:27:55] [INFO] [204/787] ( 25.9%) [SAVED] James Braun               | North Carolina State Univ | Works: 456, Cites:  9794, h-index: 49 | Speed: 0.9 profs/s | ETA: 10.8m
[2026-09-19 19:27:55] [INFO] [205/787] ( 26.0%) [SAVED] Kenneth Granlund          | North Carolina State Univ | Works: 124, Cites:  1767, h-index: 19 | Speed: 0.9 profs/s | ETA: 10.8m
[2026-09-19 19:27:57] [INFO] [206/787] ( 26.2%) [SAVED] Ashok Gopalarathnam       | North Carolina State Univ | Works: 159, Cites:  2457, h-index: 26 | Speed: 0.9 profs/s | ETA: 10.8m
[2026-09-19 19:27:58] [INFO] [207/787] ( 26.3%) [SAVED] Darius Carter             | North Carolina State Univ | Works:  16, Cites:   105, h-index:  3 | Speed: 0.9 profs/s | ETA: 10.8m
[2026-09-19 19:27:58] [INFO] [208/787] ( 26.4%) [SAVED] Felix Ewere               | North Carolina State Univ | Works:  11, Cites:   155, h-index:  3 | Speed: 0.9 profs/s | ETA: 10.7m
[2026-09-19 19:27:59] [INFO] [209/787] ( 26.6%) [SAVED] Yildirim Bora Suzen       | North Dakota State Univer | Works:  66, Cites:  3836, h-index: 22 | Speed: 0.9 profs/s | ETA: 10.7m
[2026-09-19 19:28:01] [INFO] [210/787] ( 26.7%) [SAVED] Yan Zhang                 | North Dakota State Univer | Works: 1520, Cites: 84502, h-index: 93 | Speed: 0.9 profs/s | ETA: 10.7m
[2026-09-19 19:28:02] [INFO] [211/787] ( 26.8%) [SAVED] Yechun Wang               | North Dakota State Univer | Works: 143, Cites:  4446, h-index: 34 | Speed: 0.9 profs/s | ETA: 10.7m
[2026-09-19 19:28:03] [INFO] [212/787] ( 26.9%) [SAVED] Xiangfa Wu                | North Dakota State Univer | Works: 117, Cites:  3900, h-index: 34 | Speed: 0.9 profs/s | ETA: 10.7m
[2026-09-19 19:28:03] [INFO] [213/787] ( 27.1%) [SAVED] Chad Ulven                | North Dakota State Univer | Works: 141, Cites:  3687, h-index: 33 | Speed: 0.9 profs/s | ETA: 10.6m
[2026-09-19 19:28:04] [INFO] [214/787] ( 27.2%) [SAVED] Inbae Jeong               | North Dakota State Univer | Works:  41, Cites:   903, h-index: 16 | Speed: 0.9 profs/s | ETA: 10.5m
[2026-09-19 19:28:05] [INFO] [215/787] ( 27.3%) [SAVED] Datta Gaitonde            | Ohio State University-Mai | Works: 550, Cites: 12003, h-index: 48 | Speed: 0.9 profs/s | ETA: 10.5m
[2026-09-19 19:28:08] [INFO] [216/787] ( 27.4%) [SAVED] Mohammad Samimy           | Ohio State University-Mai | Works: 394, Cites: 10719, h-index: 53 | Speed: 0.9 profs/s | ETA: 10.6m
[2026-09-19 19:28:08] [INFO] [217/787] ( 27.6%) [SAVED] Jeffrey Bons              | Ohio State University-Mai | Works: 262, Cites:  5285, h-index: 34 | Speed: 0.9 profs/s | ETA: 10.5m
[2026-09-19 19:28:08] [INFO] [218/787] ( 27.7%) [SAVED] Lian Duan                 | Ohio State University-Mai | Works: 194, Cites:  3998, h-index: 28 | Speed: 0.9 profs/s | ETA: 10.5m
[2026-09-19 19:28:08] [INFO] [219/787] ( 27.8%) [SAVED] Jack McNamara             | Ohio State University-Mai | Works: 185, Cites:  3728, h-index: 33 | Speed: 0.9 profs/s | ETA: 10.4m
[2026-09-19 19:28:10] [INFO] [220/787] ( 28.0%) [SAVED] Steven T. Wereley         | Ohio University           | Works: 525, Cites: 12664, h-index: 45 | Speed: 0.9 profs/s | ETA: 10.4m
[2026-09-19 19:28:12] [INFO] [221/787] ( 28.1%) [SAVED] Jay Wilhelm               | Ohio University           | Works: 101, Cites:   555, h-index: 10 | Speed: 0.9 profs/s | ETA: 10.4m
[2026-09-19 19:28:13] [INFO] [222/787] ( 28.2%) [SAVED] Brian Wisner              | Ohio University           | Works:  33, Cites:   492, h-index: 11 | Speed: 0.9 profs/s | ETA: 10.4m
[2026-09-19 19:28:13] [INFO] [223/787] ( 28.3%) [SAVED] David Quiroz              | Ohio University           | Works:  20, Cites:   308, h-index:  9 | Speed: 0.9 profs/s | ETA: 10.3m
[2026-09-19 19:28:13] [INFO] [224/787] ( 28.5%) [SAVED] Yahya Al-Majali           | Ohio University           | Works:  28, Cites:   170, h-index: 10 | Speed: 0.9 profs/s | ETA: 10.3m
[2026-09-19 19:28:15] [INFO] [225/787] ( 28.6%) [SAVED] Jamey Jacob               | Oklahoma State University | Works: 341, Cites:  3507, h-index: 29 | Speed: 0.9 profs/s | ETA: 10.3m
[2026-09-19 19:28:16] [INFO] [226/787] ( 28.7%) [SAVED] Brian R. Elbing           | Oklahoma State University | Works: 151, Cites:  1278, h-index: 17 | Speed: 0.9 profs/s | ETA: 10.3m
[2026-09-19 19:28:17] [INFO] [227/787] ( 28.8%) [SAVED] Kursat Kara               | Oklahoma State University | Works:  91, Cites:  1110, h-index: 18 | Speed: 0.9 profs/s | ETA: 10.2m
[2026-09-19 19:28:18] [INFO] [228/787] ( 29.0%) [SAVED] Khaled A. Sallam          | Oklahoma State University | Works:  91, Cites:  1440, h-index: 16 | Speed: 0.9 profs/s | ETA: 10.2m
[2026-09-19 19:28:18] [INFO] [229/787] ( 29.1%) [SAVED] Chitrarth Prasad          | Oklahoma State University | Works:  48, Cites:   258, h-index:  9 | Speed: 0.9 profs/s | ETA: 10.1m
[2026-09-19 19:28:20] [INFO] [230/787] ( 29.2%) [SAVED] Arvind Santhanakrishnan   | Oklahoma State University | Works: 135, Cites:  1349, h-index: 21 | Speed: 0.9 profs/s | ETA: 10.2m
[2026-09-19 19:28:21] [INFO] [231/787] ( 29.4%) [SAVED] He Bai                    | Oklahoma State University | Works: 245, Cites:  4351, h-index: 36 | Speed: 0.9 profs/s | ETA: 10.2m
[2026-09-19 19:28:21] [INFO] [232/787] ( 29.5%) [SAVED] Sourabh V. Apte           | Oregon State University   | Works: 191, Cites:  3463, h-index: 29 | Speed: 0.9 profs/s | ETA: 10.1m
[2026-09-19 19:28:22] [INFO] [233/787] ( 29.6%) [SAVED] David L. Blunck           | Oregon State University   | Works: 114, Cites:   904, h-index: 17 | Speed: 0.9 profs/s | ETA: 10.1m
[2026-09-19 19:28:23] [INFO] [234/787] ( 29.7%) [SAVED] Kyle Niemeyer             | Oregon State University   | Works: 290, Cites:  2772, h-index: 23 | Speed: 0.9 profs/s | ETA: 10.0m
[2026-09-19 19:28:24] [INFO] [235/787] ( 29.9%) [SAVED] Kenneth Brentner          | Pennsylvania State Univer | Works: 184, Cites:  3977, h-index: 28 | Speed: 0.9 profs/s | ETA: 10.0m
[2026-09-19 19:28:26] [INFO] [236/787] ( 30.0%) [SAVED] James Coder               | Pennsylvania State Univer | Works: 130, Cites:  1194, h-index: 18 | Speed: 0.9 profs/s | ETA: 10.0m
[2026-09-19 19:28:26] [INFO] [237/787] ( 30.1%) [SAVED] Daning Huang              | Pennsylvania State Univer | Works:  96, Cites:   463, h-index: 11 | Speed: 0.9 profs/s | ETA: 10.0m
[2026-09-19 19:28:27] [INFO] [238/787] ( 30.2%) [SAVED] Sven Schmitz              | Pennsylvania State Univer | Works: 179, Cites:  1693, h-index: 21 | Speed: 0.9 profs/s | ETA: 10.0m
[2026-09-19 19:28:27] [INFO] [239/787] ( 30.4%) [SAVED] Eric Greenwood            | Pennsylvania State Univer | Works:  82, Cites:   393, h-index: 10 | Speed: 0.9 profs/s | ETA: 9.9m
[2026-09-19 19:28:29] [INFO] [240/787] ( 30.5%) [SAVED] Robert Kunz               | Pennsylvania State Univer | Works: 200, Cites:  3408, h-index: 30 | Speed: 0.9 profs/s | ETA: 9.9m
[2026-09-19 19:28:31] [INFO] [241/787] ( 30.6%) [SAVED] Yuan Xuan                 | Pennsylvania State Univer | Works:  83, Cites:  1150, h-index: 18 | Speed: 0.9 profs/s | ETA: 9.9m
[2026-09-19 19:28:31] [INFO] [242/787] ( 30.7%) [SAVED] Jacqueline O'Connor       | Pennsylvania State Univer | Works: 174, Cites:  2851, h-index: 27 | Speed: 0.9 profs/s | ETA: 9.9m
[2026-09-19 19:28:31] [INFO] [243/787] ( 30.9%) [SAVED] Marcus Hultmark           | Princeton University      | Works: 225, Cites:  4381, h-index: 36 | Speed: 0.9 profs/s | ETA: 9.8m
[2026-09-19 19:28:32] [INFO] [244/787] ( 31.0%) [SAVED] Luc Deike                 | Princeton University      | Works: 208, Cites:  3090, h-index: 33 | Speed: 0.9 profs/s | ETA: 9.8m
[2026-09-19 19:28:34] [INFO] [245/787] ( 31.1%) [SAVED] Michelle H. DiBenedetto   | Princeton University      | Works:  47, Cites:   553, h-index: 12 | Speed: 0.9 profs/s | ETA: 9.8m
[2026-09-19 19:28:35] [INFO] [246/787] ( 31.3%) [SAVED] Michael E. Mueller        | Princeton University      | Works: 146, Cites:  2853, h-index: 27 | Speed: 0.9 profs/s | ETA: 9.8m
[2026-09-19 19:28:35] [INFO] [247/787] ( 31.4%) [SAVED] Luigi Martinelli          | Princeton University      | Works: 150, Cites:  3765, h-index: 36 | Speed: 0.9 profs/s | ETA: 9.8m
[2026-09-19 19:28:36] [INFO] [248/787] ( 31.5%) [SAVED] Clarence W. Rowley        | Princeton University      | Works: 294, Cites: 18912, h-index: 52 | Speed: 0.9 profs/s | ETA: 9.7m
[2026-09-19 19:28:37] [INFO] [249/787] ( 31.6%) [SAVED] Chung K. Law              | Princeton University      | Works: 812, Cites: 37502, h-index: 99 | Speed: 0.9 profs/s | ETA: 9.7m
[2026-09-19 19:28:38] [INFO] [250/787] ( 31.8%) [SAVED] Edgar Y. Choueiri         | Princeton University      | Works: 230, Cites:  3333, h-index: 29 | Speed: 0.9 profs/s | ETA: 9.7m
[2026-09-19 19:28:40] [INFO] [251/787] ( 31.9%) [SAVED] Yiguang Ju                | Princeton University      | Works: 650, Cites: 25222, h-index: 86 | Speed: 0.9 profs/s | ETA: 9.7m
[2026-09-19 19:28:40] [INFO] [252/787] ( 32.0%) [SAVED] Alison M. Ferris          | Princeton University      | Works:  37, Cites:   442, h-index: 13 | Speed: 0.9 profs/s | ETA: 9.6m
[2026-09-19 19:28:40] [INFO] [253/787] ( 32.1%) [SAVED] Aimy Wissa                | Princeton University      | Works:  75, Cites:   975, h-index: 16 | Speed: 0.9 profs/s | ETA: 9.6m
[2026-09-19 19:28:41] [INFO] [254/787] ( 32.3%) [SAVED] Jonathan Poggie           | Purdue University         | Works: 227, Cites:  2762, h-index: 28 | Speed: 0.9 profs/s | ETA: 9.6m
[2026-09-19 19:28:43] [INFO] [255/787] ( 32.4%) [SAVED] Steven P. Schneider       | Purdue University         | Works: 253, Cites:  6762, h-index: 41 | Speed: 0.9 profs/s | ETA: 9.6m
[2026-09-19 19:28:45] [INFO] [256/787] ( 32.5%) [SAVED] Gregory A. Blaisdell      | Purdue University         | Works: 141, Cites:  2417, h-index: 25 | Speed: 0.9 profs/s | ETA: 9.6m
[2026-09-19 19:28:45] [INFO] [257/787] ( 32.7%) [SAVED] Carson D. Slabaugh        | Purdue University         | Works: 139, Cites:  1609, h-index: 23 | Speed: 0.9 profs/s | ETA: 9.5m
[2026-09-19 19:28:45] [INFO] [258/787] ( 32.8%) [SAVED] Alina A. Alexeenko        | Purdue University         | Works: 297, Cites:  3539, h-index: 33 | Speed: 0.9 profs/s | ETA: 9.5m
[2026-09-19 19:28:45] [INFO] [259/787] ( 32.9%) [SAVED] Sally P. M. Bane          | Purdue University         | Works:  93, Cites:   761, h-index: 15 | Speed: 0.9 profs/s | ETA: 9.4m
[2026-09-19 19:28:48] [INFO] [260/787] ( 33.0%) [SAVED] Kazuki Maeda              | Purdue University         | Works: 146, Cites:  1263, h-index: 17 | Speed: 0.9 profs/s | ETA: 9.5m
[2026-09-19 19:28:49] [INFO] [261/787] ( 33.2%) [SAVED] Alexey Shashurin          | Purdue University         | Works: 205, Cites:  4271, h-index: 31 | Speed: 0.9 profs/s | ETA: 9.4m
[2026-09-19 19:28:49] [INFO] [262/787] ( 33.3%) [SAVED] Timothée L. Pourpoint     | Purdue University         | Works: 150, Cites:  1957, h-index: 28 | Speed: 0.9 profs/s | ETA: 9.4m
[2026-09-19 19:28:49] [INFO] [263/787] ( 33.4%) [SAVED] Tom I-P. Shih             | Purdue University         | Works: 117, Cites:  1497, h-index: 18 | Speed: 0.9 profs/s | ETA: 9.3m
[2026-09-19 19:28:50] [INFO] [264/787] ( 33.5%) [SAVED] Haifeng Wang              | Purdue University         | Works: 724, Cites: 23171, h-index: 74 | Speed: 0.9 profs/s | ETA: 9.3m
[2026-09-19 19:28:53] [INFO] [265/787] ( 33.7%) [SAVED] Robert P. Lucht           | Purdue University         | Works: 452, Cites:  7554, h-index: 44 | Speed: 0.9 profs/s | ETA: 9.4m
[2026-09-19 19:28:53] [INFO] [266/787] ( 33.8%) [SAVED] Carlo Scalo               | Purdue University         | Works: 163, Cites:   880, h-index: 17 | Speed: 0.9 profs/s | ETA: 9.3m
[2026-09-19 19:28:54] [INFO] [267/787] ( 33.9%) [SAVED] Guillermo Paniagua        | Purdue University         | Works: 380, Cites:  4196, h-index: 32 | Speed: 0.9 profs/s | ETA: 9.3m
[2026-09-19 19:28:54] [INFO] [268/787] ( 34.1%) [SAVED] Nicole L. Key             | Purdue University         | Works: 171, Cites:  1279, h-index: 18 | Speed: 0.9 profs/s | ETA: 9.2m
[2026-09-19 19:28:55] [INFO] [269/787] ( 34.2%) [SAVED] Arezoo M. Ardekani        | Purdue University         | Works: 329, Cites:  5705, h-index: 39 | Speed: 0.9 profs/s | ETA: 9.2m
[2026-09-19 19:28:57] [INFO] [270/787] ( 34.3%) [SAVED] Guang Lin                 | Purdue University         | Works: 399, Cites:  6859, h-index: 44 | Speed: 0.9 profs/s | ETA: 9.2m
[2026-09-19 19:28:58] [INFO] [271/787] ( 34.4%) [SAVED] Michael Amitay            | Rensselaer Polytechnic In | Works: 315, Cites:  7187, h-index: 38 | Speed: 0.9 profs/s | ETA: 9.2m
[2026-09-19 19:28:58] [INFO] [272/787] ( 34.6%) [SAVED] Ozgur Tumuklu             | Rensselaer Polytechnic In | Works:  63, Cites:   538, h-index: 12 | Speed: 0.9 profs/s | ETA: 9.2m
[2026-09-19 19:28:58] [INFO] [273/787] ( 34.7%) [SAVED] Jason Hicken              | Rensselaer Polytechnic In | Works: 102, Cites:  2473, h-index: 21 | Speed: 0.9 profs/s | ETA: 9.1m
[2026-09-19 19:28:59] [INFO] [274/787] ( 34.8%) [SAVED] Shaowu Pan                | Rensselaer Polytechnic In | Works: 121, Cites:  7082, h-index: 37 | Speed: 0.9 profs/s | ETA: 9.1m
[2026-09-19 19:29:02] [INFO] [275/787] ( 34.9%) [SAVED] Lucy Zhang                | Rensselaer Polytechnic In | Works:  52, Cites:  1496, h-index: 20 | Speed: 0.9 profs/s | ETA: 9.1m
[2026-09-19 19:29:02] [INFO] [276/787] ( 35.1%) [SAVED] Amir Hirsa                | Rensselaer Polytechnic In | Works: 179, Cites:  1867, h-index: 22 | Speed: 0.9 profs/s | ETA: 9.1m
[2026-09-19 19:29:03] [INFO] [277/787] ( 35.2%) [SAVED] Matthias Heinkenschloss   | Rice University           | Works: 125, Cites:  2813, h-index: 32 | Speed: 0.9 profs/s | ETA: 9.1m
[2026-09-19 19:29:03] [INFO] [278/787] ( 35.3%) [SAVED] Tayfun E. Tezduyar        | Rice University           | Works: 589, Cites: 30778, h-index: 99 | Speed: 0.9 profs/s | ETA: 9.0m
[2026-09-19 19:29:04] [INFO] [279/787] ( 35.5%) [SAVED] Daniel J. Preston         | Rice University           | Works: 144, Cites:  4930, h-index: 34 | Speed: 0.9 profs/s | ETA: 9.0m
[2026-09-19 19:29:06] [INFO] [280/787] ( 35.6%) [SAVED] Pol D. Spanos             | Rice University           | Works: 370, Cites: 16485, h-index: 52 | Speed: 0.9 profs/s | ETA: 9.0m
[2026-09-19 19:29:07] [INFO] [281/787] ( 35.7%) [SAVED] Lu Zhang                  | Rice University           | Works: 787, Cites: 32640, h-index: 90 | Speed: 0.9 profs/s | ETA: 9.0m
[2026-09-19 19:29:07] [INFO] [282/787] ( 35.8%) [SAVED] Onur Bilgen               | Rutgers University-New Br | Works: 168, Cites:  4104, h-index: 29 | Speed: 0.9 profs/s | ETA: 8.9m
[2026-09-19 19:29:08] [INFO] [283/787] ( 36.0%) [SAVED] German Drazer             | Rutgers University-New Br | Works: 121, Cites:  2263, h-index: 27 | Speed: 0.9 profs/s | ETA: 8.9m
[2026-09-19 19:29:09] [INFO] [284/787] ( 36.1%) [SAVED] Hao Lin                   | Rutgers University-New Br | Works: 396, Cites: 20539, h-index: 81 | Speed: 0.9 profs/s | ETA: 8.9m
[2026-09-19 19:29:11] [INFO] [285/787] ( 36.2%) [SAVED] Assimina A. Pelegri       | Rutgers University-New Br | Works: 138, Cites:  1396, h-index: 18 | Speed: 0.9 profs/s | ETA: 8.9m
[2026-09-19 19:29:11] [INFO] [286/787] ( 36.3%) [SAVED] Prosenjit Bagchi          | Rutgers University-New Br | Works: 124, Cites:  3763, h-index: 33 | Speed: 0.9 profs/s | ETA: 8.8m
[2026-09-19 19:29:12] [INFO] [287/787] ( 36.5%) [SAVED] Laurent Burlion           | Rutgers University-New Br | Works: 137, Cites:  1008, h-index: 16 | Speed: 0.9 profs/s | ETA: 8.8m
[2026-09-19 19:29:12] [INFO] [288/787] ( 36.6%) [SAVED] Jingang Yi                | Rutgers University-New Br | Works: 351, Cites:  6348, h-index: 43 | Speed: 0.9 profs/s | ETA: 8.8m
[2026-09-19 19:29:15] [INFO] [289/787] ( 36.7%) [SAVED] Juan J. Alonso            | Stanford University       | Works: 381, Cites: 12697, h-index: 53 | Speed: 0.9 profs/s | ETA: 8.8m
[2026-09-19 19:29:15] [INFO] [290/787] ( 36.8%) [SAVED] Eric Darve                | Stanford University       | Works: 318, Cites:  8249, h-index: 40 | Speed: 0.9 profs/s | ETA: 8.8m
[2026-09-19 19:29:15] [INFO] [291/787] ( 37.0%) [SAVED] Liping Liu                | Rutgers University-New Br | Works: 947, Cites: 32578, h-index: 74 | Speed: 0.9 profs/s | ETA: 8.7m
[2026-09-19 19:29:16] [INFO] [292/787] ( 37.1%) [SAVED] Charbel Farhat            | Stanford University       | Works:   4, Cites:     2, h-index:  1 | Speed: 0.9 profs/s | ETA: 8.7m
[2026-09-19 19:29:17] [INFO] [293/787] ( 37.2%) [SAVED] Gianluca Iaccarino        | Stanford University       | Works: 531, Cites: 14680, h-index: 51 | Speed: 0.9 profs/s | ETA: 8.7m
[2026-09-19 19:29:20] [INFO] [294/787] ( 37.4%) [SAVED] Matthias Ihme             | Stanford University       | Works: 519, Cites:  9476, h-index: 53 | Speed: 0.9 profs/s | ETA: 8.7m
[2026-09-19 19:29:20] [INFO] [295/787] ( 37.5%) [SAVED] Ali Mani                  | Stanford University       | Works: 302, Cites:  5653, h-index: 41 | Speed: 0.9 profs/s | ETA: 8.7m
[2026-09-19 19:29:20] [INFO] [296/787] ( 37.6%) [SAVED] Sanjiva K. Lele           | Stanford University       | Works: 566, Cites: 24412, h-index: 69 | Speed: 0.9 profs/s | ETA: 8.6m
[2026-09-19 19:29:21] [INFO] [297/787] ( 37.7%) [SAVED] Beverley J. McKeon        | Stanford University       | Works: 344, Cites:  9259, h-index: 40 | Speed: 0.9 profs/s | ETA: 8.6m
[2026-09-19 19:29:21] [INFO] [298/787] ( 37.9%) [SAVED] Parviz Moin               | Stanford University       | Works: 726, Cites: 66158, h-index: 115 | Speed: 0.9 profs/s | ETA: 8.6m
[2026-09-19 19:29:24] [INFO] [299/787] ( 38.0%) [SAVED] Thomas Cubaud             | Stony Brook University (S | Works:  99, Cites:  2771, h-index: 25 | Speed: 0.9 profs/s | ETA: 8.6m
[2026-09-19 19:29:25] [INFO] [300/787] ( 38.1%) [SAVED] Spencer Zimmerman         | Stony Brook University (S | Works:  27, Cites:   202, h-index:  8 | Speed: 0.9 profs/s | ETA: 8.6m
[2026-09-19 19:29:25] [INFO] [301/787] ( 38.2%) [SAVED] Dimitris Assanis          | Stony Brook University (S | Works:  68, Cites:  1376, h-index: 13 | Speed: 0.9 profs/s | ETA: 8.5m
[2026-09-19 19:29:25] [INFO] [302/787] ( 38.4%) [SAVED] Hai Wang                  | Stanford University       | Works: 448, Cites: 26984, h-index: 80 | Speed: 1.0 profs/s | ETA: 8.5m
[2026-09-19 19:29:26] [INFO] [303/787] ( 38.5%) [SAVED] Yiyang Sun                | Syracuse University       | Works:  49, Cites:   914, h-index:  9 | Speed: 1.0 profs/s | ETA: 8.5m
[2026-09-19 19:29:38] [INFO] [304/787] ( 38.6%) [SAVED] Fernando Zigunov          | Syracuse University       | Works:  56, Cites:   279, h-index: 10 | Speed: 0.9 profs/s | ETA: 8.8m
[2026-09-19 19:29:39] [INFO] [305/787] ( 38.8%) [SAVED] Jeongmin Ahn              | Syracuse University       | Works: 168, Cites:  2914, h-index: 27 | Speed: 0.9 profs/s | ETA: 8.7m
[2026-09-19 19:29:39] [INFO] [306/787] ( 38.9%) [SAVED] Yeqing Wang               | Syracuse University       | Works: 117, Cites:  2385, h-index: 26 | Speed: 0.9 profs/s | ETA: 8.7m
[2026-09-19 19:29:39] [INFO] [307/787] ( 39.0%) [SAVED] Ben Akih-Kumgeh           | Syracuse University       | Works:  66, Cites:   930, h-index: 15 | Speed: 0.9 profs/s | ETA: 8.6m
[2026-09-19 19:29:40] [INFO] [308/787] ( 39.1%) [SAVED] Amit K. Sanyal            | Syracuse University       | Works: 200, Cites:  3649, h-index: 28 | Speed: 0.9 profs/s | ETA: 8.6m
[2026-09-19 19:29:43] [INFO] [309/787] ( 39.3%) [SAVED] Bing Dong                 | Syracuse University       | Works: 180, Cites:  8070, h-index: 48 | Speed: 0.9 profs/s | ETA: 8.6m
[2026-09-19 19:29:43] [INFO] [310/787] ( 39.4%) [SAVED] Kurosh Darvish            | Temple University         | Works: 115, Cites:  1959, h-index: 22 | Speed: 0.9 profs/s | ETA: 8.6m
[2026-09-19 19:29:43] [INFO] [311/787] ( 39.5%) [SAVED] Parsaoran Hutapea         | Temple University         | Works: 110, Cites:  1013, h-index: 18 | Speed: 0.9 profs/s | ETA: 8.6m
[2026-09-19 19:29:44] [INFO] [312/787] ( 39.6%) [SAVED] Haijun Liu                | Temple University         | Works: 109, Cites:  2969, h-index: 33 | Speed: 0.9 profs/s | ETA: 8.5m
[2026-09-19 19:29:45] [INFO] [313/787] ( 39.8%) [SAVED] Mohammad F. Kiani         | Temple University         | Works: 181, Cites:  4663, h-index: 39 | Speed: 0.9 profs/s | ETA: 8.5m
[2026-09-19 19:29:47] [INFO] [314/787] ( 39.9%) [SAVED] Philip Dames              | Temple University         | Works:  71, Cites:  1846, h-index: 18 | Speed: 0.9 profs/s | ETA: 8.5m
[2026-09-19 19:29:48] [INFO] [315/787] ( 40.0%) [SAVED] Damoon Soudbakhsh         | Temple University         | Works:  76, Cites:   770, h-index: 16 | Speed: 0.9 profs/s | ETA: 8.5m
[2026-09-19 19:29:48] [INFO] [316/787] ( 40.2%) [SAVED] Rodney Bowersox           | Texas A&M University-Coll | Works: 267, Cites:  2976, h-index: 31 | Speed: 0.9 profs/s | ETA: 8.4m
[2026-09-19 19:29:48] [INFO] [317/787] ( 40.3%) [SAVED] Diego Donzis              | Texas A&M University-Coll | Works: 135, Cites:  2463, h-index: 26 | Speed: 0.9 profs/s | ETA: 8.4m
[2026-09-19 19:29:49] [INFO] [318/787] ( 40.4%) [SAVED] Sharath Girimaji          | Texas A&M University-Coll | Works: 345, Cites:  7168, h-index: 42 | Speed: 0.9 profs/s | ETA: 8.4m
[2026-09-19 19:29:51] [INFO] [319/787] ( 40.5%) [SAVED] Taher Schobeiri           | Texas A&M University-Coll | Works: 236, Cites:  2056, h-index: 26 | Speed: 0.9 profs/s | ETA: 8.4m
[2026-09-19 19:29:52] [INFO] [320/787] ( 40.7%) [SAVED] Paul Cizmas               | Texas A&M University-Coll | Works: 141, Cites:  1202, h-index: 18 | Speed: 0.9 profs/s | ETA: 8.4m
[2026-09-19 19:29:52] [INFO] [321/787] ( 40.8%) [SAVED] Ivett Leyva               | Texas A&M University-Coll | Works:  68, Cites:  1013, h-index: 17 | Speed: 0.9 profs/s | ETA: 8.3m
[2026-09-19 19:29:52] [INFO] [322/787] ( 40.9%) [SAVED] Lea-Der Chen              | Texas A&M University-Corp | Works:  96, Cites:  1912, h-index: 22 | Speed: 0.9 profs/s | ETA: 8.3m
[2026-09-19 19:29:54] [INFO] [323/787] ( 41.0%) [SAVED] Jose Baca                 | Texas A&M University-Corp | Works:  74, Cites:   375, h-index:  9 | Speed: 0.9 profs/s | ETA: 8.3m
[2026-09-19 19:29:56] [INFO] [324/787] ( 41.2%) [SAVED] Dugan Um                  | Texas A&M University-Corp | Works:  82, Cites:   320, h-index: 10 | Speed: 0.9 profs/s | ETA: 8.3m
[2026-09-19 19:29:57] [INFO] [325/787] ( 41.3%) [SAVED] Selahattin Ozcelik        | Texas A&M University-King | Works:  61, Cites:   434, h-index: 12 | Speed: 0.9 profs/s | ETA: 8.3m
[2026-09-19 19:29:57] [INFO] [326/787] ( 41.4%) [SAVED] Philippe Tissot           | Texas A&M University-Corp | Works: 179, Cites:  2845, h-index: 24 | Speed: 0.9 profs/s | ETA: 8.2m
[2026-09-19 19:29:57] [INFO] [327/787] ( 41.6%) [SAVED] Hua Zhang                 | Texas A&M University-Corp | Works: 2597, Cites: 195630, h-index: 208 | Speed: 0.9 profs/s | ETA: 8.2m
[2026-09-19 19:29:58] [INFO] [328/787] ( 41.7%) [SAVED] Larry D. Peel             | Texas A&M University-King | Works:  35, Cites:   439, h-index: 10 | Speed: 0.9 profs/s | ETA: 8.2m
[2026-09-19 19:30:01] [INFO] [329/787] ( 41.8%) [SAVED] Hong Zhou                 | Texas A&M University-King | Works: 1055, Cites: 121474, h-index: 156 | Speed: 0.9 profs/s | ETA: 8.2m
[2026-09-19 19:30:01] [INFO] [330/787] ( 41.9%) [SAVED] Fazle Hussain             | Texas Tech University     | Works: 536, Cites: 26279, h-index: 70 | Speed: 0.9 profs/s | ETA: 8.2m
[2026-09-19 19:30:01] [INFO] [331/787] ( 42.1%) [SAVED] Siva Parameswaran         | Texas Tech University     | Works:  67, Cites:  3090, h-index: 19 | Speed: 0.9 profs/s | ETA: 8.1m
[2026-09-19 19:30:02] [INFO] [332/787] ( 42.2%) [SAVED] Victor Maldonado          | Texas Tech University     | Works:  82, Cites:   455, h-index: 10 | Speed: 0.9 profs/s | ETA: 8.1m
[2026-09-19 19:30:03] [INFO] [333/787] ( 42.3%) [SAVED] Sukalyan Bhattacharya     | Texas Tech University     | Works:  67, Cites:   706, h-index: 16 | Speed: 0.9 profs/s | ETA: 8.1m
[2026-09-19 19:30:06] [INFO] [334/787] ( 42.4%) [SAVED] Song-Charng Kong          | Texas Tech University     | Works: 176, Cites:  9059, h-index: 46 | Speed: 0.9 profs/s | ETA: 8.1m
[2026-09-19 19:30:06] [INFO] [335/787] ( 42.6%) [SAVED] Michelle L. Pantoya       | Texas Tech University     | Works: 310, Cites:  7339, h-index: 44 | Speed: 0.9 profs/s | ETA: 8.1m
[2026-09-19 19:30:06] [INFO] [336/787] ( 42.7%) [SAVED] Dhawal Buaria             | Texas Tech University     | Works:  53, Cites:   325, h-index: 11 | Speed: 0.9 profs/s | ETA: 8.0m
[2026-09-19 19:30:06] [INFO] [337/787] ( 42.8%) [SAVED] Joseph F. Vignola         | The Catholic University o | Works: 214, Cites:  1541, h-index: 17 | Speed: 0.9 profs/s | ETA: 8.0m
[2026-09-19 19:30:08] [INFO] [338/787] ( 42.9%) [SAVED] Diego Turo                | The Catholic University o | Works: 120, Cites:   632, h-index: 10 | Speed: 0.9 profs/s | ETA: 8.0m
[2026-09-19 19:30:10] [INFO] [339/787] ( 43.1%) [SAVED] John A. Judge             | The Catholic University o | Works: 103, Cites:   727, h-index: 13 | Speed: 0.9 profs/s | ETA: 8.0m
[2026-09-19 19:30:11] [INFO] [340/787] ( 43.2%) [SAVED] Philip L. Varghese        | The University of Texas a | Works: 325, Cites:  4097, h-index: 36 | Speed: 0.9 profs/s | ETA: 8.0m
[2026-09-19 19:30:11] [INFO] [341/787] ( 43.3%) [SAVED] Xiaolong Luo              | The Catholic University o | Works: 166, Cites:  4083, h-index: 37 | Speed: 0.9 profs/s | ETA: 7.9m
[2026-09-19 19:30:12] [INFO] [342/787] ( 43.5%) [SAVED] David B. Goldstein        | The University of Texas a | Works:  83, Cites:  4779, h-index: 28 | Speed: 0.9 profs/s | ETA: 7.9m
[2026-09-19 19:30:12] [INFO] [343/787] ( 43.6%) [SAVED] Fabrizio Bisetti          | The University of Texas a | Works: 164, Cites:  1890, h-index: 26 | Speed: 0.9 profs/s | ETA: 7.9m
[2026-09-19 19:30:15] [INFO] [344/787] ( 43.7%) [SAVED] Karen Willcox             | The University of Texas a | Works: 364, Cites: 22786, h-index: 60 | Speed: 0.9 profs/s | ETA: 7.9m
[2026-09-19 19:30:15] [INFO] [345/787] ( 43.8%) [SAVED] Clint N. Dawson           | The University of Texas a | Works: 361, Cites: 12020, h-index: 57 | Speed: 0.9 profs/s | ETA: 7.8m
[2026-09-19 19:30:15] [INFO] [346/787] ( 44.0%) [SAVED] Tan Bui-Thanh             | The University of Texas a | Works: 126, Cites:  3269, h-index: 27 | Speed: 0.9 profs/s | ETA: 7.8m
[2026-09-19 19:30:16] [INFO] [347/787] ( 44.1%) [SAVED] Robert D. Moser           | The University of Texas a | Works: 379, Cites: 18705, h-index: 44 | Speed: 0.9 profs/s | ETA: 7.8m
[2026-09-19 19:30:17] [INFO] [348/787] ( 44.2%) [SAVED] George Biros              | The University of Texas a | Works: 261, Cites:  7256, h-index: 47 | Speed: 0.9 profs/s | ETA: 7.8m
[2026-09-19 19:30:19] [INFO] [349/787] ( 44.3%) [SAVED] Omar Ghattas              | The University of Texas a | Works: 246, Cites:  8455, h-index: 48 | Speed: 0.9 profs/s | ETA: 7.8m
[2026-09-19 19:30:20] [INFO] [350/787] ( 44.5%) [SAVED] Chris Rogers              | Tufts University          | Works: 227, Cites:  4962, h-index: 32 | Speed: 0.9 profs/s | ETA: 7.7m
[2026-09-19 19:30:20] [INFO] [351/787] ( 44.6%) [SAVED] Jeffrey S. Guasto         | Tufts University          | Works: 434, Cites:  3931, h-index: 24 | Speed: 0.9 profs/s | ETA: 7.7m
[2026-09-19 19:30:21] [INFO] [352/787] ( 44.7%) [SAVED] Jason Rife                | Tufts University          | Works: 145, Cites:  1309, h-index: 20 | Speed: 0.9 profs/s | ETA: 7.7m
[2026-09-19 19:30:22] [INFO] [353/787] ( 44.9%) [SAVED] Igor Sokolov              | Tufts University          | Works: 256, Cites:  7913, h-index: 46 | Speed: 0.9 profs/s | ETA: 7.7m
[2026-09-19 19:30:24] [INFO] [354/787] ( 45.0%) [SAVED] Deborah Ann Sunter        | Tufts University          | Works:  48, Cites:  1412, h-index: 10 | Speed: 0.9 profs/s | ETA: 7.7m
[2026-09-19 19:30:24] [INFO] [355/787] ( 45.1%) [SAVED] Ryan T. Glasser           | Tulane University         | Works: 112, Cites:   708, h-index: 17 | Speed: 0.9 profs/s | ETA: 7.6m
[2026-09-19 19:30:24] [INFO] [356/787] ( 45.2%) [SAVED] Francine Battaglia        | University at Buffalo (SU | Works: 210, Cites:  2527, h-index: 31 | Speed: 0.9 profs/s | ETA: 7.6m
[2026-09-19 19:30:25] [INFO] [357/787] ( 45.4%) [SAVED] David Salac               | University at Buffalo (SU | Works:  82, Cites:   443, h-index: 12 | Speed: 0.9 profs/s | ETA: 7.6m
[2026-09-19 19:30:27] [INFO] [358/787] ( 45.5%) [SAVED] Hui Meng                  | University at Buffalo (SU | Works: 218, Cites: 12568, h-index: 57 | Speed: 0.9 profs/s | ETA: 7.6m
[2026-09-19 19:30:28] [INFO] [359/787] ( 45.6%) [SAVED] Sangwoo Shin              | University at Buffalo (SU | Works:  99, Cites:  2469, h-index: 30 | Speed: 0.9 profs/s | ETA: 7.6m
[2026-09-19 19:30:28] [INFO] [360/787] ( 45.7%) [SAVED] Pasquale Cinnella         | University of Alabama at  | Works:  12, Cites:   241, h-index:  9 | Speed: 0.9 profs/s | ETA: 7.5m
[2026-09-19 19:30:29] [INFO] [361/787] ( 45.9%) [SAVED] Roy Koomullil             | University of Alabama at  | Works:  69, Cites:   810, h-index: 16 | Speed: 0.9 profs/s | ETA: 7.5m
[2026-09-19 19:30:29] [INFO] [362/787] ( 46.0%) [SAVED] David R. McDaniel         | University of Alabama at  | Works:  57, Cites:   861, h-index: 13 | Speed: 0.9 profs/s | ETA: 7.5m
[2026-09-19 19:30:31] [INFO] [363/787] ( 46.1%) [SAVED] Robert Nichols            | University of Alabama at  | Works:  48, Cites:  1376, h-index: 19 | Speed: 0.9 profs/s | ETA: 7.5m
[2026-09-19 19:30:32] [INFO] [364/787] ( 46.3%) [SAVED] Jason T. Cassibry         | University of Alabama in  | Works: 229, Cites:  1023, h-index: 15 | Speed: 0.9 profs/s | ETA: 7.4m
[2026-09-19 19:30:32] [INFO] [365/787] ( 46.4%) [SAVED] Kader Frendi              | University of Alabama in  | Works:   9, Cites:    37, h-index:  3 | Speed: 0.9 profs/s | ETA: 7.4m
[2026-09-19 19:30:32] [INFO] [366/787] ( 46.5%) [SAVED] Kunning G. Xu             | University of Alabama in  | Works:  91, Cites:   671, h-index: 15 | Speed: 1.0 profs/s | ETA: 7.4m
[2026-09-19 19:30:33] [INFO] [367/787] ( 46.6%) [SAVED] John Bennewitz            | University of Alabama in  | Works:  64, Cites:  1016, h-index: 17 | Speed: 1.0 profs/s | ETA: 7.4m
[2026-09-19 19:30:35] [INFO] [368/787] ( 46.8%) [SAVED] Babak Shotorban           | University of Alabama in  | Works:  95, Cites:  1170, h-index: 20 | Speed: 1.0 profs/s | ETA: 7.3m
[2026-09-19 19:30:37] [INFO] [369/787] ( 46.9%) [SAVED] Sarma L. Rani             | University of Alabama in  | Works:  84, Cites:   849, h-index: 15 | Speed: 0.9 profs/s | ETA: 7.3m
[2026-09-19 19:30:37] [INFO] [370/787] ( 47.0%) [SAVED] John Panickacheril John   | University of Alabama-Tus | Works:  22, Cites:   125, h-index:  7 | Speed: 1.0 profs/s | ETA: 7.3m
[2026-09-19 19:30:37] [INFO] [371/787] ( 47.1%) [SAVED] Jinwei Shen               | University of Alabama-Tus | Works:  77, Cites:   467, h-index: 12 | Speed: 1.0 profs/s | ETA: 7.3m
[2026-09-19 19:30:38] [INFO] [372/787] ( 47.3%) [SAVED] Weihua Su                 | University of Alabama-Tus | Works: 308, Cites:  5346, h-index: 39 | Speed: 1.0 profs/s | ETA: 7.3m
[2026-09-19 19:30:39] [INFO] [373/787] ( 47.4%) [SAVED] Redha Wahidi              | University of Alabama-Tus | Works:  38, Cites:   123, h-index:  6 | Speed: 1.0 profs/s | ETA: 7.2m
[2026-09-19 19:30:41] [INFO] [374/787] ( 47.5%) [SAVED] C. Taber Wanstall         | University of Alabama-Tus | Works:  25, Cites:   197, h-index:  9 | Speed: 1.0 profs/s | ETA: 7.2m
[2026-09-19 19:30:42] [INFO] [375/787] ( 47.6%) [SAVED] Kalyan Kumar Srinivasan   | University of Alabama-Tus | Works:  98, Cites:  2589, h-index: 25 | Speed: 1.0 profs/s | ETA: 7.2m
[2026-09-19 19:30:42] [INFO] [376/787] ( 47.8%) [SAVED] Ajay K. Agrawal           | University of Alabama-Tus | Works: 294, Cites:  3618, h-index: 32 | Speed: 1.0 profs/s | ETA: 7.2m
[2026-09-19 19:30:42] [INFO] [377/787] ( 47.9%) [SAVED] Alexey N. Volkov          | University of Alabama-Tus | Works: 163, Cites:  1956, h-index: 25 | Speed: 1.0 profs/s | ETA: 7.2m
[2026-09-19 19:30:44] [INFO] [378/787] ( 48.0%) [SAVED] Bhupendra Khandelwal      | University of Alabama-Tus | Works: 118, Cites:  2095, h-index: 21 | Speed: 1.0 profs/s | ETA: 7.1m
[2026-09-19 19:30:46] [INFO] [379/787] ( 48.2%) [SAVED] Sundar Rajan Krishnan     | University of Alabama-Tus | Works: 113, Cites:  1982, h-index: 24 | Speed: 1.0 profs/s | ETA: 7.1m
[2026-09-19 19:30:46] [INFO] [380/787] ( 48.3%) [SAVED] Farzad Mashayek           | University of Arizona     | Works: 268, Cites:  5469, h-index: 39 | Speed: 1.0 profs/s | ETA: 7.1m
[2026-09-19 19:30:46] [INFO] [381/787] ( 48.4%) [SAVED] Stuart A. Craig           | University of Arizona     | Works:  31, Cites:   296, h-index:  6 | Speed: 1.0 profs/s | ETA: 7.1m
[2026-09-19 19:30:47] [INFO] [382/787] ( 48.5%) [SAVED] Bernard Parent            | University of Arizona     | Works:  91, Cites:  1004, h-index: 19 | Speed: 1.0 profs/s | ETA: 7.1m
[2026-09-19 19:30:48] [INFO] [383/787] ( 48.7%) [SAVED] James Threadgill          | University of Arizona     | Works:  52, Cites:   338, h-index: 11 | Speed: 1.0 profs/s | ETA: 7.0m
[2026-09-19 19:30:50] [INFO] [384/787] ( 48.8%) [SAVED] Sergey Shkarayev          | University of Arizona     | Works:  97, Cites:  1130, h-index: 18 | Speed: 1.0 profs/s | ETA: 7.0m
[2026-09-19 19:30:50] [INFO] [385/787] ( 48.9%) [SAVED] Kyle Hanquist             | University of Arizona     | Works:  64, Cites:   603, h-index: 13 | Speed: 1.0 profs/s | ETA: 7.0m
[2026-09-19 19:30:50] [INFO] [386/787] ( 49.0%) [SAVED] Keith Walters             | University of Arkansas    | Works: 146, Cites:  3276, h-index: 28 | Speed: 1.0 profs/s | ETA: 7.0m
[2026-09-19 19:30:51] [INFO] [387/787] ( 49.2%) [SAVED] Min Zou                   | University of Arkansas    | Works: 318, Cites:  5911, h-index: 40 | Speed: 1.0 profs/s | ETA: 7.0m
[2026-09-19 19:30:52] [INFO] [388/787] ( 49.3%) [SAVED] David Jensen              | University of Arkansas    | Works: 193, Cites:  9376, h-index: 39 | Speed: 1.0 profs/s | ETA: 6.9m
[2026-09-19 19:30:54] [INFO] [389/787] ( 49.4%) [SAVED] Yuanhang Zhu              | University of California, | Works:  46, Cites:   323, h-index: 11 | Speed: 1.0 profs/s | ETA: 6.9m
[2026-09-19 19:30:55] [INFO] [390/787] ( 49.6%) [SAVED] Bhargav Rallabandi        | University of California, | Works: 117, Cites:  1014, h-index: 18 | Speed: 1.0 profs/s | ETA: 6.9m
[2026-09-19 19:30:55] [INFO] [391/787] ( 49.7%) [SAVED] Marko Princevac           | University of California, | Works:  99, Cites:  2129, h-index: 26 | Speed: 1.0 profs/s | ETA: 6.9m
[2026-09-19 19:30:56] [INFO] [392/787] ( 49.8%) [SAVED] Akula Venkatram           | University of California, | Works: 229, Cites:  5164, h-index: 36 | Speed: 1.0 profs/s | ETA: 6.9m
[2026-09-19 19:30:57] [INFO] [393/787] ( 49.9%) [SAVED] Michael R. Zachariah      | University of California, | Works: 563, Cites: 27164, h-index: 86 | Speed: 1.0 profs/s | ETA: 6.8m
[2026-09-19 19:30:59] [INFO] [394/787] ( 50.1%) [SAVED] Georgios Karavalakis      | University of California, | Works: 132, Cites:  4658, h-index: 41 | Speed: 1.0 profs/s | ETA: 6.8m
[2026-09-19 19:31:00] [INFO] [395/787] ( 50.2%) [SAVED] Christopher A. Edwards    | University of California, | Works: 186, Cites:  6248, h-index: 47 | Speed: 1.0 profs/s | ETA: 6.8m
[2026-09-19 19:31:00] [INFO] [396/787] ( 50.3%) [SAVED] Jerome Fiechter           | University of California, | Works: 130, Cites:  3170, h-index: 34 | Speed: 1.0 profs/s | ETA: 6.8m
[2026-09-19 19:31:00] [INFO] [397/787] ( 50.4%) [SAVED] Alexis Kaminski           | University of California- | Works:  48, Cites:   356, h-index: 11 | Speed: 1.0 profs/s | ETA: 6.8m
[2026-09-19 19:31:01] [INFO] [398/787] ( 50.6%) [SAVED] Shawn C. Shadden          | University of California- | Works: 191, Cites:  7599, h-index: 47 | Speed: 1.0 profs/s | ETA: 6.7m
[2026-09-19 19:31:03] [INFO] [399/787] ( 50.7%) [SAVED] Michael J. Gollner        | University of California- | Works: 184, Cites:  4022, h-index: 35 | Speed: 1.0 profs/s | ETA: 6.7m
[2026-09-19 19:31:04] [INFO] [400/787] ( 50.8%) [SAVED] Negar Mehr                | University of California- | Works:  90, Cites:   456, h-index: 11 | Speed: 1.0 profs/s | ETA: 6.7m
[2026-09-19 19:37:28] [INFO] ================================================================================
[2026-09-19 19:37:28] [INFO] STARTING OPENALEX FACULTY RESEARCH JSON EXTRACTION PIPELINE
[2026-09-19 19:37:28] [INFO] Target Sheet: Master - All Live Verified
[2026-09-19 19:37:28] [INFO] Destination:  d:\Others\findprofs\openalex_mechaero_faculty_json\universities_wise
[2026-09-19 19:37:28] [INFO] Date Filter:  2023-01-01 to 2026-06-30 (Mid-2026)
[2026-09-19 19:37:28] [INFO] ================================================================================
[2026-09-19 19:37:29] [INFO] Total verified faculty members with valid OpenAlex ID: 787
[2026-09-19 19:37:29] [INFO] Running multi-threaded harvesting pool with 4 workers...
[2026-09-19 19:37:29] [INFO] [  1/787] [ALREADY CACHED] Marcus Herrmann | Arizona State University -> marcus_herrmann.json
[2026-09-19 19:37:29] [INFO] [  2/787] [ALREADY CACHED] Kiran Ramesh | Arizona State University -> kiran_ramesh.json
[2026-09-19 19:37:29] [INFO] [  3/787] [ALREADY CACHED] Kyle Squires | Arizona State University -> kyle_squires.json
[2026-09-19 19:37:29] [INFO] [  4/787] [ALREADY CACHED] Brian Thurow | Auburn University -> brian_thurow.json
[2026-09-19 19:37:29] [INFO] [  6/787] [ALREADY CACHED] Joe Majdalani | Auburn University -> joe_majdalani.json
[2026-09-19 19:37:29] [INFO] [  5/787] [ALREADY CACHED] Houlong Zhuang | Arizona State University -> houlong_zhuang.json
[2026-09-19 19:37:29] [INFO] [  7/787] [ALREADY CACHED] Roy Hartfield | Auburn University -> roy_hartfield.json
[2026-09-19 19:37:29] [INFO] [  8/787] [ALREADY CACHED] Nek Sharan | Auburn University -> nek_sharan.json
[2026-09-19 19:37:29] [INFO] [  9/787] [ALREADY CACHED] David E Scarborough | Auburn University -> david_e_scarborough.json
[2026-09-19 19:37:29] [INFO] [ 10/787] [ALREADY CACHED] Imon Chakraborty | Auburn University -> imon_chakraborty.json
[2026-09-19 19:37:29] [INFO] [ 11/787] [ALREADY CACHED] Davide Guzzetti | Auburn University -> davide_guzzetti.json
[2026-09-19 19:37:29] [INFO] [ 12/787] [ALREADY CACHED] Ehsan Taheri | Auburn University -> ehsan_taheri.json
[2026-09-19 19:37:29] [INFO] [ 15/787] [ALREADY CACHED] Cosan Daskiran | Binghamton University -> cosan_daskiran.json
[2026-09-19 19:37:29] [INFO] [ 14/787] [ALREADY CACHED] Jifu Tan | Binghamton University -> jifu_tan.json
[2026-09-19 19:37:29] [INFO] [ 13/787] [ALREADY CACHED] Paul R. Chiarot | Binghamton University -> paul_r_chiarot.json
[2026-09-19 19:37:29] [INFO] [ 16/787] [ALREADY CACHED] Sheryl Grace | Boston University -> sheryl_grace.json
[2026-09-19 19:37:29] [INFO] [ 17/787] [ALREADY CACHED] James C. Bird | Boston University -> james_c_bird.json
[2026-09-19 19:37:29] [INFO] [ 18/787] [ALREADY CACHED] Douglas P. Holmes | Boston University -> douglas_p_holmes.json
[2026-09-19 19:37:29] [INFO] [ 19/787] [ALREADY CACHED] Raymond Nagem | Boston University -> raymond_nagem.json
[2026-09-19 19:37:29] [INFO] [ 20/787] [ALREADY CACHED] Sean B. Andersson | Boston University -> sean_b_andersson.json
[2026-09-19 19:37:29] [INFO] [ 21/787] [ALREADY CACHED] Kenneth S. Breuer | Brown University -> kenneth_s_breuer.json
[2026-09-19 19:37:29] [INFO] [ 22/787] [ALREADY CACHED] Daniel M. Harris | Brown University -> daniel_m_harris.json
[2026-09-19 19:37:29] [INFO] [ 23/787] [ALREADY CACHED] Mauro Rodriguez Jr. | Brown University -> mauro_rodriguez_jr.json
[2026-09-19 19:37:29] [INFO] [ 24/787] [ALREADY CACHED] Roberto Zenit | Brown University -> roberto_zenit.json
[2026-09-19 19:37:29] [INFO] [ 25/787] [ALREADY CACHED] Monica Martinez Wilhelmus | Brown University -> monica_martinez_wilhelmus.json
[2026-09-19 19:37:29] [INFO] [ 26/787] [ALREADY CACHED] George Em Karniadakis | Brown University -> george_em_karniadakis.json
[2026-09-19 19:37:29] [INFO] [ 27/787] [ALREADY CACHED] Joanna M. Austin | California Institute of Technology -> joanna_m_austin.json
[2026-09-19 19:37:29] [INFO] [ 28/787] [ALREADY CACHED] H. Jane Bae | California Institute of Technology -> h_jane_bae.json
[2026-09-19 19:37:29] [INFO] [ 29/787] [ALREADY CACHED] Guillaume Blanquart | California Institute of Technology -> guillaume_blanquart.json
[2026-09-19 19:37:29] [INFO] [ 30/787] [ALREADY CACHED] Tim Colonius | California Institute of Technology -> tim_colonius.json
[2026-09-19 19:37:29] [INFO] [ 31/787] [ALREADY CACHED] John O. Dabiri | California Institute of Technology -> john_o_dabiri.json
[2026-09-19 19:37:29] [INFO] [ 32/787] [ALREADY CACHED] Morteza (Mory) Gharib | California Institute of Technology -> morteza_mory_gharib.json
[2026-09-19 19:37:29] [INFO] [ 33/787] [ALREADY CACHED] Adrian Lozano-Duran | California Institute of Technology -> adrian_lozano_duran.json
[2026-09-19 19:37:29] [INFO] [ 34/787] [ALREADY CACHED] Joseph E. Shepherd | California Institute of Technology -> joseph_e_shepherd.json
[2026-09-19 19:37:29] [INFO] [ 35/787] [ALREADY CACHED] Amir Barati Farimani | Carnegie Mellon University -> amir_barati_farimani.json
[2026-09-19 19:37:29] [INFO] [ 36/787] [ALREADY CACHED] Shelley L. Anna | Carnegie Mellon University -> shelley_l_anna.json
[2026-09-19 19:37:29] [INFO] [ 37/787] [ALREADY CACHED] Gerald J. Wang | Carnegie Mellon University -> gerald_j_wang.json
[2026-09-19 19:37:29] [INFO] [ 38/787] [ALREADY CACHED] Philip LeDuc | Carnegie Mellon University -> philip_leduc.json
[2026-09-19 19:37:29] [INFO] [ 39/787] [ALREADY CACHED] Carmel Majidi | Carnegie Mellon University -> carmel_majidi.json
[2026-09-19 19:37:29] [INFO] [ 40/787] [ALREADY CACHED] Joshua Bostwick | Clemson University -> joshua_bostwick.json
[2026-09-19 19:37:29] [INFO] [ 41/787] [ALREADY CACHED] Ethan Kung | Clemson University -> ethan_kung.json
[2026-09-19 19:37:29] [INFO] [ 42/787] [ALREADY CACHED] Zhen Li | Clemson University -> zhen_li.json
[2026-09-19 19:37:29] [INFO] [ 43/787] [ALREADY CACHED] Hassan Masoud | Clemson University -> hassan_masoud.json
[2026-09-19 19:37:29] [INFO] [ 44/787] [ALREADY CACHED] Phanindra Tallapragada | Clemson University -> phanindra_tallapragada.json
[2026-09-19 19:37:29] [INFO] [ 45/787] [ALREADY CACHED] Chenning Tong | Clemson University -> chenning_tong.json
[2026-09-19 19:37:29] [INFO] [ 46/787] [ALREADY CACHED] Yuhao Xu | Clemson University -> yuhao_xu.json
[2026-09-19 19:37:29] [INFO] [ 47/787] [ALREADY CACHED] Denis Aslangil | Colorado School of Mines -> denis_aslangil.json
[2026-09-19 19:37:29] [INFO] [ 48/787] [ALREADY CACHED] Veronica Eliasson | Colorado School of Mines -> veronica_eliasson.json
[2026-09-19 19:37:29] [INFO] [ 49/787] [ALREADY CACHED] Rajavasanth Rajasegar | Colorado School of Mines -> rajavasanth_rajasegar.json
[2026-09-19 19:37:29] [INFO] [ 50/787] [ALREADY CACHED] Nils Tilton | Colorado School of Mines -> nils_tilton.json
[2026-09-19 19:37:29] [INFO] [ 51/787] [ALREADY CACHED] Robert J. Kee | Colorado School of Mines -> robert_j_kee.json
[2026-09-19 19:37:29] [INFO] [ 52/787] [ALREADY CACHED] Ciprian Dumitrache | Colorado State University -> ciprian_dumitrache.json
[2026-09-19 19:37:29] [INFO] [ 53/787] [ALREADY CACHED] Bret Windom | Colorado State University -> bret_windom.json
[2026-09-19 19:37:29] [INFO] [ 54/787] [ALREADY CACHED] Azer Yalin | Colorado State University -> azer_yalin.json
[2026-09-19 19:37:29] [INFO] [ 55/787] [ALREADY CACHED] Subhas Karan Venayagamoorthy | Colorado State University -> subhas_karan_venayagamoorthy.json
[2026-09-19 19:37:29] [INFO] [ 56/787] [ALREADY CACHED] Olivier Desjardins | Cornell University -> olivier_desjardins.json
[2026-09-19 19:37:29] [INFO] [ 57/787] [ALREADY CACHED] Gregory Paul Bewley | Cornell University -> gregory_paul_bewley.json
[2026-09-19 19:37:29] [INFO] [ 58/787] [ALREADY CACHED] Z. Jane Wang | Cornell University -> z_jane_wang.json
[2026-09-19 19:37:29] [INFO] [ 59/787] [ALREADY CACHED] Jian-Xun Wang | Cornell University -> jian_xun_wang.json
[2026-09-19 19:37:29] [INFO] [ 60/787] [ALREADY CACHED] Perrine Pepiot | Cornell University -> perrine_pepiot.json
[2026-09-19 19:37:29] [INFO] [ 61/787] [ALREADY CACHED] Elaine Petro | Cornell University -> elaine_petro.json
[2026-09-19 19:37:29] [INFO] [ 62/787] [ALREADY CACHED] Silvia Ferrari | Cornell University -> silvia_ferrari.json
[2026-09-19 19:37:29] [INFO] [ 63/787] [ALREADY CACHED] Mason Peck | Cornell University -> mason_peck.json
[2026-09-19 19:37:29] [INFO] [ 64/787] [ALREADY CACHED] Benoit Cushman-Roisin | Dartmouth College -> benoit_cushman_roisin.json
[2026-09-19 19:37:29] [INFO] [ 65/787] [ALREADY CACHED] Colin R. Meyer | Dartmouth College -> colin_r_meyer.json
[2026-09-19 19:37:29] [INFO] [ 66/787] [ALREADY CACHED] Yan Li | Dartmouth College -> yan_li.json
[2026-09-19 19:37:29] [INFO] [ 67/787] [ALREADY CACHED] Mary Albert | Dartmouth College -> mary_albert.json
[2026-09-19 19:37:29] [INFO] [ 68/787] [ALREADY CACHED] Laura Ray | Dartmouth College -> laura_ray.json
[2026-09-19 19:37:29] [INFO] [ 69/787] [ALREADY CACHED] Alexander Fridman | Drexel University -> alexander_fridman.json
[2026-09-19 19:37:29] [INFO] [ 70/787] [ALREADY CACHED] Hongseok Moses Noh | Drexel University -> hongseok_moses_noh.json
[2026-09-19 19:37:29] [INFO] [ 71/787] [ALREADY CACHED] James Tangorra | Drexel University -> james_tangorra.json
[2026-09-19 19:37:29] [INFO] [ 72/787] [ALREADY CACHED] Sorin Siegler | Drexel University -> sorin_siegler.json
[2026-09-19 19:37:29] [INFO] [ 73/787] [ALREADY CACHED] Earl H. Dowell | Duke University -> earl_h_dowell.json
[2026-09-19 19:37:29] [INFO] [ 74/787] [ALREADY CACHED] Kenneth C. Hall | Duke University -> kenneth_c_hall.json
[2026-09-19 19:37:29] [INFO] [ 75/787] [ALREADY CACHED] Wilkins Aquino | Duke University -> wilkins_aquino.json
[2026-09-19 19:37:29] [INFO] [ 76/787] [ALREADY CACHED] Lawrie Virgin | Duke University -> lawrie_virgin.json
[2026-09-19 19:37:29] [INFO] [ 77/787] [ALREADY CACHED] Bavand Keshavarz | Duke University -> bavand_keshavarz.json
[2026-09-19 19:37:29] [INFO] [ 78/787] [ALREADY CACHED] Michael Zavlanos | Duke University -> michael_zavlanos.json
[2026-09-19 19:37:29] [INFO] [ 79/787] [ALREADY CACHED] Anouck Girard | Embry-Riddle Aeronautical University -> anouck_girard.json
[2026-09-19 19:37:29] [INFO] [ 80/787] [ALREADY CACHED] William Engblom | Embry-Riddle Aeronautical University -> william_engblom.json
[2026-09-19 19:37:29] [INFO] [ 81/787] [ALREADY CACHED] Andrea Da Ronch | Embry-Riddle Aeronautical University -> andrea_da_ronch.json
[2026-09-19 19:37:29] [INFO] [ 82/787] [ALREADY CACHED] Eric Perrell | Embry-Riddle Aeronautical University -> eric_perrell.json
[2026-09-19 19:37:29] [INFO] [ 83/787] [ALREADY CACHED] Hever Moncayo | Embry-Riddle Aeronautical University -> hever_moncayo.json
[2026-09-19 19:37:29] [INFO] [ 84/787] [ALREADY CACHED] Troy Henderson | Embry-Riddle Aeronautical University -> troy_henderson.json
[2026-09-19 19:37:29] [INFO] [ 85/787] [ALREADY CACHED] Chelakara S. Subramanian | Florida Institute of Technology -> chelakara_s_subramanian.json
[2026-09-19 19:37:29] [INFO] [ 86/787] [ALREADY CACHED] Daniel Kirk | Florida Institute of Technology -> daniel_kirk.json
[2026-09-19 19:37:29] [INFO] [ 87/787] [ALREADY CACHED] Reza Jahanbakhshi | Florida Institute of Technology -> reza_jahanbakhshi.json
[2026-09-19 19:37:29] [INFO] [ 88/787] [ALREADY CACHED] Kibaek Lee | Florida Institute of Technology -> kibaek_lee.json
[2026-09-19 19:37:29] [INFO] [ 89/787] [ALREADY CACHED] Camilo Riano-Rios | Florida Institute of Technology -> camilo_riano_rios.json
[2026-09-19 19:37:29] [INFO] [ 90/787] [ALREADY CACHED] Madhur Tiwari | Florida Institute of Technology -> madhur_tiwari.json
[2026-09-19 19:37:29] [INFO] [ 91/787] [ALREADY CACHED] Manasvi Lingam | Florida Institute of Technology -> manasvi_lingam.json
[2026-09-19 19:37:29] [INFO] [ 92/787] [ALREADY CACHED] Tanaji Paul | Florida International University -> tanaji_paul.json
[2026-09-19 19:37:29] [INFO] [ 93/787] [ALREADY CACHED] Dwayne McDaniel | Florida International University -> dwayne_mcdaniel.json
[2026-09-19 19:37:29] [INFO] [ 94/787] [ALREADY CACHED] Rajan Kumar | Florida State University -> rajan_kumar.json
[2026-09-19 19:37:29] [INFO] [ 95/787] [ALREADY CACHED] Farrukh Alvi | Florida State University -> farrukh_alvi.json
[2026-09-19 19:37:29] [INFO] [ 96/787] [ALREADY CACHED] Chiang Shih | Florida State University -> chiang_shih.json
[2026-09-19 19:37:29] [INFO] [ 97/787] [ALREADY CACHED] Kourosh Shoele | Florida State University -> kourosh_shoele.json
[2026-09-19 19:37:29] [INFO] [ 98/787] [ALREADY CACHED] Unnikrishnan Sasidharan Nair | Florida State University -> unnikrishnan_sasidharan_nair.json
[2026-09-19 19:37:29] [INFO] [ 99/787] [ALREADY CACHED] Neda Yaghoobian | Florida State University -> neda_yaghoobian.json
[2026-09-19 19:37:29] [INFO] [100/787] [ALREADY CACHED] Huixuan Wu | Florida State University -> huixuan_wu.json
[2026-09-19 19:37:29] [INFO] [101/787] [ALREADY CACHED] Jonathan Clark | Florida State University -> jonathan_clark.json
[2026-09-19 19:37:29] [INFO] [102/787] [ALREADY CACHED] Christian Hubicki | Florida State University -> christian_hubicki.json
[2026-09-19 19:37:29] [INFO] [103/787] [ALREADY CACHED] Leigh McCue-Weil | George Mason University -> leigh_mccue_weil.json
[2026-09-19 19:37:29] [INFO] [104/787] [ALREADY CACHED] Jeffrey L. Moran | George Mason University -> jeffrey_l_moran.json
[2026-09-19 19:37:29] [INFO] [105/787] [ALREADY CACHED] Pouya Rezai | George Mason University -> pouya_rezai.json
[2026-09-19 19:37:29] [INFO] [106/787] [ALREADY CACHED] Daigo Shishika | George Mason University -> daigo_shishika.json
[2026-09-19 19:37:29] [INFO] [107/787] [ALREADY CACHED] Elias Balaras | George Washington University -> elias_balaras.json
[2026-09-19 19:37:29] [INFO] [108/787] [ALREADY CACHED] Philippe M. Bardet | George Washington University -> philippe_m_bardet.json
[2026-09-19 19:37:29] [INFO] [109/787] [ALREADY CACHED] Michael Keidar | George Washington University -> michael_keidar.json
[2026-09-19 19:37:29] [INFO] [110/787] [ALREADY CACHED] Megan C. Leftwich | George Washington University -> megan_c_leftwich.json
[2026-09-19 19:37:29] [INFO] [111/787] [ALREADY CACHED] Matthew J. Rau | George Washington University -> matthew_j_rau.json
[2026-09-19 19:37:29] [INFO] [112/787] [ALREADY CACHED] Kausik Sarkar | George Washington University -> kausik_sarkar.json
[2026-09-19 19:37:29] [INFO] [113/787] [ALREADY CACHED] Taeyoung Lee | George Washington University -> taeyoung_lee.json
[2026-09-19 19:37:29] [INFO] [114/787] [ALREADY CACHED] Petros Koumoutsakos | Harvard University -> petros_koumoutsakos.json
[2026-09-19 19:37:29] [INFO] [115/787] [ALREADY CACHED] Michael P. Brenner | Harvard University -> michael_p_brenner.json
[2026-09-19 19:37:29] [INFO] [116/787] [ALREADY CACHED] L. Mahadevan | Harvard University -> l_mahadevan.json
[2026-09-19 19:37:29] [INFO] [117/787] [ALREADY CACHED] Robin Wordsworth | Harvard University -> robin_wordsworth.json
[2026-09-19 19:37:29] [INFO] [118/787] [ALREADY CACHED] Katia Bertoldi | Harvard University -> katia_bertoldi.json
[2026-09-19 19:37:29] [INFO] [119/787] [ALREADY CACHED] Robert J. Wood | Harvard University -> robert_j_wood.json
[2026-09-19 19:37:29] [INFO] [120/787] [ALREADY CACHED] Daniel J. Jacob | Harvard University -> daniel_j_jacob.json
[2026-09-19 19:37:29] [INFO] [121/787] [ALREADY CACHED] Achille Messac | Howard University -> achille_messac.json
[2026-09-19 19:37:29] [INFO] [122/787] [ALREADY CACHED] Louis N. Cattafesta III | Illinois Institute of Technology -> louis_n_cattafesta_iii.json
[2026-09-19 19:37:29] [INFO] [123/787] [ALREADY CACHED] Kevin W. Cassel | Illinois Institute of Technology -> kevin_w_cassel.json
[2026-09-19 19:37:29] [INFO] [124/787] [ALREADY CACHED] Scott T. M. Dawson | Illinois Institute of Technology -> scott_t_m_dawson.json
[2026-09-19 19:37:29] [INFO] [125/787] [ALREADY CACHED] Douglas W. Carter | Illinois Institute of Technology -> douglas_w_carter.json
[2026-09-19 19:37:29] [INFO] [126/787] [ALREADY CACHED] Carrie M. Hall | Illinois Institute of Technology -> carrie_m_hall.json
[2026-09-19 19:37:29] [INFO] [127/787] [ALREADY CACHED] Matthew Spenko | Illinois Institute of Technology -> matthew_spenko.json
[2026-09-19 19:37:29] [INFO] [128/787] [ALREADY CACHED] Ankit Srivastava | Illinois Institute of Technology -> ankit_srivastava.json
[2026-09-19 19:37:29] [INFO] [129/787] [ALREADY CACHED] Dietmar Rempfer | Illinois Institute of Technology -> dietmar_rempfer.json
[2026-09-19 19:37:29] [INFO] [130/787] [ALREADY CACHED] Hui Hu | Iowa State University -> hui_hu.json
[2026-09-19 19:37:29] [INFO] [131/787] [ALREADY CACHED] Anupam Sharma | Iowa State University -> anupam_sharma.json
[2026-09-19 19:37:29] [INFO] [132/787] [ALREADY CACHED] Partha Sarkar | Iowa State University -> partha_sarkar.json
[2026-09-19 19:37:29] [INFO] [133/787] [ALREADY CACHED] Ping He | Iowa State University -> ping_he.json
[2026-09-19 19:37:29] [INFO] [134/787] [ALREADY CACHED] Sidharth G.S. | Iowa State University -> sidharth_g_s.json
[2026-09-19 19:37:29] [INFO] [135/787] [ALREADY CACHED] Han Gao | Iowa State University -> han_gao.json
[2026-09-19 19:37:29] [INFO] [136/787] [ALREADY CACHED] Theodore J. Heindel | Iowa State University -> theodore_j_heindel.json
[2026-09-19 19:37:29] [INFO] [137/787] [ALREADY CACHED] Baskar Ganapathysubramanian | Iowa State University -> baskar_ganapathysubramanian.json
[2026-09-19 19:37:29] [INFO] [138/787] [ALREADY CACHED] Alberto Passalacqua | Iowa State University -> alberto_passalacqua.json
[2026-09-19 19:37:29] [INFO] [139/787] [ALREADY CACHED] Charles Meneveau | Johns Hopkins University -> charles_meneveau.json
[2026-09-19 19:37:29] [INFO] [140/787] [ALREADY CACHED] Joseph Katz | Johns Hopkins University -> joseph_katz.json
[2026-09-19 19:37:29] [INFO] [141/787] [ALREADY CACHED] Rajat Mittal | Johns Hopkins University -> rajat_mittal.json
[2026-09-19 19:37:29] [INFO] [142/787] [ALREADY CACHED] Tamer Zaki | Johns Hopkins University -> tamer_zaki.json
[2026-09-19 19:37:29] [INFO] [143/787] [ALREADY CACHED] Gretar Tryggvason | Johns Hopkins University -> gretar_tryggvason.json
[2026-09-19 19:37:29] [INFO] [144/787] [ALREADY CACHED] Rui Ni | Johns Hopkins University -> rui_ni.json
[2026-09-19 19:37:29] [INFO] [145/787] [ALREADY CACHED] Dennice Gayme | Johns Hopkins University -> dennice_gayme.json
[2026-09-19 19:37:29] [INFO] [146/787] [ALREADY CACHED] Julie Lundquist | Johns Hopkins University -> julie_lundquist.json
[2026-09-19 19:37:29] [INFO] [147/787] [ALREADY CACHED] Kaliat (K.T.) Ramesh | Johns Hopkins University -> kaliat_k_t_ramesh.json
[2026-09-19 19:37:29] [INFO] [148/787] [ALREADY CACHED] Gregory L. Eyink | Johns Hopkins University -> gregory_l_eyink.json
[2026-09-19 19:37:30] [INFO] [149/787] [ALREADY CACHED] Mingjun Wei | Kansas State University -> mingjun_wei.json
[2026-09-19 19:37:30] [INFO] [150/787] [ALREADY CACHED] Warren N. White | Kansas State University -> warren_n_white.json
[2026-09-19 19:37:30] [INFO] [151/787] [ALREADY CACHED] Arindam Banerjee | Lehigh University -> arindam_banerjee.json
[2026-09-19 19:37:30] [INFO] [152/787] [ALREADY CACHED] Keith W. Moored | Lehigh University -> keith_w_moored.json
[2026-09-19 19:37:30] [INFO] [153/787] [ALREADY CACHED] Alparslan Oztekin | Lehigh University -> alparslan_oztekin.json
[2026-09-19 19:37:30] [INFO] [154/787] [ALREADY CACHED] Aditya K. Aiyer | Lehigh University -> aditya_k_aiyer.json
[2026-09-19 19:37:30] [INFO] [155/787] [ALREADY CACHED] Ebru Demir | Lehigh University -> ebru_demir.json
[2026-09-19 19:37:30] [INFO] [156/787] [ALREADY CACHED] Subhrajit Bhattacharya | Lehigh University -> subhrajit_bhattacharya.json
[2026-09-19 19:37:30] [INFO] [157/787] [ALREADY CACHED] Mark Drela | Massachusetts Institute of Technology -> mark_drela.json
[2026-09-19 19:37:30] [INFO] [158/787] [ALREADY CACHED] Ahmed F. Ghoniem | Massachusetts Institute of Technology -> ahmed_f_ghoniem.json
[2026-09-19 19:37:30] [INFO] [159/787] [ALREADY CACHED] Pierre F. J. Lermusiaux | Massachusetts Institute of Technology -> pierre_f_j_lermusiaux.json
[2026-09-19 19:37:30] [INFO] [160/787] [ALREADY CACHED] Paulo C. Lozano | Massachusetts Institute of Technology -> paulo_c_lozano.json
[2026-09-19 19:37:30] [INFO] [161/787] [ALREADY CACHED] Youssef M. Marzouk | Massachusetts Institute of Technology -> youssef_m_marzouk.json
[2026-09-19 19:37:30] [INFO] [162/787] [ALREADY CACHED] Gareth H. McKinley | Massachusetts Institute of Technology -> gareth_h_mckinley.json
[2026-09-19 19:37:30] [INFO] [163/787] [ALREADY CACHED] Themistoklis Sapsis | Massachusetts Institute of Technology -> themistoklis_sapsis.json
[2026-09-19 19:37:30] [INFO] [164/787] [ALREADY CACHED] Zoltán S. Spakovszky | Massachusetts Institute of Technology -> zolt_n_s_spakovszky.json
[2026-09-19 19:37:30] [INFO] [165/787] [ALREADY CACHED] Qiqi Wang | Massachusetts Institute of Technology -> qiqi_wang.json
[2026-09-19 19:37:30] [INFO] [166/787] [ALREADY CACHED] David Olson | Michigan State University -> david_olson.json
[2026-09-19 19:37:30] [INFO] [167/787] [ALREADY CACHED] Junlin Yuan | Michigan State University -> junlin_yuan.json
[2026-09-19 19:37:30] [INFO] [168/787] [ALREADY CACHED] Ricardo Mejia-Alvarez | Michigan State University -> ricardo_mejia_alvarez.json
[2026-09-19 19:37:30] [INFO] [169/787] [ALREADY CACHED] Norbert Mueller | Michigan State University -> norbert_mueller.json
[2026-09-19 19:37:30] [INFO] [170/787] [ALREADY CACHED] Zhaojian Li | Michigan State University -> zhaojian_li.json
[2026-09-19 19:37:30] [INFO] [171/787] [ALREADY CACHED] Jeffrey S. Allen | Michigan Technological University -> jeffrey_s_allen.json
[2026-09-19 19:37:30] [INFO] [172/787] [ALREADY CACHED] Seong-Young Lee | Michigan Technological University -> seong_young_lee.json
[2026-09-19 19:37:30] [INFO] [173/787] [ALREADY CACHED] Bhisham Sharma | Michigan Technological University -> bhisham_sharma.json
[2026-09-19 19:37:30] [INFO] [174/787] [ALREADY CACHED] Susanta Ghosh | Michigan Technological University -> susanta_ghosh.json
[2026-09-19 19:37:30] [INFO] [175/787] [ALREADY CACHED] Andrew A. Oliva | Michigan Technological University -> andrew_a_oliva.json
[2026-09-19 19:37:30] [INFO] [176/787] [ALREADY CACHED] Jason Blough | Michigan Technological University -> jason_blough.json
[2026-09-19 19:37:30] [INFO] [177/787] [ALREADY CACHED] Jeffrey Naber | Michigan Technological University -> jeffrey_naber.json
[2026-09-19 19:37:30] [INFO] [178/787] [ALREADY CACHED] Adrian Sescu | Mississippi State University -> adrian_sescu.json
[2026-09-19 19:37:30] [INFO] [179/787] [ALREADY CACHED] Shreyas Narsipur | Mississippi State University -> shreyas_narsipur.json
[2026-09-19 19:37:30] [INFO] [180/787] [ALREADY CACHED] Craig Merrett | Mississippi State University -> craig_merrett.json
[2026-09-19 19:37:30] [INFO] [181/787] [ALREADY CACHED] Vilas Shinde | Mississippi State University -> vilas_shinde.json
[2026-09-19 19:37:30] [INFO] [182/787] [ALREADY CACHED] Vivek Khare | Mississippi State University -> vivek_khare.json
[2026-09-19 19:37:30] [INFO] [183/787] [ALREADY CACHED] Shanti Bhushan | Mississippi State University -> shanti_bhushan.json
[2026-09-19 19:37:30] [INFO] [184/787] [ALREADY CACHED] Serhat Hosder | Missouri University of Science and Technology -> serhat_hosder.json
[2026-09-19 19:37:30] [INFO] [185/787] [ALREADY CACHED] Davide Viganò | Missouri University of Science and Technology -> davide_vigan.json
[2026-09-19 19:37:30] [INFO] [186/787] [ALREADY CACHED] Daoru Han | Missouri University of Science and Technology -> daoru_han.json
[2026-09-19 19:37:30] [INFO] [187/787] [ALREADY CACHED] Xiaosong Du | Missouri University of Science and Technology -> xiaosong_du.json
[2026-09-19 19:37:30] [INFO] [188/787] [ALREADY CACHED] Siva Kumar Valluri | Missouri University of Science and Technology -> siva_kumar_valluri.json
[2026-09-19 19:37:30] [INFO] [189/787] [ALREADY CACHED] Henry Pernicka | Missouri University of Science and Technology -> henry_pernicka.json
[2026-09-19 19:37:30] [INFO] [190/787] [ALREADY CACHED] Mark Jankauski | Montana State University -> mark_jankauski.json
[2026-09-19 19:37:30] [INFO] [191/787] [ALREADY CACHED] Yaofa Li | Montana State University -> yaofa_li.json
[2026-09-19 19:37:30] [INFO] [192/787] [ALREADY CACHED] Sarah L. Codd | Montana State University -> sarah_l_codd.json
[2026-09-19 19:37:30] [INFO] [193/787] [ALREADY CACHED] Pushpendra Singh | New Jersey Institute of Technology -> pushpendra_singh.json
[2026-09-19 19:37:30] [INFO] [194/787] [ALREADY CACHED] Anthony Rosato | New Jersey Institute of Technology -> anthony_rosato.json
[2026-09-19 19:37:30] [INFO] [195/787] [ALREADY CACHED] Andreas Gross | New Mexico State University -> andreas_gross.json
[2026-09-19 19:37:30] [INFO] [196/787] [ALREADY CACHED] Abdessattar Abdelkefi | New Mexico State University -> abdessattar_abdelkefi.json
[2026-09-19 19:37:30] [INFO] [197/787] [ALREADY CACHED] Fangjun Shu | New Mexico State University -> fangjun_shu.json
[2026-09-19 19:37:30] [INFO] [198/787] [ALREADY CACHED] Banavara Shashikanth | New Mexico State University -> banavara_shashikanth.json
[2026-09-19 19:37:30] [INFO] [199/787] [ALREADY CACHED] Qiong Liu | New Mexico State University -> qiong_liu.json
[2026-09-19 19:37:30] [INFO] [200/787] [ALREADY CACHED] Shabnam Mohammadshahi | New Mexico State University -> shabnam_mohammadshahi.json
[2026-09-19 19:37:30] [INFO] [201/787] [ALREADY CACHED] Francisco Torres Herrador | New Mexico State University -> francisco_torres_herrador.json
[2026-09-19 19:37:30] [INFO] [202/787] [ALREADY CACHED] Jack R. Edwards | North Carolina State University -> jack_r_edwards.json
[2026-09-19 19:37:30] [INFO] [203/787] [ALREADY CACHED] Venkat Narayanaswamy | North Carolina State University -> venkat_narayanaswamy.json
[2026-09-19 19:37:30] [INFO] [204/787] [ALREADY CACHED] James Braun | North Carolina State University -> james_braun.json
[2026-09-19 19:37:30] [INFO] [205/787] [ALREADY CACHED] Kenneth Granlund | North Carolina State University -> kenneth_granlund.json
[2026-09-19 19:37:30] [INFO] [206/787] [ALREADY CACHED] Ashok Gopalarathnam | North Carolina State University -> ashok_gopalarathnam.json
[2026-09-19 19:37:30] [INFO] [207/787] [ALREADY CACHED] Darius Carter | North Carolina State University -> darius_carter.json
[2026-09-19 19:37:30] [INFO] [208/787] [ALREADY CACHED] Felix Ewere | North Carolina State University -> felix_ewere.json
[2026-09-19 19:37:30] [INFO] [209/787] [ALREADY CACHED] Yildirim Bora Suzen | North Dakota State University -> yildirim_bora_suzen.json
[2026-09-19 19:37:30] [INFO] [210/787] [ALREADY CACHED] Yan Zhang | North Dakota State University -> yan_zhang.json
[2026-09-19 19:37:30] [INFO] [211/787] [ALREADY CACHED] Yechun Wang | North Dakota State University -> yechun_wang.json
[2026-09-19 19:37:30] [INFO] [212/787] [ALREADY CACHED] Xiangfa Wu | North Dakota State University -> xiangfa_wu.json
[2026-09-19 19:37:30] [INFO] [213/787] [ALREADY CACHED] Chad Ulven | North Dakota State University -> chad_ulven.json
[2026-09-19 19:37:30] [INFO] [214/787] [ALREADY CACHED] Inbae Jeong | North Dakota State University -> inbae_jeong.json
[2026-09-19 19:37:30] [INFO] [215/787] [ALREADY CACHED] Datta Gaitonde | Ohio State University-Main Campus -> datta_gaitonde.json
[2026-09-19 19:37:30] [INFO] [216/787] [ALREADY CACHED] Lian Duan | Ohio State University-Main Campus -> lian_duan.json
[2026-09-19 19:37:30] [INFO] [217/787] [ALREADY CACHED] Mohammad Samimy | Ohio State University-Main Campus -> mohammad_samimy.json
[2026-09-19 19:37:30] [INFO] [218/787] [ALREADY CACHED] Jeffrey Bons | Ohio State University-Main Campus -> jeffrey_bons.json
[2026-09-19 19:37:30] [INFO] [219/787] [ALREADY CACHED] Jack McNamara | Ohio State University-Main Campus -> jack_mcnamara.json
[2026-09-19 19:37:30] [INFO] [220/787] [ALREADY CACHED] Steven T. Wereley | Ohio University -> steven_t_wereley.json
[2026-09-19 19:37:30] [INFO] [221/787] [ALREADY CACHED] Jay Wilhelm | Ohio University -> jay_wilhelm.json
[2026-09-19 19:37:30] [INFO] [222/787] [ALREADY CACHED] Brian Wisner | Ohio University -> brian_wisner.json
[2026-09-19 19:37:30] [INFO] [223/787] [ALREADY CACHED] Yahya Al-Majali | Ohio University -> yahya_al_majali.json
[2026-09-19 19:37:30] [INFO] [224/787] [ALREADY CACHED] David Quiroz | Ohio University -> david_quiroz.json
[2026-09-19 19:37:30] [INFO] [225/787] [ALREADY CACHED] Jamey Jacob | Oklahoma State University -> jamey_jacob.json
[2026-09-19 19:37:30] [INFO] [226/787] [ALREADY CACHED] Brian R. Elbing | Oklahoma State University -> brian_r_elbing.json
[2026-09-19 19:37:30] [INFO] [227/787] [ALREADY CACHED] Kursat Kara | Oklahoma State University -> kursat_kara.json
[2026-09-19 19:37:30] [INFO] [228/787] [ALREADY CACHED] Khaled A. Sallam | Oklahoma State University -> khaled_a_sallam.json
[2026-09-19 19:37:30] [INFO] [229/787] [ALREADY CACHED] Chitrarth Prasad | Oklahoma State University -> chitrarth_prasad.json
[2026-09-19 19:37:30] [INFO] [230/787] [ALREADY CACHED] Arvind Santhanakrishnan | Oklahoma State University -> arvind_santhanakrishnan.json
[2026-09-19 19:37:30] [INFO] [231/787] [ALREADY CACHED] He Bai | Oklahoma State University -> he_bai.json
[2026-09-19 19:37:30] [INFO] [232/787] [ALREADY CACHED] Sourabh V. Apte | Oregon State University -> sourabh_v_apte.json
[2026-09-19 19:37:30] [INFO] [233/787] [ALREADY CACHED] Kyle Niemeyer | Oregon State University -> kyle_niemeyer.json
[2026-09-19 19:37:30] [INFO] [234/787] [ALREADY CACHED] David L. Blunck | Oregon State University -> david_l_blunck.json
[2026-09-19 19:37:30] [INFO] [235/787] [ALREADY CACHED] Kenneth Brentner | Pennsylvania State University-Main Campus -> kenneth_brentner.json
[2026-09-19 19:37:30] [INFO] [236/787] [ALREADY CACHED] James Coder | Pennsylvania State University-Main Campus -> james_coder.json
[2026-09-19 19:37:30] [INFO] [237/787] [ALREADY CACHED] Daning Huang | Pennsylvania State University-Main Campus -> daning_huang.json
[2026-09-19 19:37:30] [INFO] [238/787] [ALREADY CACHED] Sven Schmitz | Pennsylvania State University-Main Campus -> sven_schmitz.json
[2026-09-19 19:37:30] [INFO] [239/787] [ALREADY CACHED] Eric Greenwood | Pennsylvania State University-Main Campus -> eric_greenwood.json
[2026-09-19 19:37:30] [INFO] [240/787] [ALREADY CACHED] Robert Kunz | Pennsylvania State University-Main Campus -> robert_kunz.json
[2026-09-19 19:37:30] [INFO] [241/787] [ALREADY CACHED] Jacqueline O'Connor | Pennsylvania State University-Main Campus -> jacqueline_o_connor.json
[2026-09-19 19:37:30] [INFO] [242/787] [ALREADY CACHED] Yuan Xuan | Pennsylvania State University-Main Campus -> yuan_xuan.json
[2026-09-19 19:37:30] [INFO] [243/787] [ALREADY CACHED] Marcus Hultmark | Princeton University -> marcus_hultmark.json
[2026-09-19 19:37:30] [INFO] [244/787] [ALREADY CACHED] Luc Deike | Princeton University -> luc_deike.json
[2026-09-19 19:37:30] [INFO] [245/787] [ALREADY CACHED] Michelle H. DiBenedetto | Princeton University -> michelle_h_dibenedetto.json
[2026-09-19 19:37:30] [INFO] [246/787] [ALREADY CACHED] Luigi Martinelli | Princeton University -> luigi_martinelli.json
[2026-09-19 19:37:30] [INFO] [247/787] [ALREADY CACHED] Michael E. Mueller | Princeton University -> michael_e_mueller.json
[2026-09-19 19:37:30] [INFO] [248/787] [ALREADY CACHED] Clarence W. Rowley | Princeton University -> clarence_w_rowley.json
[2026-09-19 19:37:30] [INFO] [249/787] [ALREADY CACHED] Chung K. Law | Princeton University -> chung_k_law.json
[2026-09-19 19:37:30] [INFO] [250/787] [ALREADY CACHED] Edgar Y. Choueiri | Princeton University -> edgar_y_choueiri.json
[2026-09-19 19:37:30] [INFO] [251/787] [ALREADY CACHED] Yiguang Ju | Princeton University -> yiguang_ju.json
[2026-09-19 19:37:30] [INFO] [252/787] [ALREADY CACHED] Alison M. Ferris | Princeton University -> alison_m_ferris.json
[2026-09-19 19:37:30] [INFO] [253/787] [ALREADY CACHED] Aimy Wissa | Princeton University -> aimy_wissa.json
[2026-09-19 19:37:30] [INFO] [254/787] [ALREADY CACHED] Jonathan Poggie | Purdue University -> jonathan_poggie.json
[2026-09-19 19:37:30] [INFO] [255/787] [ALREADY CACHED] Steven P. Schneider | Purdue University -> steven_p_schneider.json
[2026-09-19 19:37:30] [INFO] [256/787] [ALREADY CACHED] Gregory A. Blaisdell | Purdue University -> gregory_a_blaisdell.json
[2026-09-19 19:37:30] [INFO] [257/787] [ALREADY CACHED] Carson D. Slabaugh | Purdue University -> carson_d_slabaugh.json
[2026-09-19 19:37:30] [INFO] [258/787] [ALREADY CACHED] Alina A. Alexeenko | Purdue University -> alina_a_alexeenko.json
[2026-09-19 19:37:30] [INFO] [259/787] [ALREADY CACHED] Sally P. M. Bane | Purdue University -> sally_p_m_bane.json
[2026-09-19 19:37:30] [INFO] [260/787] [ALREADY CACHED] Kazuki Maeda | Purdue University -> kazuki_maeda.json
[2026-09-19 19:37:30] [INFO] [261/787] [ALREADY CACHED] Alexey Shashurin | Purdue University -> alexey_shashurin.json
[2026-09-19 19:37:30] [INFO] [262/787] [ALREADY CACHED] Tom I-P. Shih | Purdue University -> tom_i_p_shih.json
[2026-09-19 19:37:30] [INFO] [263/787] [ALREADY CACHED] Timothée L. Pourpoint | Purdue University -> timoth_e_l_pourpoint.json
[2026-09-19 19:37:30] [INFO] [264/787] [ALREADY CACHED] Haifeng Wang | Purdue University -> haifeng_wang.json
[2026-09-19 19:37:30] [INFO] [265/787] [ALREADY CACHED] Robert P. Lucht | Purdue University -> robert_p_lucht.json
[2026-09-19 19:37:30] [INFO] [266/787] [ALREADY CACHED] Carlo Scalo | Purdue University -> carlo_scalo.json
[2026-09-19 19:37:30] [INFO] [267/787] [ALREADY CACHED] Guillermo Paniagua | Purdue University -> guillermo_paniagua.json
[2026-09-19 19:37:30] [INFO] [268/787] [ALREADY CACHED] Nicole L. Key | Purdue University -> nicole_l_key.json
[2026-09-19 19:37:30] [INFO] [269/787] [ALREADY CACHED] Arezoo M. Ardekani | Purdue University -> arezoo_m_ardekani.json
[2026-09-19 19:37:30] [INFO] [270/787] [ALREADY CACHED] Guang Lin | Purdue University -> guang_lin.json
[2026-09-19 19:37:30] [INFO] [271/787] [ALREADY CACHED] Michael Amitay | Rensselaer Polytechnic Institute -> michael_amitay.json
[2026-09-19 19:37:30] [INFO] [272/787] [ALREADY CACHED] Jason Hicken | Rensselaer Polytechnic Institute -> jason_hicken.json
[2026-09-19 19:37:30] [INFO] [273/787] [ALREADY CACHED] Ozgur Tumuklu | Rensselaer Polytechnic Institute -> ozgur_tumuklu.json
[2026-09-19 19:37:30] [INFO] [274/787] [ALREADY CACHED] Shaowu Pan | Rensselaer Polytechnic Institute -> shaowu_pan.json
[2026-09-19 19:37:30] [INFO] [275/787] [ALREADY CACHED] Lucy Zhang | Rensselaer Polytechnic Institute -> lucy_zhang.json
[2026-09-19 19:37:30] [INFO] [276/787] [ALREADY CACHED] Amir Hirsa | Rensselaer Polytechnic Institute -> amir_hirsa.json
[2026-09-19 19:37:30] [INFO] [277/787] [ALREADY CACHED] Tayfun E. Tezduyar | Rice University -> tayfun_e_tezduyar.json
[2026-09-19 19:37:30] [INFO] [278/787] [ALREADY CACHED] Matthias Heinkenschloss | Rice University -> matthias_heinkenschloss.json
[2026-09-19 19:37:30] [INFO] [279/787] [ALREADY CACHED] Daniel J. Preston | Rice University -> daniel_j_preston.json
[2026-09-19 19:37:30] [INFO] [280/787] [ALREADY CACHED] Pol D. Spanos | Rice University -> pol_d_spanos.json
[2026-09-19 19:37:30] [INFO] [281/787] [ALREADY CACHED] Lu Zhang | Rice University -> lu_zhang.json
[2026-09-19 19:37:30] [INFO] [282/787] [ALREADY CACHED] Onur Bilgen | Rutgers University-New Brunswick -> onur_bilgen.json
[2026-09-19 19:37:30] [INFO] [283/787] [ALREADY CACHED] German Drazer | Rutgers University-New Brunswick -> german_drazer.json
[2026-09-19 19:37:30] [INFO] [284/787] [ALREADY CACHED] Hao Lin | Rutgers University-New Brunswick -> hao_lin.json
[2026-09-19 19:37:30] [INFO] [285/787] [ALREADY CACHED] Prosenjit Bagchi | Rutgers University-New Brunswick -> prosenjit_bagchi.json
[2026-09-19 19:37:30] [INFO] [286/787] [ALREADY CACHED] Assimina A. Pelegri | Rutgers University-New Brunswick -> assimina_a_pelegri.json
[2026-09-19 19:37:30] [INFO] [287/787] [ALREADY CACHED] Laurent Burlion | Rutgers University-New Brunswick -> laurent_burlion.json
[2026-09-19 19:37:30] [INFO] [288/787] [ALREADY CACHED] Jingang Yi | Rutgers University-New Brunswick -> jingang_yi.json
[2026-09-19 19:37:30] [INFO] [289/787] [ALREADY CACHED] Liping Liu | Rutgers University-New Brunswick -> liping_liu.json
[2026-09-19 19:37:30] [INFO] [290/787] [ALREADY CACHED] Juan J. Alonso | Stanford University -> juan_j_alonso.json
[2026-09-19 19:37:30] [INFO] [291/787] [ALREADY CACHED] Eric Darve | Stanford University -> eric_darve.json
[2026-09-19 19:37:30] [INFO] [292/787] [ALREADY CACHED] Charbel Farhat | Stanford University -> charbel_farhat.json
[2026-09-19 19:37:30] [INFO] [293/787] [ALREADY CACHED] Gianluca Iaccarino | Stanford University -> gianluca_iaccarino.json
[2026-09-19 19:37:30] [INFO] [294/787] [ALREADY CACHED] Matthias Ihme | Stanford University -> matthias_ihme.json
[2026-09-19 19:37:30] [INFO] [295/787] [ALREADY CACHED] Sanjiva K. Lele | Stanford University -> sanjiva_k_lele.json
[2026-09-19 19:37:30] [INFO] [296/787] [ALREADY CACHED] Ali Mani | Stanford University -> ali_mani.json
[2026-09-19 19:37:30] [INFO] [297/787] [ALREADY CACHED] Beverley J. McKeon | Stanford University -> beverley_j_mckeon.json
[2026-09-19 19:37:30] [INFO] [298/787] [ALREADY CACHED] Parviz Moin | Stanford University -> parviz_moin.json
[2026-09-19 19:37:30] [INFO] [299/787] [ALREADY CACHED] Hai Wang | Stanford University -> hai_wang.json
[2026-09-19 19:37:30] [INFO] [300/787] [ALREADY CACHED] Thomas Cubaud | Stony Brook University (SUNY Stony Brook) -> thomas_cubaud.json
[2026-09-19 19:37:30] [INFO] [301/787] [ALREADY CACHED] Spencer Zimmerman | Stony Brook University (SUNY Stony Brook) -> spencer_zimmerman.json
[2026-09-19 19:37:30] [INFO] [302/787] [ALREADY CACHED] Dimitris Assanis | Stony Brook University (SUNY Stony Brook) -> dimitris_assanis.json
[2026-09-19 19:37:30] [INFO] [303/787] [ALREADY CACHED] Yiyang Sun | Syracuse University -> yiyang_sun.json
[2026-09-19 19:37:30] [INFO] [304/787] [ALREADY CACHED] Fernando Zigunov | Syracuse University -> fernando_zigunov.json
[2026-09-19 19:37:30] [INFO] [305/787] [ALREADY CACHED] Jeongmin Ahn | Syracuse University -> jeongmin_ahn.json
[2026-09-19 19:37:30] [INFO] [306/787] [ALREADY CACHED] Ben Akih-Kumgeh | Syracuse University -> ben_akih_kumgeh.json
[2026-09-19 19:37:30] [INFO] [307/787] [ALREADY CACHED] Yeqing Wang | Syracuse University -> yeqing_wang.json
[2026-09-19 19:37:30] [INFO] [308/787] [ALREADY CACHED] Amit K. Sanyal | Syracuse University -> amit_k_sanyal.json
[2026-09-19 19:37:30] [INFO] [309/787] [ALREADY CACHED] Bing Dong | Syracuse University -> bing_dong.json
[2026-09-19 19:37:30] [INFO] [310/787] [ALREADY CACHED] Kurosh Darvish | Temple University -> kurosh_darvish.json
[2026-09-19 19:37:30] [INFO] [311/787] [ALREADY CACHED] Parsaoran Hutapea | Temple University -> parsaoran_hutapea.json
[2026-09-19 19:37:30] [INFO] [312/787] [ALREADY CACHED] Haijun Liu | Temple University -> haijun_liu.json
[2026-09-19 19:37:30] [INFO] [313/787] [ALREADY CACHED] Mohammad F. Kiani | Temple University -> mohammad_f_kiani.json
[2026-09-19 19:37:30] [INFO] [314/787] [ALREADY CACHED] Philip Dames | Temple University -> philip_dames.json
[2026-09-19 19:37:30] [INFO] [315/787] [ALREADY CACHED] Damoon Soudbakhsh | Temple University -> damoon_soudbakhsh.json
[2026-09-19 19:37:30] [INFO] [316/787] [ALREADY CACHED] Rodney Bowersox | Texas A&M University-College Station -> rodney_bowersox.json
[2026-09-19 19:37:30] [INFO] [317/787] [ALREADY CACHED] Diego Donzis | Texas A&M University-College Station -> diego_donzis.json
[2026-09-19 19:37:30] [INFO] [318/787] [ALREADY CACHED] Sharath Girimaji | Texas A&M University-College Station -> sharath_girimaji.json
[2026-09-19 19:37:30] [INFO] [319/787] [ALREADY CACHED] Paul Cizmas | Texas A&M University-College Station -> paul_cizmas.json
[2026-09-19 19:37:30] [INFO] [320/787] [ALREADY CACHED] Ivett Leyva | Texas A&M University-College Station -> ivett_leyva.json
[2026-09-19 19:37:30] [INFO] [321/787] [ALREADY CACHED] Taher Schobeiri | Texas A&M University-College Station -> taher_schobeiri.json
[2026-09-19 19:37:30] [INFO] [322/787] [ALREADY CACHED] Lea-Der Chen | Texas A&M University-Corpus Christi -> lea_der_chen.json
[2026-09-19 19:37:30] [INFO] [323/787] [ALREADY CACHED] Jose Baca | Texas A&M University-Corpus Christi -> jose_baca.json
[2026-09-19 19:37:30] [INFO] [324/787] [ALREADY CACHED] Hua Zhang | Texas A&M University-Corpus Christi -> hua_zhang.json
[2026-09-19 19:37:30] [INFO] [325/787] [ALREADY CACHED] Dugan Um | Texas A&M University-Corpus Christi -> dugan_um.json
[2026-09-19 19:37:30] [INFO] [326/787] [ALREADY CACHED] Philippe Tissot | Texas A&M University-Corpus Christi -> philippe_tissot.json
[2026-09-19 19:37:30] [INFO] [327/787] [ALREADY CACHED] Selahattin Ozcelik | Texas A&M University-Kingsville -> selahattin_ozcelik.json
[2026-09-19 19:37:30] [INFO] [328/787] [ALREADY CACHED] Larry D. Peel | Texas A&M University-Kingsville -> larry_d_peel.json
[2026-09-19 19:37:30] [INFO] [329/787] [ALREADY CACHED] Hong Zhou | Texas A&M University-Kingsville -> hong_zhou.json
[2026-09-19 19:37:30] [INFO] [330/787] [ALREADY CACHED] Fazle Hussain | Texas Tech University -> fazle_hussain.json
[2026-09-19 19:37:30] [INFO] [331/787] [ALREADY CACHED] Siva Parameswaran | Texas Tech University -> siva_parameswaran.json
[2026-09-19 19:37:30] [INFO] [332/787] [ALREADY CACHED] Victor Maldonado | Texas Tech University -> victor_maldonado.json
[2026-09-19 19:37:30] [INFO] [333/787] [ALREADY CACHED] Sukalyan Bhattacharya | Texas Tech University -> sukalyan_bhattacharya.json
[2026-09-19 19:37:30] [INFO] [334/787] [ALREADY CACHED] Michelle L. Pantoya | Texas Tech University -> michelle_l_pantoya.json
[2026-09-19 19:37:30] [INFO] [335/787] [ALREADY CACHED] Song-Charng Kong | Texas Tech University -> song_charng_kong.json
[2026-09-19 19:37:30] [INFO] [336/787] [ALREADY CACHED] Dhawal Buaria | Texas Tech University -> dhawal_buaria.json
[2026-09-19 19:37:30] [INFO] [337/787] [ALREADY CACHED] Joseph F. Vignola | The Catholic University of America -> joseph_f_vignola.json
[2026-09-19 19:37:30] [INFO] [338/787] [ALREADY CACHED] Diego Turo | The Catholic University of America -> diego_turo.json
[2026-09-19 19:37:30] [INFO] [339/787] [ALREADY CACHED] Xiaolong Luo | The Catholic University of America -> xiaolong_luo.json
[2026-09-19 19:37:30] [INFO] [340/787] [ALREADY CACHED] John A. Judge | The Catholic University of America -> john_a_judge.json
[2026-09-19 19:37:30] [INFO] [341/787] [ALREADY CACHED] David B. Goldstein | The University of Texas at Austin -> david_b_goldstein.json
[2026-09-19 19:37:30] [INFO] [342/787] [ALREADY CACHED] Philip L. Varghese | The University of Texas at Austin -> philip_l_varghese.json
[2026-09-19 19:37:30] [INFO] [343/787] [ALREADY CACHED] Fabrizio Bisetti | The University of Texas at Austin -> fabrizio_bisetti.json
[2026-09-19 19:37:30] [INFO] [344/787] [ALREADY CACHED] Karen Willcox | The University of Texas at Austin -> karen_willcox.json
[2026-09-19 19:37:30] [INFO] [345/787] [ALREADY CACHED] Clint N. Dawson | The University of Texas at Austin -> clint_n_dawson.json
[2026-09-19 19:37:30] [INFO] [346/787] [ALREADY CACHED] Tan Bui-Thanh | The University of Texas at Austin -> tan_bui_thanh.json
[2026-09-19 19:37:30] [INFO] [347/787] [ALREADY CACHED] Robert D. Moser | The University of Texas at Austin -> robert_d_moser.json
[2026-09-19 19:37:30] [INFO] [348/787] [ALREADY CACHED] George Biros | The University of Texas at Austin -> george_biros.json
[2026-09-19 19:37:30] [INFO] [349/787] [ALREADY CACHED] Omar Ghattas | The University of Texas at Austin -> omar_ghattas.json
[2026-09-19 19:37:30] [INFO] [350/787] [ALREADY CACHED] Jeffrey S. Guasto | Tufts University -> jeffrey_s_guasto.json
[2026-09-19 19:37:30] [INFO] [351/787] [ALREADY CACHED] Chris Rogers | Tufts University -> chris_rogers.json
[2026-09-19 19:37:30] [INFO] [352/787] [ALREADY CACHED] Jason Rife | Tufts University -> jason_rife.json
[2026-09-19 19:37:30] [INFO] [353/787] [ALREADY CACHED] Igor Sokolov | Tufts University -> igor_sokolov.json
[2026-09-19 19:37:30] [INFO] [354/787] [ALREADY CACHED] Deborah Ann Sunter | Tufts University -> deborah_ann_sunter.json
[2026-09-19 19:37:30] [INFO] [355/787] [ALREADY CACHED] Ryan T. Glasser | Tulane University -> ryan_t_glasser.json
[2026-09-19 19:37:30] [INFO] [356/787] [ALREADY CACHED] Francine Battaglia | University at Buffalo (SUNY Buffalo) -> francine_battaglia.json
[2026-09-19 19:37:30] [INFO] [357/787] [ALREADY CACHED] David Salac | University at Buffalo (SUNY Buffalo) -> david_salac.json
[2026-09-19 19:37:30] [INFO] [358/787] [ALREADY CACHED] Hui Meng | University at Buffalo (SUNY Buffalo) -> hui_meng.json
[2026-09-19 19:37:30] [INFO] [359/787] [ALREADY CACHED] Sangwoo Shin | University at Buffalo (SUNY Buffalo) -> sangwoo_shin.json
[2026-09-19 19:37:30] [INFO] [360/787] [ALREADY CACHED] Pasquale Cinnella | University of Alabama at Birmingham -> pasquale_cinnella.json
[2026-09-19 19:37:30] [INFO] [361/787] [ALREADY CACHED] Roy Koomullil | University of Alabama at Birmingham -> roy_koomullil.json
[2026-09-19 19:37:30] [INFO] [362/787] [ALREADY CACHED] David R. McDaniel | University of Alabama at Birmingham -> david_r_mcdaniel.json
[2026-09-19 19:37:30] [INFO] [363/787] [ALREADY CACHED] Robert Nichols | University of Alabama at Birmingham -> robert_nichols.json
[2026-09-19 19:37:30] [INFO] [364/787] [ALREADY CACHED] Jason T. Cassibry | University of Alabama in Huntsville -> jason_t_cassibry.json
[2026-09-19 19:37:30] [INFO] [365/787] [ALREADY CACHED] Kunning G. Xu | University of Alabama in Huntsville -> kunning_g_xu.json
[2026-09-19 19:37:30] [INFO] [366/787] [ALREADY CACHED] John Bennewitz | University of Alabama in Huntsville -> john_bennewitz.json
[2026-09-19 19:37:30] [INFO] [367/787] [ALREADY CACHED] Kader Frendi | University of Alabama in Huntsville -> kader_frendi.json
[2026-09-19 19:37:30] [INFO] [368/787] [ALREADY CACHED] Babak Shotorban | University of Alabama in Huntsville -> babak_shotorban.json
[2026-09-19 19:37:30] [INFO] [369/787] [ALREADY CACHED] Sarma L. Rani | University of Alabama in Huntsville -> sarma_l_rani.json
[2026-09-19 19:37:30] [INFO] [370/787] [ALREADY CACHED] John Panickacheril John | University of Alabama-Tuscaloosa -> john_panickacheril_john.json
[2026-09-19 19:37:30] [INFO] [371/787] [ALREADY CACHED] Jinwei Shen | University of Alabama-Tuscaloosa -> jinwei_shen.json
[2026-09-19 19:37:30] [INFO] [372/787] [ALREADY CACHED] Weihua Su | University of Alabama-Tuscaloosa -> weihua_su.json
[2026-09-19 19:37:30] [INFO] [373/787] [ALREADY CACHED] Redha Wahidi | University of Alabama-Tuscaloosa -> redha_wahidi.json
[2026-09-19 19:37:30] [INFO] [374/787] [ALREADY CACHED] C. Taber Wanstall | University of Alabama-Tuscaloosa -> c_taber_wanstall.json
[2026-09-19 19:37:30] [INFO] [375/787] [ALREADY CACHED] Ajay K. Agrawal | University of Alabama-Tuscaloosa -> ajay_k_agrawal.json
[2026-09-19 19:37:30] [INFO] [376/787] [ALREADY CACHED] Kalyan Kumar Srinivasan | University of Alabama-Tuscaloosa -> kalyan_kumar_srinivasan.json
[2026-09-19 19:37:30] [INFO] [377/787] [ALREADY CACHED] Alexey N. Volkov | University of Alabama-Tuscaloosa -> alexey_n_volkov.json
[2026-09-19 19:37:30] [INFO] [378/787] [ALREADY CACHED] Bhupendra Khandelwal | University of Alabama-Tuscaloosa -> bhupendra_khandelwal.json
[2026-09-19 19:37:30] [INFO] [379/787] [ALREADY CACHED] Sundar Rajan Krishnan | University of Alabama-Tuscaloosa -> sundar_rajan_krishnan.json
[2026-09-19 19:37:30] [INFO] [380/787] [ALREADY CACHED] Farzad Mashayek | University of Arizona -> farzad_mashayek.json
[2026-09-19 19:37:30] [INFO] [381/787] [ALREADY CACHED] Stuart A. Craig | University of Arizona -> stuart_a_craig.json
[2026-09-19 19:37:30] [INFO] [382/787] [ALREADY CACHED] Bernard Parent | University of Arizona -> bernard_parent.json
[2026-09-19 19:37:30] [INFO] [383/787] [ALREADY CACHED] James Threadgill | University of Arizona -> james_threadgill.json
[2026-09-19 19:37:30] [INFO] [384/787] [ALREADY CACHED] Sergey Shkarayev | University of Arizona -> sergey_shkarayev.json
[2026-09-19 19:37:30] [INFO] [385/787] [ALREADY CACHED] Kyle Hanquist | University of Arizona -> kyle_hanquist.json
[2026-09-19 19:37:30] [INFO] [386/787] [ALREADY CACHED] Keith Walters | University of Arkansas -> keith_walters.json
[2026-09-19 19:37:30] [INFO] [387/787] [ALREADY CACHED] Min Zou | University of Arkansas -> min_zou.json
[2026-09-19 19:37:30] [INFO] [388/787] [ALREADY CACHED] David Jensen | University of Arkansas -> david_jensen.json
[2026-09-19 19:37:30] [INFO] [389/787] [ALREADY CACHED] Yuanhang Zhu | University of California, Riverside -> yuanhang_zhu.json
[2026-09-19 19:37:30] [INFO] [390/787] [ALREADY CACHED] Marko Princevac | University of California, Riverside -> marko_princevac.json
[2026-09-19 19:37:30] [INFO] [391/787] [ALREADY CACHED] Bhargav Rallabandi | University of California, Riverside -> bhargav_rallabandi.json
[2026-09-19 19:37:30] [INFO] [392/787] [ALREADY CACHED] Akula Venkatram | University of California, Riverside -> akula_venkatram.json
[2026-09-19 19:37:30] [INFO] [393/787] [ALREADY CACHED] Michael R. Zachariah | University of California, Riverside -> michael_r_zachariah.json
[2026-09-19 19:37:30] [INFO] [394/787] [ALREADY CACHED] Georgios Karavalakis | University of California, Riverside -> georgios_karavalakis.json
[2026-09-19 19:37:30] [INFO] [395/787] [ALREADY CACHED] Christopher A. Edwards | University of California, Santa Cruz -> christopher_a_edwards.json
[2026-09-19 19:37:30] [INFO] [396/787] [ALREADY CACHED] Jerome Fiechter | University of California, Santa Cruz -> jerome_fiechter.json
[2026-09-19 19:37:30] [INFO] [397/787] [ALREADY CACHED] Alexis Kaminski | University of California-Berkeley -> alexis_kaminski.json
[2026-09-19 19:37:30] [INFO] [398/787] [ALREADY CACHED] Shawn C. Shadden | University of California-Berkeley -> shawn_c_shadden.json
[2026-09-19 19:37:30] [INFO] [399/787] [ALREADY CACHED] Michael J. Gollner | University of California-Berkeley -> michael_j_gollner.json
[2026-09-19 19:37:30] [INFO] [400/787] [ALREADY CACHED] Negar Mehr | University of California-Berkeley -> negar_mehr.json
[2026-09-19 19:40:38] [INFO] [401/787] ( 51.0%) [SAVED] Jiarong Hong              | University of Minnesota-T | Works: 299, Cites:  5768, h-index: 43 | Speed: 2.1 profs/s | ETA: 3.0m
[2026-09-19 19:40:39] [INFO] [402/787] ( 51.1%) [SAVED] Suo Yang                  | University of Minnesota-T | Works: 268, Cites:  2130, h-index: 20 | Speed: 2.1 profs/s | ETA: 3.0m
[2026-09-19 19:40:40] [INFO] [403/787] ( 51.2%) [SAVED] Sean Garrick              | University of Minnesota-T | Works:  20, Cites:    63, h-index:  4 | Speed: 2.1 profs/s | ETA: 3.0m
[2026-09-19 19:40:41] [INFO] [404/787] ( 51.3%) [SAVED] Xiaopeng Zhao             | University of Mississippi | Works: 424, Cites:  9548, h-index: 51 | Speed: 2.1 profs/s | ETA: 3.0m
[2026-09-19 19:40:41] [INFO] [405/787] ( 51.5%) [SAVED] Farhad Farzbod            | University of Mississippi | Works:  38, Cites:   343, h-index:  8 | Speed: 2.1 profs/s | ETA: 3.0m
[2026-09-19 19:40:42] [INFO] [406/787] ( 51.6%) [SAVED] Roseanna N. Zia           | University of Missouri-Co | Works: 112, Cites:  1581, h-index: 20 | Speed: 2.1 profs/s | ETA: 3.0m
[2026-09-19 19:40:43] [INFO] [407/787] ( 51.7%) [SAVED] Travis R. Sippel          | University of Missouri-Co | Works:  51, Cites:  1555, h-index: 19 | Speed: 2.1 profs/s | ETA: 3.0m
[2026-09-19 19:40:45] [INFO] [408/787] ( 51.8%) [SAVED] Amirfarhang Mehdizadeh    | University of Missouri-Ka | Works:  63, Cites:   872, h-index: 15 | Speed: 2.1 profs/s | ETA: 3.0m
[2026-09-19 19:40:45] [INFO] [409/787] ( 52.0%) [SAVED] Zahra Niroobakhsh         | University of Missouri-Ka | Works:  22, Cites:   165, h-index:  7 | Speed: 2.1 profs/s | ETA: 3.0m
[2026-09-19 19:40:45] [INFO] [410/787] ( 52.1%) [SAVED] Travis Fields             | University of Missouri-Ka | Works:  57, Cites:   274, h-index:  8 | Speed: 2.1 profs/s | ETA: 3.0m
[2026-09-19 19:40:47] [INFO] [411/787] ( 52.2%) [SAVED] ZhiQiang Chen             | University of Missouri-Ka | Works: 258, Cites:  4695, h-index: 30 | Speed: 2.1 profs/s | ETA: 3.0m
[2026-09-19 19:40:48] [INFO] [412/787] ( 52.4%) [SAVED] George Gogos              | University of Nebraska-Li | Works: 154, Cites:  2325, h-index: 27 | Speed: 2.1 profs/s | ETA: 3.0m
[2026-09-19 19:40:48] [INFO] [413/787] ( 52.5%) [SAVED] Piyush Grover             | University of Nebraska-Li | Works:  63, Cites:   577, h-index: 11 | Speed: 2.1 profs/s | ETA: 3.0m
[2026-09-19 19:40:49] [INFO] [414/787] ( 52.6%) [SAVED] Asaf Dana                 | University of Nebraska-Li | Works:  22, Cites:   206, h-index:  7 | Speed: 2.1 profs/s | ETA: 3.0m
[2026-09-19 19:40:50] [INFO] [415/787] ( 52.7%) [SAVED] Aditya G. Nair            | University of Nevada, Ren | Works:  70, Cites:   605, h-index: 11 | Speed: 2.1 profs/s | ETA: 3.0m
[2026-09-19 19:40:52] [INFO] [416/787] ( 52.9%) [SAVED] Matteo Aureli             | University of Nevada, Ren | Works:  69, Cites:  1840, h-index: 22 | Speed: 2.1 profs/s | ETA: 3.0m
[2026-09-19 19:40:52] [INFO] [417/787] ( 53.0%) [SAVED] Floris van Breugel        | University of Nevada, Ren | Works:  79, Cites:  1853, h-index: 18 | Speed: 2.1 profs/s | ETA: 3.0m
[2026-09-19 19:40:52] [INFO] [418/787] ( 53.1%) [SAVED] Hoang-Vu Phan             | University of Nevada, Ren | Works:  65, Cites:  1862, h-index: 25 | Speed: 2.1 profs/s | ETA: 3.0m
[2026-09-19 19:40:53] [INFO] [419/787] ( 53.2%) [SAVED] James Hanna               | University of Nevada, Ren | Works:  93, Cites:  1789, h-index: 16 | Speed: 2.1 profs/s | ETA: 3.0m
[2026-09-19 19:40:55] [INFO] [420/787] ( 53.4%) [SAVED] Christopher M. White      | University of New Hampshi | Works: 165, Cites:  6389, h-index: 30 | Speed: 2.0 profs/s | ETA: 3.0m
[2026-09-19 19:40:55] [INFO] [421/787] ( 53.5%) [SAVED] Tracy Mandel              | University of New Hampshi | Works:  27, Cites:    74, h-index:  5 | Speed: 2.0 profs/s | ETA: 3.0m
[2026-09-19 19:40:56] [INFO] [422/787] ( 53.6%) [SAVED] Martin Wosnik             | University of New Hampshi | Works: 1128, Cites:  1677, h-index: 19 | Speed: 2.0 profs/s | ETA: 3.0m
[2026-09-19 19:40:57] [INFO] [423/787] ( 53.7%) [SAVED] Nathan Laxague            | University of New Hampshi | Works:  70, Cites:  1518, h-index: 20 | Speed: 2.0 profs/s | ETA: 3.0m
[2026-09-19 19:40:57] [INFO] [424/787] ( 53.9%) [SAVED] Peter Vorobieff           | University of New Mexico  | Works:   3, Cites:     0, h-index:  0 | Speed: 2.0 profs/s | ETA: 3.0m
[2026-09-19 19:40:58] [INFO] [425/787] ( 54.0%) [SAVED] Svetlana Poroseva         | University of New Mexico  | Works: 129, Cites:   903, h-index: 12 | Speed: 2.0 profs/s | ETA: 3.0m
[2026-09-19 19:40:59] [INFO] [426/787] ( 54.1%) [SAVED] Claus Danielson           | University of New Mexico  | Works: 104, Cites:   933, h-index: 19 | Speed: 2.0 profs/s | ETA: 3.0m
[2026-09-19 19:41:00] [INFO] [427/787] ( 54.3%) [SAVED] Wenbin Wan                | University of New Mexico  | Works:  42, Cites:   130, h-index:  6 | Speed: 2.0 profs/s | ETA: 3.0m
[2026-09-19 19:41:01] [INFO] [428/787] ( 54.4%) [SAVED] Mesbah Uddin              | University of North Carol | Works: 105, Cites:  1102, h-index: 17 | Speed: 2.0 profs/s | ETA: 3.0m
[2026-09-19 19:41:02] [INFO] [429/787] ( 54.5%) [SAVED] Praveen Ramaprabhu        | University of North Carol | Works: 134, Cites:  2477, h-index: 23 | Speed: 2.0 profs/s | ETA: 3.0m
[2026-09-19 19:41:03] [INFO] [430/787] ( 54.6%) [SAVED] Russell Keanini           | University of North Carol | Works: 102, Cites:  1067, h-index: 17 | Speed: 2.0 profs/s | ETA: 3.0m
[2026-09-19 19:41:04] [INFO] [431/787] ( 54.8%) [SAVED] Amirhossein Ghasemi       | University of North Carol | Works:  58, Cites:   512, h-index: 11 | Speed: 2.0 profs/s | ETA: 3.0m
[2026-09-19 19:41:04] [INFO] [432/787] ( 54.9%) [SAVED] Carson Running            | University of North Dakot | Works:  31, Cites:   324, h-index: 11 | Speed: 2.0 profs/s | ETA: 2.9m
[2026-09-19 19:41:06] [INFO] [433/787] ( 55.0%) [SAVED] Chonglin Zhang            | University of North Dakot | Works:  57, Cites:  1039, h-index: 16 | Speed: 2.0 profs/s | ETA: 2.9m
[2026-09-19 19:41:06] [INFO] [434/787] ( 55.1%) [SAVED] William Semke             | University of North Dakot | Works:  95, Cites:   632, h-index: 11 | Speed: 2.0 profs/s | ETA: 2.9m
[2026-09-19 19:41:07] [INFO] [435/787] ( 55.3%) [SAVED] Hamid Sadat               | University of North Texas | Works:  33, Cites:  1049, h-index: 16 | Speed: 2.0 profs/s | ETA: 2.9m
[2026-09-19 19:41:07] [INFO] [436/787] ( 55.4%) [SAVED] Pablo de León             | University of North Dakot | Works:  60, Cites:   416, h-index: 11 | Speed: 2.0 profs/s | ETA: 2.9m
[2026-09-19 19:41:09] [INFO] [437/787] ( 55.5%) [SAVED] Maurizio Manzo            | University of North Texas | Works:  70, Cites:   570, h-index: 13 | Speed: 2.0 profs/s | ETA: 2.9m
[2026-09-19 19:41:10] [INFO] [438/787] ( 55.7%) [SAVED] Thomas Corke              | University of Notre Dame  | Works: 415, Cites: 12179, h-index: 52 | Speed: 2.0 profs/s | ETA: 2.9m
[2026-09-19 19:41:11] [INFO] [439/787] ( 55.8%) [SAVED] Thomas Juliano            | University of Notre Dame  | Works: 124, Cites:  2018, h-index: 26 | Speed: 2.0 profs/s | ETA: 2.9m
[2026-09-19 19:41:12] [INFO] [440/787] ( 55.9%) [SAVED] Scott Morris              | University of Notre Dame  | Works: 304, Cites: 26259, h-index: 31 | Speed: 2.0 profs/s | ETA: 2.9m
[2026-09-19 19:41:13] [INFO] [441/787] ( 56.0%) [SAVED] Stanislav Gordeyev        | University of Notre Dame  | Works: 240, Cites:  5597, h-index: 30 | Speed: 2.0 profs/s | ETA: 2.9m
[2026-09-19 19:41:13] [INFO] [442/787] ( 56.2%) [SAVED] Meng Wang                 | University of Notre Dame  | Works: 1467, Cites: 45588, h-index: 108 | Speed: 2.0 profs/s | ETA: 2.9m
[2026-09-19 19:41:14] [INFO] [443/787] ( 56.3%) [SAVED] Hirotaka Sakaue           | University of Notre Dame  | Works: 268, Cites:  2370, h-index: 23 | Speed: 2.0 profs/s | ETA: 2.9m
[2026-09-19 19:41:15] [INFO] [444/787] ( 56.4%) [SAVED] Joseph M. Powers          | University of Notre Dame  | Works: 164, Cites:  3238, h-index: 24 | Speed: 2.0 profs/s | ETA: 2.9m
[2026-09-19 19:41:15] [INFO] [445/787] ( 56.5%) [SAVED] Dasha Gloutak             | University of Notre Dame  | Works:   1, Cites:     0, h-index:  0 | Speed: 2.0 profs/s | ETA: 2.9m
[2026-09-19 19:41:17] [INFO] [446/787] ( 56.7%) [SAVED] Shivam Barwey             | University of Notre Dame  | Works:  42, Cites:   394, h-index: 11 | Speed: 2.0 profs/s | ETA: 2.9m
[2026-09-19 19:41:18] [INFO] [447/787] ( 56.8%) [SAVED] David Richter             | University of Notre Dame  | Works: 252, Cites:  3370, h-index: 32 | Speed: 2.0 profs/s | ETA: 2.9m
[2026-09-19 19:41:18] [INFO] [448/787] ( 56.9%) [SAVED] Ramkumar N. Parthasarathy | University of Oklahoma    | Works: 111, Cites:   971, h-index: 16 | Speed: 2.0 profs/s | ETA: 2.9m
[2026-09-19 19:41:19] [INFO] [449/787] ( 57.1%) [SAVED] Yingtao Liu               | University of Oklahoma    | Works: 303, Cites:  5051, h-index: 36 | Speed: 2.0 profs/s | ETA: 2.9m
[2026-09-19 19:41:20] [INFO] [450/787] ( 57.2%) [SAVED] Mrinal Saha               | University of Oklahoma    | Works: 137, Cites:  2768, h-index: 29 | Speed: 1.9 profs/s | ETA: 2.9m
[2026-09-19 19:41:21] [INFO] [451/787] ( 57.3%) [SAVED] Srikanth Bashetty         | University of Oklahoma    | Works:  18, Cites:   226, h-index:  6 | Speed: 1.9 profs/s | ETA: 2.9m
[2026-09-19 19:41:22] [INFO] [452/787] ( 57.4%) [SAVED] Diogo Merguizo Sanchez    | University of Oklahoma    | Works:  75, Cites:   283, h-index: 10 | Speed: 1.9 profs/s | ETA: 2.9m
[2026-09-19 19:41:23] [INFO] [453/787] ( 57.6%) [SAVED] Paulo E. Arratia          | University of Pennsylvani | Works: 276, Cites:  5991, h-index: 45 | Speed: 1.9 profs/s | ETA: 2.9m
[2026-09-19 19:41:24] [INFO] [454/787] ( 57.7%) [SAVED] Igor Bargatin             | University of Pennsylvani | Works:  89, Cites:  2613, h-index: 23 | Speed: 1.9 profs/s | ETA: 2.9m
[2026-09-19 19:41:25] [INFO] [455/787] ( 57.8%) [SAVED] Prashant K. Purohit       | University of Pennsylvani | Works: 206, Cites:  5343, h-index: 31 | Speed: 1.9 profs/s | ETA: 2.9m
[2026-09-19 19:41:26] [INFO] [456/787] ( 57.9%) [SAVED] Cynthia Sung              | University of Pennsylvani | Works: 101, Cites:  2308, h-index: 24 | Speed: 1.9 profs/s | ETA: 2.9m
[2026-09-19 19:41:27] [INFO] [457/787] ( 58.1%) [SAVED] Douglas J. Durian         | University of Pennsylvani | Works: 353, Cites: 11463, h-index: 58 | Speed: 1.9 profs/s | ETA: 2.9m
[2026-09-19 19:41:27] [INFO] [458/787] ( 58.2%) [SAVED] Peyman Givi               | University of Pittsburgh  | Works: 217, Cites:  4169, h-index: 31 | Speed: 1.9 profs/s | ETA: 2.9m
[2026-09-19 19:41:28] [INFO] [459/787] ( 58.3%) [SAVED] Inanc Senocak             | University of Pittsburgh  | Works: 116, Cites:  2377, h-index: 22 | Speed: 1.9 profs/s | ETA: 2.8m
[2026-09-19 19:41:30] [INFO] [460/787] ( 58.4%) [SAVED] Hessam Babaee             | University of Pittsburgh  | Works: 106, Cites:  1091, h-index: 18 | Speed: 1.9 profs/s | ETA: 2.9m
[2026-09-19 19:41:30] [INFO] [461/787] ( 58.6%) [SAVED] Jason Dahl                | University of Rhode Islan | Works:  71, Cites:  1406, h-index: 16 | Speed: 1.9 profs/s | ETA: 2.8m
[2026-09-19 19:41:31] [INFO] [462/787] ( 58.7%) [SAVED] Juan Jose Mendoza-Arenas  | University of Pittsburgh  | Works:  42, Cites:   449, h-index: 11 | Speed: 1.9 profs/s | ETA: 2.8m
[2026-09-19 19:41:32] [INFO] [463/787] ( 58.8%) [SAVED] Stéphan Grilli            | University of Rhode Islan | Works: 298, Cites:  9708, h-index: 45 | Speed: 1.9 profs/s | ETA: 2.8m
[2026-09-19 19:41:33] [INFO] [464/787] ( 59.0%) [SAVED] M. Reza Hashemi           | University of Rhode Islan | Works: 122, Cites:  3411, h-index: 29 | Speed: 1.9 profs/s | ETA: 2.8m
[2026-09-19 19:41:33] [INFO] [465/787] ( 59.1%) [SAVED] Stephen Licht             | University of Rhode Islan | Works:  33, Cites:  1834, h-index: 15 | Speed: 1.9 profs/s | ETA: 2.8m
[2026-09-19 19:41:35] [INFO] [466/787] ( 59.2%) [SAVED] Lora Van Uffelen          | University of Rhode Islan | Works:  57, Cites:   415, h-index: 11 | Speed: 1.9 profs/s | ETA: 2.8m
[2026-09-19 19:41:36] [INFO] [467/787] ( 59.3%) [SAVED] Vahid Jahangiri           | University of Rhode Islan | Works:  29, Cites:  1103, h-index: 16 | Speed: 1.9 profs/s | ETA: 2.8m
[2026-09-19 19:41:36] [INFO] [468/787] ( 59.5%) [SAVED] Arun Shukla               | University of Rhode Islan | Works: 334, Cites:  7652, h-index: 45 | Speed: 1.9 profs/s | ETA: 2.8m
[2026-09-19 19:41:37] [INFO] [469/787] ( 59.6%) [SAVED] David Chelidze            | University of Rhode Islan | Works: 126, Cites:  1405, h-index: 17 | Speed: 1.9 profs/s | ETA: 2.8m
[2026-09-19 19:41:38] [INFO] [470/787] ( 59.7%) [SAVED] Hussein Aluie             | University of Rochester   | Works: 138, Cites:  1826, h-index: 24 | Speed: 1.9 profs/s | ETA: 2.8m
[2026-09-19 19:41:40] [INFO] [471/787] ( 59.8%) [SAVED] Riccardo Betti            | University of Rochester   | Works: 652, Cites: 19237, h-index: 74 | Speed: 1.9 profs/s | ETA: 2.8m
[2026-09-19 19:41:40] [INFO] [472/787] ( 60.0%) [SAVED] Douglas H. Kelley         | University of Rochester   | Works: 196, Cites:  5404, h-index: 34 | Speed: 1.9 profs/s | ETA: 2.8m
[2026-09-19 19:41:41] [INFO] [473/787] ( 60.1%) [SAVED] Jessica Shang             | University of Rochester   | Works:  90, Cites:  1040, h-index: 17 | Speed: 1.9 profs/s | ETA: 2.8m
[2026-09-19 19:41:53] [INFO] [474/787] ( 60.2%) [SAVED] Sean P. Regan             | University of Rochester   | Works:   1, Cites:    10, h-index:  1 | Speed: 1.8 profs/s | ETA: 2.9m
[2026-09-19 19:41:53] [INFO] [475/787] ( 60.4%) [SAVED] Adam B. Sefkow            | University of Rochester   | Works: 241, Cites:  4339, h-index: 32 | Speed: 1.8 profs/s | ETA: 2.9m
[2026-09-19 19:41:54] [INFO] [476/787] ( 60.5%) [SAVED] Danae N. Polsin           | University of Rochester   | Works:  87, Cites:   686, h-index: 14 | Speed: 1.8 profs/s | ETA: 2.9m
[2026-09-19 19:41:54] [INFO] [477/787] ( 60.6%) [SAVED] Varchas Gopalaswamy       | University of Rochester   | Works:  95, Cites:   728, h-index: 17 | Speed: 1.8 profs/s | ETA: 2.9m
[2026-09-19 19:41:56] [INFO] [478/787] ( 60.7%) [SAVED] Tanvir I. Farouk          | University of South Carol | Works: 131, Cites:  2527, h-index: 27 | Speed: 1.8 profs/s | ETA: 2.9m
[2026-09-19 19:41:56] [INFO] [479/787] ( 60.9%) [SAVED] Jamil Khan                | University of South Carol | Works: 242, Cites:  5429, h-index: 40 | Speed: 1.8 profs/s | ETA: 2.9m
[2026-09-19 19:41:57] [INFO] [480/787] ( 61.0%) [SAVED] Sang Hee Won              | University of South Carol | Works: 126, Cites:  4651, h-index: 32 | Speed: 1.8 profs/s | ETA: 2.9m
[2026-09-19 19:41:58] [INFO] [481/787] ( 61.1%) [SAVED] Guiren Wang               | University of South Carol | Works: 111, Cites:  1295, h-index: 19 | Speed: 1.8 profs/s | ETA: 2.8m
[2026-09-19 19:42:00] [INFO] [482/787] ( 61.2%) [SAVED] Jasim Imran               | University of South Carol | Works: 132, Cites:  3844, h-index: 35 | Speed: 1.8 profs/s | ETA: 2.9m
[2026-09-19 19:42:00] [INFO] [483/787] ( 61.4%) [SAVED] Lingyu Yu                 | University of South Carol | Works: 159, Cites:  3151, h-index: 30 | Speed: 1.8 profs/s | ETA: 2.8m
[2026-09-19 19:42:01] [INFO] [484/787] ( 61.5%) [SAVED] Austin Downey             | University of South Carol | Works: 221, Cites:  2753, h-index: 26 | Speed: 1.8 profs/s | ETA: 2.8m
[2026-09-19 19:42:01] [INFO] [485/787] ( 61.6%) [SAVED] Ahmad Vasel-Be-Hagh       | University of South Flori | Works:  58, Cites:  1173, h-index: 17 | Speed: 1.8 profs/s | ETA: 2.8m
[2026-09-19 19:42:01] [INFO] [486/787] ( 61.8%) [SAVED] Anshuman Pandey           | University of South Flori | Works:   1, Cites:     0, h-index:  0 | Speed: 1.8 profs/s | ETA: 2.8m
[2026-09-19 19:42:03] [INFO] [487/787] ( 61.9%) [SAVED] Sonya Tiomkin             | University of South Flori | Works:  11, Cites:   142, h-index:  5 | Speed: 1.8 profs/s | ETA: 2.8m
[2026-09-19 19:42:04] [INFO] [488/787] ( 62.0%) [SAVED] Jeongwon Kim              | University of South Flori | Works:  12, Cites:    60, h-index:  4 | Speed: 1.8 profs/s | ETA: 2.8m
[2026-09-19 19:42:05] [INFO] [489/787] ( 62.1%) [SAVED] Andrea D'Ambrosio         | University of South Flori | Works:   1, Cites:     1, h-index:  1 | Speed: 1.8 profs/s | ETA: 2.8m
[2026-09-19 19:42:05] [INFO] [490/787] ( 62.3%) [SAVED] Wenbin Mao                | University of South Flori | Works:  84, Cites:  1816, h-index: 22 | Speed: 1.8 profs/s | ETA: 2.8m
[2026-09-19 19:42:06] [INFO] [491/787] ( 62.4%) [SAVED] David Murphy              | University of South Flori | Works: 868, Cites: 10550, h-index: 55 | Speed: 1.8 profs/s | ETA: 2.8m
[2026-09-19 19:42:07] [INFO] [492/787] ( 62.5%) [SAVED] Tansel Yucelen            | University of South Flori | Works: 410, Cites:  4865, h-index: 31 | Speed: 1.8 profs/s | ETA: 2.8m
[2026-09-19 19:42:08] [INFO] [493/787] ( 62.6%) [SAVED] Assad A. Oberai           | University of Southern Ca | Works: 314, Cites:  6302, h-index: 40 | Speed: 1.8 profs/s | ETA: 2.8m
[2026-09-19 19:42:08] [INFO] [494/787] ( 62.8%) [SAVED] Ivan Bermejo-Moreno       | University of Southern Ca | Works:  64, Cites:  1468, h-index: 13 | Speed: 1.8 profs/s | ETA: 2.8m
[2026-09-19 19:42:10] [INFO] [495/787] ( 62.9%) [SAVED] Mitul Luhar               | University of Southern Ca | Works: 117, Cites:  2576, h-index: 20 | Speed: 1.8 profs/s | ETA: 2.8m
[2026-09-19 19:42:11] [INFO] [496/787] ( 63.0%) [SAVED] Eva Kanso                 | University of Southern Ca | Works: 256, Cites:  3558, h-index: 33 | Speed: 1.8 profs/s | ETA: 2.8m
[2026-09-19 19:42:11] [INFO] [497/787] ( 63.2%) [SAVED] Geoffrey R. Spedding      | University of Southern Ca | Works: 160, Cites:  4913, h-index: 39 | Speed: 1.8 profs/s | ETA: 2.7m
[2026-09-19 19:42:12] [INFO] [498/787] ( 63.3%) [SAVED] Fokion N. Egolfopoulos    | University of Southern Ca | Works: 211, Cites: 13184, h-index: 58 | Speed: 1.8 profs/s | ETA: 2.7m
[2026-09-19 19:42:13] [INFO] [499/787] ( 63.4%) [SAVED] Paul D. Ronney            | University of Southern Ca | Works: 197, Cites:  6235, h-index: 39 | Speed: 1.8 profs/s | ETA: 2.7m
[2026-09-19 19:42:14] [INFO] [500/787] ( 63.5%) [SAVED] Julian A. Domaradzki      | University of Southern Ca | Works: 145, Cites:  3711, h-index: 34 | Speed: 1.8 profs/s | ETA: 2.7m
[2026-09-19 19:42:14] [INFO] [501/787] ( 63.7%) [SAVED] Carlos Pantano-Rubino     | University of Southern Ca | Works: 178, Cites:  3186, h-index: 27 | Speed: 1.8 profs/s | ETA: 2.7m
[2026-09-19 19:42:16] [INFO] [502/787] ( 63.8%) [SAVED] Mihailo R. Jovanovic      | University of Southern Ca | Works: 318, Cites:  6778, h-index: 37 | Speed: 1.8 profs/s | ETA: 2.7m
[2026-09-19 19:42:17] [INFO] [503/787] ( 63.9%) [SAVED] Niema M. Pahlevan         | University of Southern Ca | Works: 163, Cites:  1075, h-index: 19 | Speed: 1.7 profs/s | ETA: 2.7m
[2026-09-19 19:42:17] [INFO] [504/787] ( 64.0%) [SAVED] Joseph Jiong Wang         | University of Southern Ca | Works:   1, Cites:    12, h-index:  1 | Speed: 1.7 profs/s | ETA: 2.7m
[2026-09-19 19:42:18] [INFO] [505/787] ( 64.2%) [SAVED] Roger Ghanem              | University of Southern Ca | Works: 408, Cites: 20493, h-index: 63 | Speed: 1.7 profs/s | ETA: 2.7m
[2026-09-19 19:42:18] [INFO] [506/787] ( 64.3%) [SAVED] Ishwar K. Puri            | University of Southern Ca | Works: 343, Cites:  8569, h-index: 54 | Speed: 1.8 profs/s | ETA: 2.7m
[2026-09-19 19:42:20] [INFO] [507/787] ( 64.4%) [SAVED] Dan A. Erwin              | University of Southern Ca | Works:  21, Cites:   118, h-index:  5 | Speed: 1.7 profs/s | ETA: 2.7m
[2026-09-19 19:42:21] [INFO] [508/787] ( 64.5%) [SAVED] Mark Gragston             | University of Tennessee S | Works: 126, Cites:  1009, h-index: 19 | Speed: 1.7 profs/s | ETA: 2.7m
[2026-09-19 19:42:21] [INFO] [509/787] ( 64.7%) [SAVED] Trevor Moeller            | University of Tennessee S | Works:  91, Cites:   472, h-index: 12 | Speed: 1.7 profs/s | ETA: 2.7m
[2026-09-19 19:42:22] [INFO] [510/787] ( 64.8%) [SAVED] Paul K. Newton            | University of Southern Ca | Works: 194, Cites:  3378, h-index: 29 | Speed: 1.7 profs/s | ETA: 2.6m
[2026-09-19 19:42:22] [INFO] [511/787] ( 64.9%) [SAVED] Kivanc Ekici              | University of Tennessee-K | Works: 127, Cites:  1560, h-index: 21 | Speed: 1.7 profs/s | ETA: 2.6m
[2026-09-19 19:42:25] [INFO] [512/787] ( 65.1%) [SAVED] Damiano Baccarella        | University of Tennessee-K | Works:  78, Cites:  1210, h-index: 17 | Speed: 1.7 profs/s | ETA: 2.6m
[2026-09-19 19:42:25] [INFO] [513/787] ( 65.2%) [SAVED] Andrew K. Dickerson       | University of Tennessee-K | Works:  85, Cites:  1014, h-index: 14 | Speed: 1.7 profs/s | ETA: 2.6m
[2026-09-19 19:42:25] [INFO] [514/787] ( 65.3%) [SAVED] Omer San                  | University of Tennessee-K | Works: 245, Cites:  6377, h-index: 41 | Speed: 1.7 profs/s | ETA: 2.6m
[2026-09-19 19:42:27] [INFO] [515/787] ( 65.4%) [SAVED] Peng Zhao                 | University of Tennessee-K | Works: 255, Cites: 18176, h-index: 48 | Speed: 1.7 profs/s | ETA: 2.6m
[2026-09-19 19:42:43] [INFO] ================================================================================
[2026-09-19 19:42:43] [INFO] STARTING OPENALEX FACULTY RESEARCH JSON EXTRACTION PIPELINE
[2026-09-19 19:42:43] [INFO] Target Sheet: Master - All Live Verified
[2026-09-19 19:42:43] [INFO] Destination:  d:\Others\findprofs\openalex_mechaero_faculty_json\universities_wise
[2026-09-19 19:42:43] [INFO] Date Filter:  2023-01-01 to 2026-06-30 (Mid-2026)
[2026-09-19 19:42:43] [INFO] ================================================================================
[2026-09-19 19:42:44] [INFO] Total verified faculty members with valid OpenAlex ID: 787
[2026-09-19 19:42:44] [INFO] Running multi-threaded harvesting pool with 4 workers...
[2026-09-19 19:42:44] [INFO] [  1/787] [ALREADY CACHED] Marcus Herrmann | Arizona State University -> marcus_herrmann.json
[2026-09-19 19:42:44] [INFO] [  2/787] [ALREADY CACHED] Kiran Ramesh | Arizona State University -> kiran_ramesh.json
[2026-09-19 19:42:44] [INFO] [  3/787] [ALREADY CACHED] Kyle Squires | Arizona State University -> kyle_squires.json
[2026-09-19 19:42:44] [INFO] [  4/787] [ALREADY CACHED] Brian Thurow | Auburn University -> brian_thurow.json
[2026-09-19 19:42:44] [INFO] [  5/787] [ALREADY CACHED] Joe Majdalani | Auburn University -> joe_majdalani.json
[2026-09-19 19:42:44] [INFO] [  6/787] [ALREADY CACHED] Houlong Zhuang | Arizona State University -> houlong_zhuang.json
[2026-09-19 19:42:44] [INFO] [  7/787] [ALREADY CACHED] Roy Hartfield | Auburn University -> roy_hartfield.json
[2026-09-19 19:42:44] [INFO] [  9/787] [ALREADY CACHED] David E Scarborough | Auburn University -> david_e_scarborough.json
[2026-09-19 19:42:44] [INFO] [  8/787] [ALREADY CACHED] Nek Sharan | Auburn University -> nek_sharan.json
[2026-09-19 19:42:44] [INFO] [ 10/787] [ALREADY CACHED] Imon Chakraborty | Auburn University -> imon_chakraborty.json
[2026-09-19 19:42:44] [INFO] [ 11/787] [ALREADY CACHED] Davide Guzzetti | Auburn University -> davide_guzzetti.json
[2026-09-19 19:42:44] [INFO] [ 12/787] [ALREADY CACHED] Ehsan Taheri | Auburn University -> ehsan_taheri.json
[2026-09-19 19:42:44] [INFO] [ 13/787] [ALREADY CACHED] Paul R. Chiarot | Binghamton University -> paul_r_chiarot.json
[2026-09-19 19:42:44] [INFO] [ 14/787] [ALREADY CACHED] Jifu Tan | Binghamton University -> jifu_tan.json
[2026-09-19 19:42:44] [INFO] [ 17/787] [ALREADY CACHED] James C. Bird | Boston University -> james_c_bird.json
[2026-09-19 19:42:44] [INFO] [ 16/787] [ALREADY CACHED] Sheryl Grace | Boston University -> sheryl_grace.json
[2026-09-19 19:42:44] [INFO] [ 15/787] [ALREADY CACHED] Cosan Daskiran | Binghamton University -> cosan_daskiran.json
[2026-09-19 19:42:44] [INFO] [ 18/787] [ALREADY CACHED] Douglas P. Holmes | Boston University -> douglas_p_holmes.json
[2026-09-19 19:42:44] [INFO] [ 19/787] [ALREADY CACHED] Raymond Nagem | Boston University -> raymond_nagem.json
[2026-09-19 19:42:44] [INFO] [ 21/787] [ALREADY CACHED] Kenneth S. Breuer | Brown University -> kenneth_s_breuer.json
[2026-09-19 19:42:44] [INFO] [ 22/787] [ALREADY CACHED] Mauro Rodriguez Jr. | Brown University -> mauro_rodriguez_jr.json
[2026-09-19 19:42:44] [INFO] [ 23/787] [ALREADY CACHED] Daniel M. Harris | Brown University -> daniel_m_harris.json
[2026-09-19 19:42:44] [INFO] [ 20/787] [ALREADY CACHED] Sean B. Andersson | Boston University -> sean_b_andersson.json
[2026-09-19 19:42:44] [INFO] [ 24/787] [ALREADY CACHED] Roberto Zenit | Brown University -> roberto_zenit.json
[2026-09-19 19:42:44] [INFO] [ 25/787] [ALREADY CACHED] Monica Martinez Wilhelmus | Brown University -> monica_martinez_wilhelmus.json
[2026-09-19 19:42:44] [INFO] [ 27/787] [ALREADY CACHED] Joanna M. Austin | California Institute of Technology -> joanna_m_austin.json
[2026-09-19 19:42:44] [INFO] [ 26/787] [ALREADY CACHED] George Em Karniadakis | Brown University -> george_em_karniadakis.json
[2026-09-19 19:42:44] [INFO] [ 28/787] [ALREADY CACHED] H. Jane Bae | California Institute of Technology -> h_jane_bae.json
[2026-09-19 19:42:44] [INFO] [ 29/787] [ALREADY CACHED] Tim Colonius | California Institute of Technology -> tim_colonius.json
[2026-09-19 19:42:44] [INFO] [ 32/787] [ALREADY CACHED] Morteza (Mory) Gharib | California Institute of Technology -> morteza_mory_gharib.json
[2026-09-19 19:42:44] [INFO] [ 31/787] [ALREADY CACHED] John O. Dabiri | California Institute of Technology -> john_o_dabiri.json
[2026-09-19 19:42:44] [INFO] [ 30/787] [ALREADY CACHED] Guillaume Blanquart | California Institute of Technology -> guillaume_blanquart.json
[2026-09-19 19:42:44] [INFO] [ 33/787] [ALREADY CACHED] Adrian Lozano-Duran | California Institute of Technology -> adrian_lozano_duran.json
[2026-09-19 19:42:44] [INFO] [ 34/787] [ALREADY CACHED] Amir Barati Farimani | Carnegie Mellon University -> amir_barati_farimani.json
[2026-09-19 19:42:44] [INFO] [ 35/787] [ALREADY CACHED] Joseph E. Shepherd | California Institute of Technology -> joseph_e_shepherd.json
[2026-09-19 19:42:44] [INFO] [ 36/787] [ALREADY CACHED] Shelley L. Anna | Carnegie Mellon University -> shelley_l_anna.json
[2026-09-19 19:42:44] [INFO] [ 38/787] [ALREADY CACHED] Philip LeDuc | Carnegie Mellon University -> philip_leduc.json
[2026-09-19 19:42:44] [INFO] [ 37/787] [ALREADY CACHED] Gerald J. Wang | Carnegie Mellon University -> gerald_j_wang.json
[2026-09-19 19:42:44] [INFO] [ 39/787] [ALREADY CACHED] Carmel Majidi | Carnegie Mellon University -> carmel_majidi.json
[2026-09-19 19:42:44] [INFO] [ 40/787] [ALREADY CACHED] Joshua Bostwick | Clemson University -> joshua_bostwick.json
[2026-09-19 19:42:44] [INFO] [ 42/787] [ALREADY CACHED] Zhen Li | Clemson University -> zhen_li.json
[2026-09-19 19:42:44] [INFO] [ 41/787] [ALREADY CACHED] Ethan Kung | Clemson University -> ethan_kung.json
[2026-09-19 19:42:44] [INFO] [ 43/787] [ALREADY CACHED] Hassan Masoud | Clemson University -> hassan_masoud.json
[2026-09-19 19:42:44] [INFO] [ 46/787] [ALREADY CACHED] Yuhao Xu | Clemson University -> yuhao_xu.json
[2026-09-19 19:42:44] [INFO] [ 45/787] [ALREADY CACHED] Chenning Tong | Clemson University -> chenning_tong.json
[2026-09-19 19:42:44] [INFO] [ 44/787] [ALREADY CACHED] Phanindra Tallapragada | Clemson University -> phanindra_tallapragada.json
[2026-09-19 19:42:44] [INFO] [ 47/787] [ALREADY CACHED] Veronica Eliasson | Colorado School of Mines -> veronica_eliasson.json
[2026-09-19 19:42:44] [INFO] [ 48/787] [ALREADY CACHED] Denis Aslangil | Colorado School of Mines -> denis_aslangil.json
[2026-09-19 19:42:44] [INFO] [ 50/787] [ALREADY CACHED] Robert J. Kee | Colorado School of Mines -> robert_j_kee.json
[2026-09-19 19:42:44] [INFO] [ 49/787] [ALREADY CACHED] Rajavasanth Rajasegar | Colorado School of Mines -> rajavasanth_rajasegar.json
[2026-09-19 19:42:44] [INFO] [ 51/787] [ALREADY CACHED] Nils Tilton | Colorado School of Mines -> nils_tilton.json
[2026-09-19 19:42:44] [INFO] [ 53/787] [ALREADY CACHED] Azer Yalin | Colorado State University -> azer_yalin.json
[2026-09-19 19:42:44] [INFO] [ 52/787] [ALREADY CACHED] Ciprian Dumitrache | Colorado State University -> ciprian_dumitrache.json
[2026-09-19 19:42:44] [INFO] [ 54/787] [ALREADY CACHED] Subhas Karan Venayagamoorthy | Colorado State University -> subhas_karan_venayagamoorthy.json
[2026-09-19 19:42:44] [INFO] [ 55/787] [ALREADY CACHED] Bret Windom | Colorado State University -> bret_windom.json
[2026-09-19 19:42:44] [INFO] [ 57/787] [ALREADY CACHED] Gregory Paul Bewley | Cornell University -> gregory_paul_bewley.json
[2026-09-19 19:42:44] [INFO] [ 56/787] [ALREADY CACHED] Olivier Desjardins | Cornell University -> olivier_desjardins.json
[2026-09-19 19:42:44] [INFO] [ 60/787] [ALREADY CACHED] Perrine Pepiot | Cornell University -> perrine_pepiot.json
[2026-09-19 19:42:44] [INFO] [ 59/787] [ALREADY CACHED] Jian-Xun Wang | Cornell University -> jian_xun_wang.json
[2026-09-19 19:42:44] [INFO] [ 58/787] [ALREADY CACHED] Z. Jane Wang | Cornell University -> z_jane_wang.json
[2026-09-19 19:42:44] [INFO] [ 61/787] [ALREADY CACHED] Elaine Petro | Cornell University -> elaine_petro.json
[2026-09-19 19:42:44] [INFO] [ 62/787] [ALREADY CACHED] Mason Peck | Cornell University -> mason_peck.json
[2026-09-19 19:42:44] [INFO] [ 64/787] [ALREADY CACHED] Benoit Cushman-Roisin | Dartmouth College -> benoit_cushman_roisin.json
[2026-09-19 19:42:44] [INFO] [ 63/787] [ALREADY CACHED] Silvia Ferrari | Cornell University -> silvia_ferrari.json
[2026-09-19 19:42:44] [INFO] [ 65/787] [ALREADY CACHED] Colin R. Meyer | Dartmouth College -> colin_r_meyer.json
[2026-09-19 19:42:44] [INFO] [ 66/787] [ALREADY CACHED] Yan Li | Dartmouth College -> yan_li.json
[2026-09-19 19:42:44] [INFO] [ 67/787] [ALREADY CACHED] Mary Albert | Dartmouth College -> mary_albert.json
[2026-09-19 19:42:44] [INFO] [ 68/787] [ALREADY CACHED] Laura Ray | Dartmouth College -> laura_ray.json
[2026-09-19 19:42:44] [INFO] [ 69/787] [ALREADY CACHED] Sorin Siegler | Drexel University -> sorin_siegler.json
[2026-09-19 19:42:44] [INFO] [ 71/787] [ALREADY CACHED] Alexander Fridman | Drexel University -> alexander_fridman.json
[2026-09-19 19:42:44] [INFO] [ 73/787] [ALREADY CACHED] Earl H. Dowell | Duke University -> earl_h_dowell.json
[2026-09-19 19:42:44] [INFO] [ 72/787] [ALREADY CACHED] James Tangorra | Drexel University -> james_tangorra.json
[2026-09-19 19:42:44] [INFO] [ 70/787] [ALREADY CACHED] Hongseok Moses Noh | Drexel University -> hongseok_moses_noh.json
[2026-09-19 19:42:44] [INFO] [ 74/787] [ALREADY CACHED] Kenneth C. Hall | Duke University -> kenneth_c_hall.json
[2026-09-19 19:42:44] [INFO] [ 75/787] [ALREADY CACHED] Wilkins Aquino | Duke University -> wilkins_aquino.json
[2026-09-19 19:42:44] [INFO] [ 76/787] [ALREADY CACHED] Lawrie Virgin | Duke University -> lawrie_virgin.json
[2026-09-19 19:42:44] [INFO] [ 77/787] [ALREADY CACHED] Bavand Keshavarz | Duke University -> bavand_keshavarz.json
[2026-09-19 19:42:44] [INFO] [ 78/787] [ALREADY CACHED] Michael Zavlanos | Duke University -> michael_zavlanos.json
[2026-09-19 19:42:44] [INFO] [ 79/787] [ALREADY CACHED] Anouck Girard | Embry-Riddle Aeronautical University -> anouck_girard.json
[2026-09-19 19:42:44] [INFO] [ 80/787] [ALREADY CACHED] William Engblom | Embry-Riddle Aeronautical University -> william_engblom.json
[2026-09-19 19:42:44] [INFO] [ 83/787] [ALREADY CACHED] Hever Moncayo | Embry-Riddle Aeronautical University -> hever_moncayo.json
[2026-09-19 19:42:44] [INFO] [ 82/787] [ALREADY CACHED] Eric Perrell | Embry-Riddle Aeronautical University -> eric_perrell.json
[2026-09-19 19:42:44] [INFO] [ 81/787] [ALREADY CACHED] Andrea Da Ronch | Embry-Riddle Aeronautical University -> andrea_da_ronch.json
[2026-09-19 19:42:44] [INFO] [ 84/787] [ALREADY CACHED] Troy Henderson | Embry-Riddle Aeronautical University -> troy_henderson.json
[2026-09-19 19:42:44] [INFO] [ 85/787] [ALREADY CACHED] Chelakara S. Subramanian | Florida Institute of Technology -> chelakara_s_subramanian.json
[2026-09-19 19:42:44] [INFO] [ 86/787] [ALREADY CACHED] Daniel Kirk | Florida Institute of Technology -> daniel_kirk.json
[2026-09-19 19:42:44] [INFO] [ 87/787] [ALREADY CACHED] Reza Jahanbakhshi | Florida Institute of Technology -> reza_jahanbakhshi.json
[2026-09-19 19:42:44] [INFO] [ 88/787] [ALREADY CACHED] Kibaek Lee | Florida Institute of Technology -> kibaek_lee.json
[2026-09-19 19:42:44] [INFO] [ 89/787] [ALREADY CACHED] Camilo Riano-Rios | Florida Institute of Technology -> camilo_riano_rios.json
[2026-09-19 19:42:44] [INFO] [ 90/787] [ALREADY CACHED] Madhur Tiwari | Florida Institute of Technology -> madhur_tiwari.json
[2026-09-19 19:42:44] [INFO] [ 91/787] [ALREADY CACHED] Manasvi Lingam | Florida Institute of Technology -> manasvi_lingam.json
[2026-09-19 19:42:44] [INFO] [ 92/787] [ALREADY CACHED] Dwayne McDaniel | Florida International University -> dwayne_mcdaniel.json
[2026-09-19 19:42:44] [INFO] [ 93/787] [ALREADY CACHED] Tanaji Paul | Florida International University -> tanaji_paul.json
[2026-09-19 19:42:44] [INFO] [ 96/787] [ALREADY CACHED] Chiang Shih | Florida State University -> chiang_shih.json
[2026-09-19 19:42:44] [INFO] [ 95/787] [ALREADY CACHED] Farrukh Alvi | Florida State University -> farrukh_alvi.json
[2026-09-19 19:42:44] [INFO] [ 94/787] [ALREADY CACHED] Rajan Kumar | Florida State University -> rajan_kumar.json
[2026-09-19 19:42:44] [INFO] [ 99/787] [ALREADY CACHED] Neda Yaghoobian | Florida State University -> neda_yaghoobian.json
[2026-09-19 19:42:44] [INFO] [ 98/787] [ALREADY CACHED] Unnikrishnan Sasidharan Nair | Florida State University -> unnikrishnan_sasidharan_nair.json
[2026-09-19 19:42:44] [INFO] [ 97/787] [ALREADY CACHED] Kourosh Shoele | Florida State University -> kourosh_shoele.json
[2026-09-19 19:42:44] [INFO] [100/787] [ALREADY CACHED] Christian Hubicki | Florida State University -> christian_hubicki.json
[2026-09-19 19:42:44] [INFO] [101/787] [ALREADY CACHED] Jonathan Clark | Florida State University -> jonathan_clark.json
[2026-09-19 19:42:44] [INFO] [102/787] [ALREADY CACHED] Huixuan Wu | Florida State University -> huixuan_wu.json
[2026-09-19 19:42:44] [INFO] [103/787] [ALREADY CACHED] Leigh McCue-Weil | George Mason University -> leigh_mccue_weil.json
[2026-09-19 19:42:44] [INFO] [105/787] [ALREADY CACHED] Pouya Rezai | George Mason University -> pouya_rezai.json
[2026-09-19 19:42:44] [INFO] [104/787] [ALREADY CACHED] Jeffrey L. Moran | George Mason University -> jeffrey_l_moran.json
[2026-09-19 19:42:44] [INFO] [106/787] [ALREADY CACHED] Daigo Shishika | George Mason University -> daigo_shishika.json
[2026-09-19 19:42:44] [INFO] [107/787] [ALREADY CACHED] Philippe M. Bardet | George Washington University -> philippe_m_bardet.json
[2026-09-19 19:42:44] [INFO] [108/787] [ALREADY CACHED] Elias Balaras | George Washington University -> elias_balaras.json
[2026-09-19 19:42:44] [INFO] [109/787] [ALREADY CACHED] Michael Keidar | George Washington University -> michael_keidar.json
[2026-09-19 19:42:44] [INFO] [110/787] [ALREADY CACHED] Megan C. Leftwich | George Washington University -> megan_c_leftwich.json
[2026-09-19 19:42:44] [INFO] [111/787] [ALREADY CACHED] Matthew J. Rau | George Washington University -> matthew_j_rau.json
[2026-09-19 19:42:44] [INFO] [112/787] [ALREADY CACHED] Kausik Sarkar | George Washington University -> kausik_sarkar.json
[2026-09-19 19:42:44] [INFO] [113/787] [ALREADY CACHED] Taeyoung Lee | George Washington University -> taeyoung_lee.json
[2026-09-19 19:42:44] [INFO] [114/787] [ALREADY CACHED] Michael P. Brenner | Harvard University -> michael_p_brenner.json
[2026-09-19 19:42:44] [INFO] [115/787] [ALREADY CACHED] Petros Koumoutsakos | Harvard University -> petros_koumoutsakos.json
[2026-09-19 19:42:44] [INFO] [116/787] [ALREADY CACHED] L. Mahadevan | Harvard University -> l_mahadevan.json
[2026-09-19 19:42:44] [INFO] [117/787] [ALREADY CACHED] Robin Wordsworth | Harvard University -> robin_wordsworth.json
[2026-09-19 19:42:44] [INFO] [118/787] [ALREADY CACHED] Robert J. Wood | Harvard University -> robert_j_wood.json
[2026-09-19 19:42:44] [INFO] [119/787] [ALREADY CACHED] Katia Bertoldi | Harvard University -> katia_bertoldi.json
[2026-09-19 19:42:44] [INFO] [120/787] [ALREADY CACHED] Daniel J. Jacob | Harvard University -> daniel_j_jacob.json
[2026-09-19 19:42:44] [INFO] [123/787] [ALREADY CACHED] Achille Messac | Howard University -> achille_messac.json
[2026-09-19 19:42:44] [INFO] [124/787] [ALREADY CACHED] Scott T. M. Dawson | Illinois Institute of Technology -> scott_t_m_dawson.json
[2026-09-19 19:42:44] [INFO] [121/787] [ALREADY CACHED] Kevin W. Cassel | Illinois Institute of Technology -> kevin_w_cassel.json
[2026-09-19 19:42:44] [INFO] [122/787] [ALREADY CACHED] Louis N. Cattafesta III | Illinois Institute of Technology -> louis_n_cattafesta_iii.json
[2026-09-19 19:42:44] [INFO] [125/787] [ALREADY CACHED] Douglas W. Carter | Illinois Institute of Technology -> douglas_w_carter.json
[2026-09-19 19:42:44] [INFO] [126/787] [ALREADY CACHED] Carrie M. Hall | Illinois Institute of Technology -> carrie_m_hall.json
[2026-09-19 19:42:44] [INFO] [127/787] [ALREADY CACHED] Matthew Spenko | Illinois Institute of Technology -> matthew_spenko.json
[2026-09-19 19:42:44] [INFO] [128/787] [ALREADY CACHED] Ankit Srivastava | Illinois Institute of Technology -> ankit_srivastava.json
[2026-09-19 19:42:44] [INFO] [129/787] [ALREADY CACHED] Dietmar Rempfer | Illinois Institute of Technology -> dietmar_rempfer.json
[2026-09-19 19:42:44] [INFO] [130/787] [ALREADY CACHED] Hui Hu | Iowa State University -> hui_hu.json
[2026-09-19 19:42:44] [INFO] [131/787] [ALREADY CACHED] Anupam Sharma | Iowa State University -> anupam_sharma.json
[2026-09-19 19:42:44] [INFO] [132/787] [ALREADY CACHED] Partha Sarkar | Iowa State University -> partha_sarkar.json
[2026-09-19 19:42:44] [INFO] [133/787] [ALREADY CACHED] Ping He | Iowa State University -> ping_he.json
[2026-09-19 19:42:44] [INFO] [134/787] [ALREADY CACHED] Sidharth G.S. | Iowa State University -> sidharth_g_s.json
[2026-09-19 19:42:44] [INFO] [135/787] [ALREADY CACHED] Han Gao | Iowa State University -> han_gao.json
[2026-09-19 19:42:44] [INFO] [136/787] [ALREADY CACHED] Theodore J. Heindel | Iowa State University -> theodore_j_heindel.json
[2026-09-19 19:42:44] [INFO] [137/787] [ALREADY CACHED] Alberto Passalacqua | Iowa State University -> alberto_passalacqua.json
[2026-09-19 19:42:44] [INFO] [138/787] [ALREADY CACHED] Baskar Ganapathysubramanian | Iowa State University -> baskar_ganapathysubramanian.json
[2026-09-19 19:42:44] [INFO] [140/787] [ALREADY CACHED] Rajat Mittal | Johns Hopkins University -> rajat_mittal.json
[2026-09-19 19:42:44] [INFO] [139/787] [ALREADY CACHED] Charles Meneveau | Johns Hopkins University -> charles_meneveau.json
[2026-09-19 19:42:44] [INFO] [141/787] [ALREADY CACHED] Joseph Katz | Johns Hopkins University -> joseph_katz.json
[2026-09-19 19:42:44] [INFO] [142/787] [ALREADY CACHED] Tamer Zaki | Johns Hopkins University -> tamer_zaki.json
[2026-09-19 19:42:44] [INFO] [144/787] [ALREADY CACHED] Dennice Gayme | Johns Hopkins University -> dennice_gayme.json
[2026-09-19 19:42:44] [INFO] [145/787] [ALREADY CACHED] Rui Ni | Johns Hopkins University -> rui_ni.json
[2026-09-19 19:42:44] [INFO] [143/787] [ALREADY CACHED] Gretar Tryggvason | Johns Hopkins University -> gretar_tryggvason.json
[2026-09-19 19:42:44] [INFO] [148/787] [ALREADY CACHED] Gregory L. Eyink | Johns Hopkins University -> gregory_l_eyink.json
[2026-09-19 19:42:44] [INFO] [147/787] [ALREADY CACHED] Kaliat (K.T.) Ramesh | Johns Hopkins University -> kaliat_k_t_ramesh.json
[2026-09-19 19:42:44] [INFO] [146/787] [ALREADY CACHED] Julie Lundquist | Johns Hopkins University -> julie_lundquist.json
[2026-09-19 19:42:44] [INFO] [149/787] [ALREADY CACHED] Warren N. White | Kansas State University -> warren_n_white.json
[2026-09-19 19:42:44] [INFO] [150/787] [ALREADY CACHED] Mingjun Wei | Kansas State University -> mingjun_wei.json
[2026-09-19 19:42:44] [INFO] [151/787] [ALREADY CACHED] Keith W. Moored | Lehigh University -> keith_w_moored.json
[2026-09-19 19:42:44] [INFO] [152/787] [ALREADY CACHED] Arindam Banerjee | Lehigh University -> arindam_banerjee.json
[2026-09-19 19:42:44] [INFO] [153/787] [ALREADY CACHED] Alparslan Oztekin | Lehigh University -> alparslan_oztekin.json
[2026-09-19 19:42:44] [INFO] [154/787] [ALREADY CACHED] Aditya K. Aiyer | Lehigh University -> aditya_k_aiyer.json
[2026-09-19 19:42:44] [INFO] [155/787] [ALREADY CACHED] Subhrajit Bhattacharya | Lehigh University -> subhrajit_bhattacharya.json
[2026-09-19 19:42:44] [INFO] [156/787] [ALREADY CACHED] Ebru Demir | Lehigh University -> ebru_demir.json
[2026-09-19 19:42:44] [INFO] [157/787] [ALREADY CACHED] Mark Drela | Massachusetts Institute of Technology -> mark_drela.json
[2026-09-19 19:42:44] [INFO] [160/787] [ALREADY CACHED] Pierre F. J. Lermusiaux | Massachusetts Institute of Technology -> pierre_f_j_lermusiaux.json
[2026-09-19 19:42:44] [INFO] [159/787] [ALREADY CACHED] Paulo C. Lozano | Massachusetts Institute of Technology -> paulo_c_lozano.json
[2026-09-19 19:42:44] [INFO] [158/787] [ALREADY CACHED] Ahmed F. Ghoniem | Massachusetts Institute of Technology -> ahmed_f_ghoniem.json
[2026-09-19 19:42:44] [INFO] [162/787] [ALREADY CACHED] Gareth H. McKinley | Massachusetts Institute of Technology -> gareth_h_mckinley.json
[2026-09-19 19:42:44] [INFO] [161/787] [ALREADY CACHED] Youssef M. Marzouk | Massachusetts Institute of Technology -> youssef_m_marzouk.json
[2026-09-19 19:42:44] [INFO] [163/787] [ALREADY CACHED] Themistoklis Sapsis | Massachusetts Institute of Technology -> themistoklis_sapsis.json
[2026-09-19 19:42:44] [INFO] [164/787] [ALREADY CACHED] Zoltán S. Spakovszky | Massachusetts Institute of Technology -> zolt_n_s_spakovszky.json
[2026-09-19 19:42:44] [INFO] [165/787] [ALREADY CACHED] Qiqi Wang | Massachusetts Institute of Technology -> qiqi_wang.json
[2026-09-19 19:42:44] [INFO] [166/787] [ALREADY CACHED] David Olson | Michigan State University -> david_olson.json
[2026-09-19 19:42:44] [INFO] [167/787] [ALREADY CACHED] Junlin Yuan | Michigan State University -> junlin_yuan.json
[2026-09-19 19:42:44] [INFO] [168/787] [ALREADY CACHED] Ricardo Mejia-Alvarez | Michigan State University -> ricardo_mejia_alvarez.json
[2026-09-19 19:42:44] [INFO] [169/787] [ALREADY CACHED] Norbert Mueller | Michigan State University -> norbert_mueller.json
[2026-09-19 19:42:44] [INFO] [172/787] [ALREADY CACHED] Seong-Young Lee | Michigan Technological University -> seong_young_lee.json
[2026-09-19 19:42:44] [INFO] [171/787] [ALREADY CACHED] Jeffrey S. Allen | Michigan Technological University -> jeffrey_s_allen.json
[2026-09-19 19:42:44] [INFO] [170/787] [ALREADY CACHED] Zhaojian Li | Michigan State University -> zhaojian_li.json
[2026-09-19 19:42:44] [INFO] [173/787] [ALREADY CACHED] Bhisham Sharma | Michigan Technological University -> bhisham_sharma.json
[2026-09-19 19:42:44] [INFO] [174/787] [ALREADY CACHED] Susanta Ghosh | Michigan Technological University -> susanta_ghosh.json
[2026-09-19 19:42:44] [INFO] [176/787] [ALREADY CACHED] Jason Blough | Michigan Technological University -> jason_blough.json
[2026-09-19 19:42:44] [INFO] [175/787] [ALREADY CACHED] Andrew A. Oliva | Michigan Technological University -> andrew_a_oliva.json
[2026-09-19 19:42:44] [INFO] [178/787] [ALREADY CACHED] Adrian Sescu | Mississippi State University -> adrian_sescu.json
[2026-09-19 19:42:44] [INFO] [177/787] [ALREADY CACHED] Jeffrey Naber | Michigan Technological University -> jeffrey_naber.json
[2026-09-19 19:42:44] [INFO] [179/787] [ALREADY CACHED] Vilas Shinde | Mississippi State University -> vilas_shinde.json
[2026-09-19 19:42:44] [INFO] [181/787] [ALREADY CACHED] Craig Merrett | Mississippi State University -> craig_merrett.json
[2026-09-19 19:42:44] [INFO] [180/787] [ALREADY CACHED] Shreyas Narsipur | Mississippi State University -> shreyas_narsipur.json
[2026-09-19 19:42:44] [INFO] [182/787] [ALREADY CACHED] Vivek Khare | Mississippi State University -> vivek_khare.json
[2026-09-19 19:42:44] [INFO] [183/787] [ALREADY CACHED] Serhat Hosder | Missouri University of Science and Technology -> serhat_hosder.json
[2026-09-19 19:42:44] [INFO] [184/787] [ALREADY CACHED] Shanti Bhushan | Mississippi State University -> shanti_bhushan.json
[2026-09-19 19:42:44] [INFO] [185/787] [ALREADY CACHED] Davide Viganò | Missouri University of Science and Technology -> davide_vigan.json
[2026-09-19 19:42:44] [INFO] [186/787] [ALREADY CACHED] Daoru Han | Missouri University of Science and Technology -> daoru_han.json
[2026-09-19 19:42:44] [INFO] [187/787] [ALREADY CACHED] Xiaosong Du | Missouri University of Science and Technology -> xiaosong_du.json
[2026-09-19 19:42:44] [INFO] [188/787] [ALREADY CACHED] Siva Kumar Valluri | Missouri University of Science and Technology -> siva_kumar_valluri.json
[2026-09-19 19:42:44] [INFO] [189/787] [ALREADY CACHED] Henry Pernicka | Missouri University of Science and Technology -> henry_pernicka.json
[2026-09-19 19:42:44] [INFO] [190/787] [ALREADY CACHED] Yaofa Li | Montana State University -> yaofa_li.json
[2026-09-19 19:42:44] [INFO] [191/787] [ALREADY CACHED] Mark Jankauski | Montana State University -> mark_jankauski.json
[2026-09-19 19:42:44] [INFO] [192/787] [ALREADY CACHED] Pushpendra Singh | New Jersey Institute of Technology -> pushpendra_singh.json
[2026-09-19 19:42:44] [INFO] [193/787] [ALREADY CACHED] Sarah L. Codd | Montana State University -> sarah_l_codd.json
[2026-09-19 19:42:44] [INFO] [194/787] [ALREADY CACHED] Anthony Rosato | New Jersey Institute of Technology -> anthony_rosato.json
[2026-09-19 19:42:44] [INFO] [195/787] [ALREADY CACHED] Andreas Gross | New Mexico State University -> andreas_gross.json
[2026-09-19 19:42:44] [INFO] [196/787] [ALREADY CACHED] Abdessattar Abdelkefi | New Mexico State University -> abdessattar_abdelkefi.json
[2026-09-19 19:42:44] [INFO] [197/787] [ALREADY CACHED] Qiong Liu | New Mexico State University -> qiong_liu.json
[2026-09-19 19:42:44] [INFO] [198/787] [ALREADY CACHED] Fangjun Shu | New Mexico State University -> fangjun_shu.json
[2026-09-19 19:42:44] [INFO] [199/787] [ALREADY CACHED] Banavara Shashikanth | New Mexico State University -> banavara_shashikanth.json
[2026-09-19 19:42:44] [INFO] [201/787] [ALREADY CACHED] Francisco Torres Herrador | New Mexico State University -> francisco_torres_herrador.json
[2026-09-19 19:42:44] [INFO] [200/787] [ALREADY CACHED] Shabnam Mohammadshahi | New Mexico State University -> shabnam_mohammadshahi.json
[2026-09-19 19:42:44] [INFO] [204/787] [ALREADY CACHED] James Braun | North Carolina State University -> james_braun.json
[2026-09-19 19:42:44] [INFO] [205/787] [ALREADY CACHED] Kenneth Granlund | North Carolina State University -> kenneth_granlund.json
[2026-09-19 19:42:44] [INFO] [206/787] [ALREADY CACHED] Ashok Gopalarathnam | North Carolina State University -> ashok_gopalarathnam.json
[2026-09-19 19:42:44] [INFO] [202/787] [ALREADY CACHED] Jack R. Edwards | North Carolina State University -> jack_r_edwards.json
[2026-09-19 19:42:44] [INFO] [203/787] [ALREADY CACHED] Venkat Narayanaswamy | North Carolina State University -> venkat_narayanaswamy.json
[2026-09-19 19:42:44] [INFO] [207/787] [ALREADY CACHED] Darius Carter | North Carolina State University -> darius_carter.json
[2026-09-19 19:42:44] [INFO] [208/787] [ALREADY CACHED] Felix Ewere | North Carolina State University -> felix_ewere.json
[2026-09-19 19:42:44] [INFO] [209/787] [ALREADY CACHED] Yildirim Bora Suzen | North Dakota State University -> yildirim_bora_suzen.json
[2026-09-19 19:42:44] [INFO] [210/787] [ALREADY CACHED] Yan Zhang | North Dakota State University -> yan_zhang.json
[2026-09-19 19:42:44] [INFO] [211/787] [ALREADY CACHED] Yechun Wang | North Dakota State University -> yechun_wang.json
[2026-09-19 19:42:44] [INFO] [212/787] [ALREADY CACHED] Xiangfa Wu | North Dakota State University -> xiangfa_wu.json
[2026-09-19 19:42:44] [INFO] [213/787] [ALREADY CACHED] Chad Ulven | North Dakota State University -> chad_ulven.json
[2026-09-19 19:42:44] [INFO] [214/787] [ALREADY CACHED] Inbae Jeong | North Dakota State University -> inbae_jeong.json
[2026-09-19 19:42:44] [INFO] [215/787] [ALREADY CACHED] Datta Gaitonde | Ohio State University-Main Campus -> datta_gaitonde.json
[2026-09-19 19:42:44] [INFO] [216/787] [ALREADY CACHED] Lian Duan | Ohio State University-Main Campus -> lian_duan.json
[2026-09-19 19:42:44] [INFO] [217/787] [ALREADY CACHED] Mohammad Samimy | Ohio State University-Main Campus -> mohammad_samimy.json
[2026-09-19 19:42:44] [INFO] [218/787] [ALREADY CACHED] Jeffrey Bons | Ohio State University-Main Campus -> jeffrey_bons.json
[2026-09-19 19:42:44] [INFO] [219/787] [ALREADY CACHED] Jack McNamara | Ohio State University-Main Campus -> jack_mcnamara.json
[2026-09-19 19:42:44] [INFO] [220/787] [ALREADY CACHED] Steven T. Wereley | Ohio University -> steven_t_wereley.json
[2026-09-19 19:42:44] [INFO] [221/787] [ALREADY CACHED] Jay Wilhelm | Ohio University -> jay_wilhelm.json
[2026-09-19 19:42:44] [INFO] [222/787] [ALREADY CACHED] Brian Wisner | Ohio University -> brian_wisner.json
[2026-09-19 19:42:44] [INFO] [223/787] [ALREADY CACHED] Yahya Al-Majali | Ohio University -> yahya_al_majali.json
[2026-09-19 19:42:44] [INFO] [224/787] [ALREADY CACHED] David Quiroz | Ohio University -> david_quiroz.json
[2026-09-19 19:42:44] [INFO] [225/787] [ALREADY CACHED] Jamey Jacob | Oklahoma State University -> jamey_jacob.json
[2026-09-19 19:42:44] [INFO] [226/787] [ALREADY CACHED] Kursat Kara | Oklahoma State University -> kursat_kara.json
[2026-09-19 19:42:44] [INFO] [228/787] [ALREADY CACHED] Khaled A. Sallam | Oklahoma State University -> khaled_a_sallam.json
[2026-09-19 19:42:44] [INFO] [227/787] [ALREADY CACHED] Brian R. Elbing | Oklahoma State University -> brian_r_elbing.json
[2026-09-19 19:42:44] [INFO] [229/787] [ALREADY CACHED] Chitrarth Prasad | Oklahoma State University -> chitrarth_prasad.json
[2026-09-19 19:42:44] [INFO] [230/787] [ALREADY CACHED] Arvind Santhanakrishnan | Oklahoma State University -> arvind_santhanakrishnan.json
[2026-09-19 19:42:44] [INFO] [231/787] [ALREADY CACHED] He Bai | Oklahoma State University -> he_bai.json
[2026-09-19 19:42:44] [INFO] [232/787] [ALREADY CACHED] Sourabh V. Apte | Oregon State University -> sourabh_v_apte.json
[2026-09-19 19:42:44] [INFO] [233/787] [ALREADY CACHED] David L. Blunck | Oregon State University -> david_l_blunck.json
[2026-09-19 19:42:44] [INFO] [235/787] [ALREADY CACHED] Kenneth Brentner | Pennsylvania State University-Main Campus -> kenneth_brentner.json
[2026-09-19 19:42:44] [INFO] [236/787] [ALREADY CACHED] James Coder | Pennsylvania State University-Main Campus -> james_coder.json
[2026-09-19 19:42:44] [INFO] [234/787] [ALREADY CACHED] Kyle Niemeyer | Oregon State University -> kyle_niemeyer.json
[2026-09-19 19:42:44] [INFO] [238/787] [ALREADY CACHED] Eric Greenwood | Pennsylvania State University-Main Campus -> eric_greenwood.json
[2026-09-19 19:42:44] [INFO] [239/787] [ALREADY CACHED] Robert Kunz | Pennsylvania State University-Main Campus -> robert_kunz.json
[2026-09-19 19:42:44] [INFO] [240/787] [ALREADY CACHED] Sven Schmitz | Pennsylvania State University-Main Campus -> sven_schmitz.json
[2026-09-19 19:42:44] [INFO] [237/787] [ALREADY CACHED] Daning Huang | Pennsylvania State University-Main Campus -> daning_huang.json
[2026-09-19 19:42:44] [INFO] [242/787] [ALREADY CACHED] Yuan Xuan | Pennsylvania State University-Main Campus -> yuan_xuan.json
[2026-09-19 19:42:44] [INFO] [241/787] [ALREADY CACHED] Jacqueline O'Connor | Pennsylvania State University-Main Campus -> jacqueline_o_connor.json
[2026-09-19 19:42:44] [INFO] [243/787] [ALREADY CACHED] Marcus Hultmark | Princeton University -> marcus_hultmark.json
[2026-09-19 19:42:44] [INFO] [244/787] [ALREADY CACHED] Luc Deike | Princeton University -> luc_deike.json
[2026-09-19 19:42:44] [INFO] [245/787] [ALREADY CACHED] Michelle H. DiBenedetto | Princeton University -> michelle_h_dibenedetto.json
[2026-09-19 19:42:44] [INFO] [246/787] [ALREADY CACHED] Luigi Martinelli | Princeton University -> luigi_martinelli.json
[2026-09-19 19:42:44] [INFO] [247/787] [ALREADY CACHED] Michael E. Mueller | Princeton University -> michael_e_mueller.json
[2026-09-19 19:42:44] [INFO] [248/787] [ALREADY CACHED] Clarence W. Rowley | Princeton University -> clarence_w_rowley.json
[2026-09-19 19:42:44] [INFO] [249/787] [ALREADY CACHED] Chung K. Law | Princeton University -> chung_k_law.json
[2026-09-19 19:42:44] [INFO] [250/787] [ALREADY CACHED] Edgar Y. Choueiri | Princeton University -> edgar_y_choueiri.json
[2026-09-19 19:42:44] [INFO] [253/787] [ALREADY CACHED] Aimy Wissa | Princeton University -> aimy_wissa.json
[2026-09-19 19:42:44] [INFO] [252/787] [ALREADY CACHED] Alison M. Ferris | Princeton University -> alison_m_ferris.json
[2026-09-19 19:42:44] [INFO] [251/787] [ALREADY CACHED] Yiguang Ju | Princeton University -> yiguang_ju.json
[2026-09-19 19:42:44] [INFO] [256/787] [ALREADY CACHED] Gregory A. Blaisdell | Purdue University -> gregory_a_blaisdell.json
[2026-09-19 19:42:44] [INFO] [255/787] [ALREADY CACHED] Steven P. Schneider | Purdue University -> steven_p_schneider.json
[2026-09-19 19:42:44] [INFO] [254/787] [ALREADY CACHED] Jonathan Poggie | Purdue University -> jonathan_poggie.json
[2026-09-19 19:42:44] [INFO] [257/787] [ALREADY CACHED] Carson D. Slabaugh | Purdue University -> carson_d_slabaugh.json
[2026-09-19 19:42:44] [INFO] [258/787] [ALREADY CACHED] Alina A. Alexeenko | Purdue University -> alina_a_alexeenko.json
[2026-09-19 19:42:44] [INFO] [259/787] [ALREADY CACHED] Kazuki Maeda | Purdue University -> kazuki_maeda.json
[2026-09-19 19:42:44] [INFO] [260/787] [ALREADY CACHED] Sally P. M. Bane | Purdue University -> sally_p_m_bane.json
[2026-09-19 19:42:44] [INFO] [261/787] [ALREADY CACHED] Alexey Shashurin | Purdue University -> alexey_shashurin.json
[2026-09-19 19:42:44] [INFO] [262/787] [ALREADY CACHED] Tom I-P. Shih | Purdue University -> tom_i_p_shih.json
[2026-09-19 19:42:44] [INFO] [263/787] [ALREADY CACHED] Timothée L. Pourpoint | Purdue University -> timoth_e_l_pourpoint.json
[2026-09-19 19:42:44] [INFO] [264/787] [ALREADY CACHED] Robert P. Lucht | Purdue University -> robert_p_lucht.json
[2026-09-19 19:42:44] [INFO] [265/787] [ALREADY CACHED] Haifeng Wang | Purdue University -> haifeng_wang.json
[2026-09-19 19:42:44] [INFO] [266/787] [ALREADY CACHED] Guillermo Paniagua | Purdue University -> guillermo_paniagua.json
[2026-09-19 19:42:44] [INFO] [268/787] [ALREADY CACHED] Nicole L. Key | Purdue University -> nicole_l_key.json
[2026-09-19 19:42:44] [INFO] [267/787] [ALREADY CACHED] Carlo Scalo | Purdue University -> carlo_scalo.json
[2026-09-19 19:42:44] [INFO] [270/787] [ALREADY CACHED] Guang Lin | Purdue University -> guang_lin.json
[2026-09-19 19:42:44] [INFO] [269/787] [ALREADY CACHED] Arezoo M. Ardekani | Purdue University -> arezoo_m_ardekani.json
[2026-09-19 19:42:44] [INFO] [271/787] [ALREADY CACHED] Michael Amitay | Rensselaer Polytechnic Institute -> michael_amitay.json
[2026-09-19 19:42:44] [INFO] [272/787] [ALREADY CACHED] Jason Hicken | Rensselaer Polytechnic Institute -> jason_hicken.json
[2026-09-19 19:42:44] [INFO] [273/787] [ALREADY CACHED] Ozgur Tumuklu | Rensselaer Polytechnic Institute -> ozgur_tumuklu.json
[2026-09-19 19:42:44] [INFO] [276/787] [ALREADY CACHED] Amir Hirsa | Rensselaer Polytechnic Institute -> amir_hirsa.json
[2026-09-19 19:42:44] [INFO] [275/787] [ALREADY CACHED] Lucy Zhang | Rensselaer Polytechnic Institute -> lucy_zhang.json
[2026-09-19 19:42:44] [INFO] [274/787] [ALREADY CACHED] Shaowu Pan | Rensselaer Polytechnic Institute -> shaowu_pan.json
[2026-09-19 19:42:44] [INFO] [277/787] [ALREADY CACHED] Tayfun E. Tezduyar | Rice University -> tayfun_e_tezduyar.json
[2026-09-19 19:42:44] [INFO] [278/787] [ALREADY CACHED] Matthias Heinkenschloss | Rice University -> matthias_heinkenschloss.json
[2026-09-19 19:42:44] [INFO] [279/787] [ALREADY CACHED] Daniel J. Preston | Rice University -> daniel_j_preston.json
[2026-09-19 19:42:44] [INFO] [280/787] [ALREADY CACHED] Pol D. Spanos | Rice University -> pol_d_spanos.json
[2026-09-19 19:42:44] [INFO] [281/787] [ALREADY CACHED] Lu Zhang | Rice University -> lu_zhang.json
[2026-09-19 19:42:44] [INFO] [282/787] [ALREADY CACHED] Hao Lin | Rutgers University-New Brunswick -> hao_lin.json
[2026-09-19 19:42:44] [INFO] [283/787] [ALREADY CACHED] Onur Bilgen | Rutgers University-New Brunswick -> onur_bilgen.json
[2026-09-19 19:42:44] [INFO] [284/787] [ALREADY CACHED] German Drazer | Rutgers University-New Brunswick -> german_drazer.json
[2026-09-19 19:42:44] [INFO] [285/787] [ALREADY CACHED] Prosenjit Bagchi | Rutgers University-New Brunswick -> prosenjit_bagchi.json
[2026-09-19 19:42:44] [INFO] [287/787] [ALREADY CACHED] Laurent Burlion | Rutgers University-New Brunswick -> laurent_burlion.json
[2026-09-19 19:42:44] [INFO] [286/787] [ALREADY CACHED] Assimina A. Pelegri | Rutgers University-New Brunswick -> assimina_a_pelegri.json
[2026-09-19 19:42:44] [INFO] [288/787] [ALREADY CACHED] Jingang Yi | Rutgers University-New Brunswick -> jingang_yi.json
[2026-09-19 19:42:44] [INFO] [289/787] [ALREADY CACHED] Liping Liu | Rutgers University-New Brunswick -> liping_liu.json
[2026-09-19 19:42:44] [INFO] [292/787] [ALREADY CACHED] Charbel Farhat | Stanford University -> charbel_farhat.json
[2026-09-19 19:42:44] [INFO] [291/787] [ALREADY CACHED] Eric Darve | Stanford University -> eric_darve.json
[2026-09-19 19:42:44] [INFO] [290/787] [ALREADY CACHED] Juan J. Alonso | Stanford University -> juan_j_alonso.json
[2026-09-19 19:42:44] [INFO] [293/787] [ALREADY CACHED] Matthias Ihme | Stanford University -> matthias_ihme.json
[2026-09-19 19:42:44] [INFO] [294/787] [ALREADY CACHED] Gianluca Iaccarino | Stanford University -> gianluca_iaccarino.json
[2026-09-19 19:42:44] [INFO] [295/787] [ALREADY CACHED] Sanjiva K. Lele | Stanford University -> sanjiva_k_lele.json
[2026-09-19 19:42:44] [INFO] [297/787] [ALREADY CACHED] Beverley J. McKeon | Stanford University -> beverley_j_mckeon.json
[2026-09-19 19:42:44] [INFO] [296/787] [ALREADY CACHED] Ali Mani | Stanford University -> ali_mani.json
[2026-09-19 19:42:44] [INFO] [300/787] [ALREADY CACHED] Thomas Cubaud | Stony Brook University (SUNY Stony Brook) -> thomas_cubaud.json
[2026-09-19 19:42:44] [INFO] [299/787] [ALREADY CACHED] Hai Wang | Stanford University -> hai_wang.json
[2026-09-19 19:42:44] [INFO] [298/787] [ALREADY CACHED] Parviz Moin | Stanford University -> parviz_moin.json
[2026-09-19 19:42:44] [INFO] [301/787] [ALREADY CACHED] Dimitris Assanis | Stony Brook University (SUNY Stony Brook) -> dimitris_assanis.json
[2026-09-19 19:42:44] [INFO] [303/787] [ALREADY CACHED] Yiyang Sun | Syracuse University -> yiyang_sun.json
[2026-09-19 19:42:44] [INFO] [304/787] [ALREADY CACHED] Jeongmin Ahn | Syracuse University -> jeongmin_ahn.json
[2026-09-19 19:42:44] [INFO] [305/787] [ALREADY CACHED] Fernando Zigunov | Syracuse University -> fernando_zigunov.json
[2026-09-19 19:42:44] [INFO] [302/787] [ALREADY CACHED] Spencer Zimmerman | Stony Brook University (SUNY Stony Brook) -> spencer_zimmerman.json
[2026-09-19 19:42:44] [INFO] [306/787] [ALREADY CACHED] Ben Akih-Kumgeh | Syracuse University -> ben_akih_kumgeh.json
[2026-09-19 19:42:44] [INFO] [307/787] [ALREADY CACHED] Yeqing Wang | Syracuse University -> yeqing_wang.json
[2026-09-19 19:42:44] [INFO] [308/787] [ALREADY CACHED] Amit K. Sanyal | Syracuse University -> amit_k_sanyal.json
[2026-09-19 19:42:44] [INFO] [309/787] [ALREADY CACHED] Bing Dong | Syracuse University -> bing_dong.json
[2026-09-19 19:42:44] [INFO] [310/787] [ALREADY CACHED] Kurosh Darvish | Temple University -> kurosh_darvish.json
[2026-09-19 19:42:44] [INFO] [311/787] [ALREADY CACHED] Parsaoran Hutapea | Temple University -> parsaoran_hutapea.json
[2026-09-19 19:42:44] [INFO] [312/787] [ALREADY CACHED] Haijun Liu | Temple University -> haijun_liu.json
[2026-09-19 19:42:44] [INFO] [313/787] [ALREADY CACHED] Mohammad F. Kiani | Temple University -> mohammad_f_kiani.json
[2026-09-19 19:42:44] [INFO] [314/787] [ALREADY CACHED] Philip Dames | Temple University -> philip_dames.json
[2026-09-19 19:42:44] [INFO] [315/787] [ALREADY CACHED] Rodney Bowersox | Texas A&M University-College Station -> rodney_bowersox.json
[2026-09-19 19:42:44] [INFO] [316/787] [ALREADY CACHED] Damoon Soudbakhsh | Temple University -> damoon_soudbakhsh.json
[2026-09-19 19:42:44] [INFO] [317/787] [ALREADY CACHED] Diego Donzis | Texas A&M University-College Station -> diego_donzis.json
[2026-09-19 19:42:44] [INFO] [319/787] [ALREADY CACHED] Sharath Girimaji | Texas A&M University-College Station -> sharath_girimaji.json
[2026-09-19 19:42:44] [INFO] [318/787] [ALREADY CACHED] Paul Cizmas | Texas A&M University-College Station -> paul_cizmas.json
[2026-09-19 19:42:44] [INFO] [320/787] [ALREADY CACHED] Ivett Leyva | Texas A&M University-College Station -> ivett_leyva.json
[2026-09-19 19:42:44] [INFO] [321/787] [ALREADY CACHED] Taher Schobeiri | Texas A&M University-College Station -> taher_schobeiri.json
[2026-09-19 19:42:44] [INFO] [322/787] [ALREADY CACHED] Lea-Der Chen | Texas A&M University-Corpus Christi -> lea_der_chen.json
[2026-09-19 19:42:44] [INFO] [323/787] [ALREADY CACHED] Jose Baca | Texas A&M University-Corpus Christi -> jose_baca.json
[2026-09-19 19:42:44] [INFO] [324/787] [ALREADY CACHED] Hua Zhang | Texas A&M University-Corpus Christi -> hua_zhang.json
[2026-09-19 19:42:44] [INFO] [325/787] [ALREADY CACHED] Dugan Um | Texas A&M University-Corpus Christi -> dugan_um.json
[2026-09-19 19:42:44] [INFO] [326/787] [ALREADY CACHED] Philippe Tissot | Texas A&M University-Corpus Christi -> philippe_tissot.json
[2026-09-19 19:42:44] [INFO] [327/787] [ALREADY CACHED] Selahattin Ozcelik | Texas A&M University-Kingsville -> selahattin_ozcelik.json
[2026-09-19 19:42:44] [INFO] [328/787] [ALREADY CACHED] Larry D. Peel | Texas A&M University-Kingsville -> larry_d_peel.json
[2026-09-19 19:42:44] [INFO] [329/787] [ALREADY CACHED] Hong Zhou | Texas A&M University-Kingsville -> hong_zhou.json
[2026-09-19 19:42:44] [INFO] [330/787] [ALREADY CACHED] Fazle Hussain | Texas Tech University -> fazle_hussain.json
[2026-09-19 19:42:44] [INFO] [331/787] [ALREADY CACHED] Siva Parameswaran | Texas Tech University -> siva_parameswaran.json
[2026-09-19 19:42:44] [INFO] [332/787] [ALREADY CACHED] Victor Maldonado | Texas Tech University -> victor_maldonado.json
[2026-09-19 19:42:44] [INFO] [333/787] [ALREADY CACHED] Sukalyan Bhattacharya | Texas Tech University -> sukalyan_bhattacharya.json
[2026-09-19 19:42:44] [INFO] [334/787] [ALREADY CACHED] Michelle L. Pantoya | Texas Tech University -> michelle_l_pantoya.json
[2026-09-19 19:42:44] [INFO] [335/787] [ALREADY CACHED] Song-Charng Kong | Texas Tech University -> song_charng_kong.json
[2026-09-19 19:42:44] [INFO] [338/787] [ALREADY CACHED] Diego Turo | The Catholic University of America -> diego_turo.json
[2026-09-19 19:42:44] [INFO] [337/787] [ALREADY CACHED] Dhawal Buaria | Texas Tech University -> dhawal_buaria.json
[2026-09-19 19:42:44] [INFO] [336/787] [ALREADY CACHED] Joseph F. Vignola | The Catholic University of America -> joseph_f_vignola.json
[2026-09-19 19:42:44] [INFO] [339/787] [ALREADY CACHED] Xiaolong Luo | The Catholic University of America -> xiaolong_luo.json
[2026-09-19 19:42:44] [INFO] [340/787] [ALREADY CACHED] John A. Judge | The Catholic University of America -> john_a_judge.json
[2026-09-19 19:42:44] [INFO] [341/787] [ALREADY CACHED] David B. Goldstein | The University of Texas at Austin -> david_b_goldstein.json
[2026-09-19 19:42:44] [INFO] [342/787] [ALREADY CACHED] Philip L. Varghese | The University of Texas at Austin -> philip_l_varghese.json
[2026-09-19 19:42:44] [INFO] [343/787] [ALREADY CACHED] Fabrizio Bisetti | The University of Texas at Austin -> fabrizio_bisetti.json
[2026-09-19 19:42:44] [INFO] [346/787] [ALREADY CACHED] Tan Bui-Thanh | The University of Texas at Austin -> tan_bui_thanh.json
[2026-09-19 19:42:44] [INFO] [345/787] [ALREADY CACHED] Clint N. Dawson | The University of Texas at Austin -> clint_n_dawson.json
[2026-09-19 19:42:44] [INFO] [347/787] [ALREADY CACHED] Robert D. Moser | The University of Texas at Austin -> robert_d_moser.json
[2026-09-19 19:42:44] [INFO] [344/787] [ALREADY CACHED] Karen Willcox | The University of Texas at Austin -> karen_willcox.json
[2026-09-19 19:42:44] [INFO] [348/787] [ALREADY CACHED] George Biros | The University of Texas at Austin -> george_biros.json
[2026-09-19 19:42:44] [INFO] [351/787] [ALREADY CACHED] Chris Rogers | Tufts University -> chris_rogers.json
[2026-09-19 19:42:44] [INFO] [350/787] [ALREADY CACHED] Omar Ghattas | The University of Texas at Austin -> omar_ghattas.json
[2026-09-19 19:42:44] [INFO] [349/787] [ALREADY CACHED] Jeffrey S. Guasto | Tufts University -> jeffrey_s_guasto.json
[2026-09-19 19:42:44] [INFO] [352/787] [ALREADY CACHED] Jason Rife | Tufts University -> jason_rife.json
[2026-09-19 19:42:44] [INFO] [353/787] [ALREADY CACHED] Deborah Ann Sunter | Tufts University -> deborah_ann_sunter.json
[2026-09-19 19:42:44] [INFO] [354/787] [ALREADY CACHED] Igor Sokolov | Tufts University -> igor_sokolov.json
[2026-09-19 19:42:44] [INFO] [355/787] [ALREADY CACHED] Ryan T. Glasser | Tulane University -> ryan_t_glasser.json
[2026-09-19 19:42:44] [INFO] [356/787] [ALREADY CACHED] Francine Battaglia | University at Buffalo (SUNY Buffalo) -> francine_battaglia.json
[2026-09-19 19:42:44] [INFO] [358/787] [ALREADY CACHED] Hui Meng | University at Buffalo (SUNY Buffalo) -> hui_meng.json
[2026-09-19 19:42:44] [INFO] [357/787] [ALREADY CACHED] David Salac | University at Buffalo (SUNY Buffalo) -> david_salac.json
[2026-09-19 19:42:44] [INFO] [359/787] [ALREADY CACHED] Roy Koomullil | University of Alabama at Birmingham -> roy_koomullil.json
[2026-09-19 19:42:44] [INFO] [360/787] [ALREADY CACHED] Sangwoo Shin | University at Buffalo (SUNY Buffalo) -> sangwoo_shin.json
[2026-09-19 19:42:44] [INFO] [361/787] [ALREADY CACHED] Pasquale Cinnella | University of Alabama at Birmingham -> pasquale_cinnella.json
[2026-09-19 19:42:44] [INFO] [363/787] [ALREADY CACHED] Robert Nichols | University of Alabama at Birmingham -> robert_nichols.json
[2026-09-19 19:42:44] [INFO] [364/787] [ALREADY CACHED] Jason T. Cassibry | University of Alabama in Huntsville -> jason_t_cassibry.json
[2026-09-19 19:42:44] [INFO] [362/787] [ALREADY CACHED] David R. McDaniel | University of Alabama at Birmingham -> david_r_mcdaniel.json
[2026-09-19 19:42:44] [INFO] [366/787] [ALREADY CACHED] John Bennewitz | University of Alabama in Huntsville -> john_bennewitz.json
[2026-09-19 19:42:44] [INFO] [368/787] [ALREADY CACHED] Babak Shotorban | University of Alabama in Huntsville -> babak_shotorban.json
[2026-09-19 19:42:44] [INFO] [367/787] [ALREADY CACHED] Kader Frendi | University of Alabama in Huntsville -> kader_frendi.json
[2026-09-19 19:42:44] [INFO] [365/787] [ALREADY CACHED] Kunning G. Xu | University of Alabama in Huntsville -> kunning_g_xu.json
[2026-09-19 19:42:44] [INFO] [369/787] [ALREADY CACHED] Sarma L. Rani | University of Alabama in Huntsville -> sarma_l_rani.json
[2026-09-19 19:42:44] [INFO] [370/787] [ALREADY CACHED] John Panickacheril John | University of Alabama-Tuscaloosa -> john_panickacheril_john.json
[2026-09-19 19:42:44] [INFO] [371/787] [ALREADY CACHED] Redha Wahidi | University of Alabama-Tuscaloosa -> redha_wahidi.json
[2026-09-19 19:42:44] [INFO] [372/787] [ALREADY CACHED] Jinwei Shen | University of Alabama-Tuscaloosa -> jinwei_shen.json
[2026-09-19 19:42:44] [INFO] [373/787] [ALREADY CACHED] C. Taber Wanstall | University of Alabama-Tuscaloosa -> c_taber_wanstall.json
[2026-09-19 19:42:44] [INFO] [374/787] [ALREADY CACHED] Weihua Su | University of Alabama-Tuscaloosa -> weihua_su.json
[2026-09-19 19:42:44] [INFO] [375/787] [ALREADY CACHED] Ajay K. Agrawal | University of Alabama-Tuscaloosa -> ajay_k_agrawal.json
[2026-09-19 19:42:44] [INFO] [376/787] [ALREADY CACHED] Kalyan Kumar Srinivasan | University of Alabama-Tuscaloosa -> kalyan_kumar_srinivasan.json
[2026-09-19 19:42:44] [INFO] [379/787] [ALREADY CACHED] Sundar Rajan Krishnan | University of Alabama-Tuscaloosa -> sundar_rajan_krishnan.json
[2026-09-19 19:42:44] [INFO] [378/787] [ALREADY CACHED] Bhupendra Khandelwal | University of Alabama-Tuscaloosa -> bhupendra_khandelwal.json
[2026-09-19 19:42:44] [INFO] [377/787] [ALREADY CACHED] Alexey N. Volkov | University of Alabama-Tuscaloosa -> alexey_n_volkov.json
[2026-09-19 19:42:44] [INFO] [380/787] [ALREADY CACHED] Farzad Mashayek | University of Arizona -> farzad_mashayek.json
[2026-09-19 19:42:44] [INFO] [381/787] [ALREADY CACHED] Stuart A. Craig | University of Arizona -> stuart_a_craig.json
[2026-09-19 19:42:44] [INFO] [382/787] [ALREADY CACHED] Bernard Parent | University of Arizona -> bernard_parent.json
[2026-09-19 19:42:44] [INFO] [384/787] [ALREADY CACHED] Sergey Shkarayev | University of Arizona -> sergey_shkarayev.json
[2026-09-19 19:42:44] [INFO] [383/787] [ALREADY CACHED] James Threadgill | University of Arizona -> james_threadgill.json
[2026-09-19 19:42:44] [INFO] [385/787] [ALREADY CACHED] Kyle Hanquist | University of Arizona -> kyle_hanquist.json
[2026-09-19 19:42:44] [INFO] [386/787] [ALREADY CACHED] Keith Walters | University of Arkansas -> keith_walters.json
[2026-09-19 19:42:44] [INFO] [387/787] [ALREADY CACHED] Min Zou | University of Arkansas -> min_zou.json
[2026-09-19 19:42:44] [INFO] [388/787] [ALREADY CACHED] Yuanhang Zhu | University of California, Riverside -> yuanhang_zhu.json
[2026-09-19 19:42:44] [INFO] [389/787] [ALREADY CACHED] David Jensen | University of Arkansas -> david_jensen.json
[2026-09-19 19:42:44] [INFO] [390/787] [ALREADY CACHED] Marko Princevac | University of California, Riverside -> marko_princevac.json
[2026-09-19 19:42:44] [INFO] [391/787] [ALREADY CACHED] Bhargav Rallabandi | University of California, Riverside -> bhargav_rallabandi.json
[2026-09-19 19:42:44] [INFO] [392/787] [ALREADY CACHED] Michael R. Zachariah | University of California, Riverside -> michael_r_zachariah.json
[2026-09-19 19:42:44] [INFO] [393/787] [ALREADY CACHED] Akula Venkatram | University of California, Riverside -> akula_venkatram.json
[2026-09-19 19:42:44] [INFO] [394/787] [ALREADY CACHED] Georgios Karavalakis | University of California, Riverside -> georgios_karavalakis.json
[2026-09-19 19:42:44] [INFO] [395/787] [ALREADY CACHED] Christopher A. Edwards | University of California, Santa Cruz -> christopher_a_edwards.json
[2026-09-19 19:42:44] [INFO] [396/787] [ALREADY CACHED] Jerome Fiechter | University of California, Santa Cruz -> jerome_fiechter.json
[2026-09-19 19:42:44] [INFO] [397/787] [ALREADY CACHED] Alexis Kaminski | University of California-Berkeley -> alexis_kaminski.json
[2026-09-19 19:42:44] [INFO] [398/787] [ALREADY CACHED] Shawn C. Shadden | University of California-Berkeley -> shawn_c_shadden.json
[2026-09-19 19:42:44] [INFO] [399/787] [ALREADY CACHED] Michael J. Gollner | University of California-Berkeley -> michael_j_gollner.json
[2026-09-19 19:42:44] [INFO] [400/787] [ALREADY CACHED] Negar Mehr | University of California-Berkeley -> negar_mehr.json
[2026-09-19 19:42:45] [INFO] [516/787] ( 65.6%) [SAVED] Frank K. Lu               | University of Texas at Ar | Works: 356, Cites:  5041, h-index: 34 | Speed: 1.6 profs/s | ETA: 2.8m
[2026-09-19 19:42:45] [INFO] [517/787] ( 65.7%) [SAVED] Animesh Chakravarthy      | University of Texas at Ar | Works: 142, Cites:  1664, h-index: 17 | Speed: 1.6 profs/s | ETA: 2.7m
[2026-09-19 19:42:45] [INFO] [518/787] ( 65.8%) [SAVED] Kamesh Subbarao           | University of Texas at Ar | Works: 229, Cites:  3873, h-index: 27 | Speed: 1.6 profs/s | ETA: 2.7m
[2026-09-19 19:42:46] [INFO] [519/787] ( 65.9%) [SAVED] Bernd Chudoba             | University of Texas at Ar | Works: 113, Cites:   386, h-index:  9 | Speed: 1.6 profs/s | ETA: 2.7m
[2026-09-19 19:42:48] [INFO] [520/787] ( 66.1%) [SAVED] Stefano Leonardi          | University of Texas at Da | Works: 237, Cites:  4716, h-index: 34 | Speed: 1.6 profs/s | ETA: 2.7m
[2026-09-19 19:42:48] [INFO] [401/787] ( 51.0%) [SAVED] Claire J. Tomlin          | University of California- | Works: 678, Cites: 24698, h-index: 74 | Speed: 86.9 profs/s | ETA: 0.1m
[2026-09-19 19:42:48] [INFO] [521/787] ( 66.2%) [SAVED] Shiyao Lin                | University of Texas at Ar | Works:  47, Cites:   463, h-index: 11 | Speed: 1.6 profs/s | ETA: 2.7m
[2026-09-19 19:42:49] [INFO] [522/787] ( 66.3%) [SAVED] Giacomo Valerio Iungo     | University of Texas at Da | Works: 151, Cites:  2374, h-index: 26 | Speed: 1.6 profs/s | ETA: 2.7m
[2026-09-19 19:42:49] [INFO] [402/787] ( 51.1%) [SAVED] Alexandre M. Bayen        | University of California- | Works: 502, Cites: 15154, h-index: 58 | Speed: 79.9 profs/s | ETA: 0.1m
[2026-09-19 19:42:49] [INFO] [403/787] ( 51.2%) [SAVED] Mark W. Mueller           | University of California- | Works: 108, Cites:  3039, h-index: 25 | Speed: 80.1 profs/s | ETA: 0.1m
[2026-09-19 19:42:49] [INFO] [404/787] ( 51.3%) [SAVED] Giuseppe Loianno          | University of California- | Works: 205, Cites:  4731, h-index: 38 | Speed: 79.2 profs/s | ETA: 0.1m
[2026-09-19 19:42:49] [INFO] [523/787] ( 66.5%) [SAVED] Kianoosh Yousefi          | University of Texas at Da | Works:  34, Cites:   644, h-index: 14 | Speed: 1.6 profs/s | ETA: 2.7m
[2026-09-19 19:42:51] [INFO] [524/787] ( 66.6%) [SAVED] Yaqing Jin                | University of Texas at Da | Works: 101, Cites:  1159, h-index: 19 | Speed: 1.6 profs/s | ETA: 2.7m
[2026-09-19 19:42:51] [INFO] [405/787] ( 51.5%) [SAVED] Mohsen Habibi             | University of California- | Works:  41, Cites:   948, h-index: 14 | Speed: 52.2 profs/s | ETA: 0.1m
[2026-09-19 19:42:52] [INFO] [406/787] ( 51.6%) [SAVED] Camli Badrya              | University of California- | Works:  54, Cites:   427, h-index: 12 | Speed: 50.0 profs/s | ETA: 0.1m
[2026-09-19 19:42:52] [INFO] [407/787] ( 51.7%) [SAVED] Seongkyu Lee              | University of California- | Works: 134, Cites:  1804, h-index: 23 | Speed: 49.8 profs/s | ETA: 0.1m
[2026-09-19 19:42:52] [INFO] [525/787] ( 66.7%) [SAVED] Yonas Tadesse             | University of Texas at Da | Works: 128, Cites:  2903, h-index: 28 | Speed: 1.6 profs/s | ETA: 2.7m
[2026-09-19 19:42:52] [INFO] [526/787] ( 66.8%) [SAVED] Evgeny Shafirovich        | University of Texas at El | Works: 133, Cites:  2194, h-index: 26 | Speed: 1.6 profs/s | ETA: 2.7m
[2026-09-19 19:42:52] [INFO] [408/787] ( 51.8%) [SAVED] Christina Harvey          | University of California- | Works:  55, Cites:   592, h-index:  9 | Speed: 49.0 profs/s | ETA: 0.1m
[2026-09-19 19:42:52] [INFO] [527/787] ( 67.0%) [SAVED] Ahsan Choudhuri           | University of Texas at El | Works: 197, Cites:  1102, h-index: 15 | Speed: 1.6 profs/s | ETA: 2.7m
[2026-09-19 19:42:54] [INFO] [528/787] ( 67.1%) [SAVED] Angel Flores-Abad         | University of Texas at El | Works:  61, Cites:  1848, h-index: 11 | Speed: 1.6 profs/s | ETA: 2.7m
[2026-09-19 19:42:54] [INFO] [409/787] ( 52.0%) [SAVED] Dimitri Papamoschou       | University of California- | Works: 207, Cites:  5330, h-index: 35 | Speed: 38.0 profs/s | ETA: 0.2m
[2026-09-19 19:42:54] [INFO] [410/787] ( 52.1%) [SAVED] Marco Panesi              | University of California- | Works: 288, Cites:  3967, h-index: 33 | Speed: 37.7 profs/s | ETA: 0.2m
[2026-09-19 19:42:55] [INFO] [529/787] ( 67.2%) [SAVED] Guillermo Araya           | University of Texas at Sa | Works: 146, Cites:   811, h-index: 15 | Speed: 1.6 profs/s | ETA: 2.6m
[2026-09-19 19:42:55] [INFO] [530/787] ( 67.3%) [SAVED] Christopher S. Combs      | University of Texas at Sa | Works:  87, Cites:   715, h-index: 15 | Speed: 1.6 profs/s | ETA: 2.6m
[2026-09-19 19:42:56] [INFO] [531/787] ( 67.5%) [SAVED] Kiran Bhaganagar          | University of Texas at Sa | Works: 105, Cites:  1084, h-index: 19 | Speed: 1.6 profs/s | ETA: 2.6m
[2026-09-19 19:42:57] [INFO] [411/787] ( 52.2%) [SAVED] Manuel Gamero-Castaño     | University of California- | Works:  94, Cites:  2578, h-index: 27 | Speed: 31.8 profs/s | ETA: 0.2m
[2026-09-19 19:42:57] [INFO] [412/787] ( 52.4%) [SAVED] Feng Liu                  | University of California- | Works: 1478, Cites: 75516, h-index: 140 | Speed: 31.8 profs/s | ETA: 0.2m
[2026-09-19 19:42:57] [INFO] [532/787] ( 67.6%) [SAVED] Zhi-Gang Feng             | University of Texas at Sa | Works:  26, Cites:  1891, h-index: 11 | Speed: 1.6 profs/s | ETA: 2.6m
[2026-09-19 19:42:57] [INFO] [533/787] ( 67.7%) [SAVED] Daniel I. Pineda          | University of Texas at Sa | Works:  65, Cites:   965, h-index: 17 | Speed: 1.6 profs/s | ETA: 2.6m
[2026-09-19 19:42:58] [INFO] [413/787] ( 52.5%) [SAVED] William A. Sirignano      | University of California- | Works: 474, Cites: 12929, h-index: 54 | Speed: 29.0 profs/s | ETA: 0.2m
[2026-09-19 19:42:58] [INFO] [414/787] ( 52.6%) [SAVED] Ramin Bostanabad          | University of California- | Works:  98, Cites:  3033, h-index: 20 | Speed: 28.8 profs/s | ETA: 0.2m
[2026-09-19 19:42:58] [INFO] [534/787] ( 67.9%) [SAVED] Firat Y. Testik           | University of Texas at Sa | Works: 119, Cites:  1469, h-index: 25 | Speed: 1.6 profs/s | ETA: 2.6m
[2026-09-19 19:42:59] [INFO] [535/787] ( 68.0%) [SAVED] Hai-Chao Han              | University of Texas at Sa | Works: 195, Cites:  4528, h-index: 38 | Speed: 1.6 profs/s | ETA: 2.6m
[2026-09-19 19:42:59] [INFO] [415/787] ( 52.7%) [SAVED] Kunihiko Taira            | University of California- | Works: 296, Cites:  8703, h-index: 38 | Speed: 26.9 profs/s | ETA: 0.2m
[2026-09-19 19:43:00] [INFO] [536/787] ( 68.1%) [SAVED] Omid Amili                | University of Toledo      | Works:  79, Cites:   741, h-index: 15 | Speed: 1.6 profs/s | ETA: 2.6m
[2026-09-19 19:43:00] [INFO] [537/787] ( 68.2%) [SAVED] Ray Hixon                 | University of Toledo      | Works: 114, Cites:  1635, h-index: 20 | Speed: 1.6 profs/s | ETA: 2.6m
[2026-09-19 19:43:00] [INFO] [416/787] ( 52.9%) [SAVED] Xiaolin Zhong             | University of California- | Works: 299, Cites:  6552, h-index: 41 | Speed: 24.8 profs/s | ETA: 0.2m
[2026-09-19 19:43:01] [INFO] [538/787] ( 68.4%) [SAVED] George Choueiri           | University of Toledo      | Works:  20, Cites:   370, h-index:  8 | Speed: 1.6 profs/s | ETA: 2.6m
[2026-09-19 19:43:01] [INFO] [539/787] ( 68.5%) [SAVED] Qiuying Zhao              | University of Toledo      | Works:  46, Cites:   218, h-index:  8 | Speed: 1.6 profs/s | ETA: 2.5m
[2026-09-19 19:43:02] [INFO] [417/787] ( 53.0%) [SAVED] Anya Jones                | University of California- | Works: 159, Cites:  3009, h-index: 32 | Speed: 22.7 profs/s | ETA: 0.3m
[2026-09-19 19:43:02] [INFO] [418/787] ( 53.1%) [SAVED] Ann R. Karagozian         | University of California- | Works: 240, Cites:  3618, h-index: 30 | Speed: 22.7 profs/s | ETA: 0.3m
[2026-09-19 19:43:02] [INFO] [419/787] ( 53.2%) [SAVED] Raymond Mitchell Spearrin | University of California- | Works: 156, Cites:  3870, h-index: 34 | Speed: 22.2 profs/s | ETA: 0.3m
[2026-09-19 19:43:03] [INFO] [540/787] ( 68.6%) [SAVED] Rob Stoll                 | University of Utah        | Works:  90, Cites:  1778, h-index: 24 | Speed: 1.6 profs/s | ETA: 2.5m
[2026-09-19 19:43:13] [INFO] [420/787] ( 53.4%) [SAVED] M. Khalid Jawed           | University of California- | Works: 208, Cites:  3006, h-index: 28 | Speed: 14.1 profs/s | ETA: 0.4m
[2026-09-19 19:43:14] [INFO] [541/787] ( 68.7%) [SAVED] Xiaowei He                | University of Utah        | Works: 322, Cites:  6862, h-index: 43 | Speed: 1.6 profs/s | ETA: 2.6m
[2026-09-19 19:43:14] [INFO] [542/787] ( 68.9%) [SAVED] Marc Calaf                | University of Utah        | Works: 182, Cites:  3616, h-index: 29 | Speed: 1.6 profs/s | ETA: 2.6m
[2026-09-19 19:43:14] [INFO] [543/787] ( 69.0%) [SAVED] Henry Fu                  | University of Utah        | Works: 139, Cites:  3778, h-index: 27 | Speed: 1.6 profs/s | ETA: 2.6m
[2026-09-19 19:43:15] [INFO] [421/787] ( 53.5%) [SAVED] Artur Davoyan             | University of California- | Works: 145, Cites:  3738, h-index: 30 | Speed: 13.3 profs/s | ETA: 0.5m
[2026-09-19 19:43:15] [INFO] [422/787] ( 53.6%) [SAVED] Jason L. Speyer           | University of California- | Works: 509, Cites: 10074, h-index: 53 | Speed: 13.4 profs/s | ETA: 0.5m
[2026-09-19 19:43:15] [INFO] [423/787] ( 53.7%) [SAVED] Brett T. Lopez            | University of California- | Works:  73, Cites:  1361, h-index: 14 | Speed: 13.3 profs/s | ETA: 0.5m
[2026-09-19 19:43:16] [INFO] [544/787] ( 69.1%) [SAVED] Christopher Goyne         | University of Virginia    | Works: 155, Cites:  2566, h-index: 29 | Speed: 1.6 profs/s | ETA: 2.6m
[2026-09-19 19:43:16] [INFO] [424/787] ( 53.9%) [SAVED] Andrea L. Bertozzi        | University of California- | Works: 505, Cites: 19595, h-index: 73 | Speed: 13.0 profs/s | ETA: 0.5m
[2026-09-19 19:43:17] [INFO] [545/787] ( 69.3%) [SAVED] Eric Loth                 | University of Virginia    | Works: 445, Cites: 10214, h-index: 52 | Speed: 1.6 profs/s | ETA: 2.6m
[2026-09-19 19:43:18] [INFO] [546/787] ( 69.4%) [SAVED] Haibo Dong                | University of Virginia    | Works: 316, Cites:  4417, h-index: 37 | Speed: 1.6 profs/s | ETA: 2.6m
[2026-09-19 19:43:18] [INFO] [547/787] ( 69.5%) [SAVED] Chloe Dedic               | University of Virginia    | Works:  74, Cites:   554, h-index: 11 | Speed: 1.6 profs/s | ETA: 2.6m
[2026-09-19 19:43:18] [INFO] [425/787] ( 54.0%) [SAVED] Sutanu Sarkar             | University of California- | Works: 256, Cites:  5325, h-index: 33 | Speed: 12.2 profs/s | ETA: 0.5m
[2026-09-19 19:43:19] [INFO] [426/787] ( 54.1%) [SAVED] Antonio L. Sanchez        | University of California- | Works: 196, Cites:  3098, h-index: 27 | Speed: 12.1 profs/s | ETA: 0.5m
[2026-09-19 19:43:19] [INFO] [548/787] ( 69.6%) [SAVED] Harsha Chelliah           | University of Virginia    | Works: 110, Cites:  2070, h-index: 24 | Speed: 1.6 profs/s | ETA: 2.5m
[2026-09-19 19:43:19] [INFO] [427/787] ( 54.3%) [SAVED] Stefan Llewellyn Smith    | University of California- | Works: 210, Cites:  2803, h-index: 27 | Speed: 12.1 profs/s | ETA: 0.5m
[2026-09-19 19:43:20] [INFO] [428/787] ( 54.4%) [SAVED] Abhishek Saha             | University of California- | Works: 164, Cites:  2153, h-index: 28 | Speed: 11.9 profs/s | ETA: 0.5m
[2026-09-19 19:43:20] [INFO] [549/787] ( 69.8%) [SAVED] Hilary Bart-Smith         | University of Virginia    | Works: 106, Cites:  4006, h-index: 29 | Speed: 1.6 profs/s | ETA: 2.5m
[2026-09-19 19:43:21] [INFO] [550/787] ( 69.9%) [SAVED] Robert Breidenthal        | University of Washington- | Works:  95, Cites:  2496, h-index: 24 | Speed: 1.6 profs/s | ETA: 2.5m
[2026-09-19 19:43:21] [INFO] [551/787] ( 70.0%) [SAVED] Antonino Ferrante         | University of Washington- | Works:  88, Cites:  1698, h-index: 15 | Speed: 1.6 profs/s | ETA: 2.5m
[2026-09-19 19:43:21] [INFO] [429/787] ( 54.5%) [SAVED] John T. Hwang             | University of California- | Works: 174, Cites:  3275, h-index: 24 | Speed: 11.5 profs/s | ETA: 0.5m
[2026-09-19 19:43:21] [INFO] [552/787] ( 70.1%) [SAVED] Dana Dabiri               | University of Washington- | Works: 120, Cites:  2416, h-index: 23 | Speed: 1.6 profs/s | ETA: 2.5m
[2026-09-19 19:43:21] [INFO] [430/787] ( 54.6%) [SAVED] Oliver T. Schmidt         | University of California- | Works: 163, Cites:  5183, h-index: 25 | Speed: 11.4 profs/s | ETA: 0.5m
[2026-09-19 19:43:22] [INFO] [431/787] ( 54.8%) [SAVED] David Saintillan          | University of California- | Works: 194, Cites:  4902, h-index: 33 | Speed: 11.1 profs/s | ETA: 0.5m
[2026-09-19 19:43:23] [INFO] [432/787] ( 54.9%) [SAVED] Jan Kleissl               | University of California- | Works: 332, Cites: 12849, h-index: 59 | Speed: 11.1 profs/s | ETA: 0.5m
[2026-09-19 19:43:24] [INFO] [553/787] ( 70.3%) [SAVED] Brian Polagye             | University of Washington- | Works: 191, Cites:  2126, h-index: 24 | Speed: 1.6 profs/s | ETA: 2.5m
[2026-09-19 19:43:24] [INFO] [554/787] ( 70.4%) [SAVED] Eli Livne                 | University of Washington- | Works: 213, Cites:  5938, h-index: 36 | Speed: 1.6 profs/s | ETA: 2.5m
[2026-09-19 19:43:24] [INFO] [555/787] ( 70.5%) [SAVED] Alberto Aliseda           | University of Washington- | Works: 340, Cites:  3438, h-index: 30 | Speed: 1.6 profs/s | ETA: 2.5m
[2026-09-19 19:43:24] [INFO] [556/787] ( 70.6%) [SAVED] Steven L. Brunton         | University of Washington- | Works: 578, Cites: 31430, h-index: 70 | Speed: 1.6 profs/s | ETA: 2.5m
[2026-09-19 19:43:26] [INFO] [433/787] ( 55.0%) [SAVED] Farhat Beg                | University of California- | Works: 862, Cites: 13544, h-index: 58 | Speed: 10.3 profs/s | ETA: 0.6m
[2026-09-19 19:43:26] [INFO] [434/787] ( 55.1%) [SAVED] Miroslav Krstic           | University of California- | Works: 1443, Cites: 65558, h-index: 113 | Speed: 10.3 profs/s | ETA: 0.6m
[2026-09-19 19:43:26] [INFO] [435/787] ( 55.3%) [SAVED] Eckart Meiburg            | University of California- | Works: 443, Cites:  9218, h-index: 53 | Speed: 10.2 profs/s | ETA: 0.6m
[2026-09-19 19:43:26] [INFO] [436/787] ( 55.4%) [SAVED] Paolo Luzzatto-Fegiz      | University of California- | Works: 103, Cites:   784, h-index: 16 | Speed: 10.2 profs/s | ETA: 0.6m
[2026-09-19 19:43:27] [INFO] [557/787] ( 70.8%) [SAVED] Mario F. Trujillo         | University of Wisconsin-M | Works:  81, Cites:  2815, h-index: 20 | Speed: 1.6 profs/s | ETA: 2.5m
[2026-09-19 19:43:28] [INFO] [558/787] ( 70.9%) [SAVED] Prateek Jaiswal           | University of Wisconsin-M | Works:  34, Cites:   306, h-index:  9 | Speed: 1.6 profs/s | ETA: 2.5m
[2026-09-19 19:43:28] [INFO] [559/787] ( 71.0%) [SAVED] Krithika Manohar          | University of Washington- | Works:  50, Cites:   563, h-index: 12 | Speed: 1.6 profs/s | ETA: 2.4m
[2026-09-19 19:43:28] [INFO] [560/787] ( 71.2%) [SAVED] Michael D. Graham         | University of Wisconsin-M | Works: 397, Cites:  9942, h-index: 56 | Speed: 1.6 profs/s | ETA: 2.4m
[2026-09-19 19:43:29] [INFO] [437/787] ( 55.5%) [SAVED] Emilie Dressaire          | University of California- | Works:  96, Cites:  2150, h-index: 17 | Speed: 9.6 profs/s | ETA: 0.6m
[2026-09-19 19:43:29] [INFO] [438/787] ( 55.7%) [SAVED] Jeff Moehlis              | University of California- | Works: 165, Cites:  6848, h-index: 38 | Speed: 9.6 profs/s | ETA: 0.6m
[2026-09-19 19:43:30] [INFO] [439/787] ( 55.8%) [SAVED] Paul Atzberger            | University of California- | Works: 105, Cites:  1792, h-index: 23 | Speed: 9.5 profs/s | ETA: 0.6m
[2026-09-19 19:43:30] [INFO] [440/787] ( 55.9%) [SAVED] Igor Mezic                | University of California- | Works: 429, Cites: 19210, h-index: 51 | Speed: 9.5 profs/s | ETA: 0.6m
[2026-09-19 19:43:30] [INFO] [561/787] ( 71.3%) [SAVED] Thomas Breunung           | University of Wisconsin-M | Works:  32, Cites:   163, h-index:  7 | Speed: 1.6 profs/s | ETA: 2.4m
[2026-09-19 19:43:30] [INFO] [562/787] ( 71.4%) [SAVED] Fabian Waleffe            | University of Wisconsin-M | Works:  67, Cites:  5930, h-index: 22 | Speed: 1.6 profs/s | ETA: 2.4m
[2026-09-19 19:43:31] [INFO] [563/787] ( 71.5%) [SAVED] Ilya Avdeev               | University of Wisconsin-M | Works:  49, Cites:   659, h-index: 12 | Speed: 1.6 profs/s | ETA: 2.4m
[2026-09-19 19:43:31] [INFO] [564/787] ( 71.7%) [SAVED] Ryoichi S. Amano          | University of Wisconsin-M | Works: 421, Cites:  3352, h-index: 29 | Speed: 1.6 profs/s | ETA: 2.4m
[2026-09-19 19:43:33] [INFO] [441/787] ( 56.0%) [SAVED] Kareem Ahmed              | University of Central Flo | Works: 357, Cites:  2262, h-index: 24 | Speed: 8.9 profs/s | ETA: 0.6m
[2026-09-19 19:43:33] [INFO] [442/787] ( 56.2%) [SAVED] Samik Bhattacharya        | University of Central Flo | Works:  59, Cites:   424, h-index: 13 | Speed: 9.0 profs/s | ETA: 0.6m
[2026-09-19 19:43:33] [INFO] [443/787] ( 56.3%) [SAVED] Jeffrey L. Kauffman       | University of Central Flo | Works: 109, Cites:   687, h-index: 13 | Speed: 9.0 profs/s | ETA: 0.6m
[2026-09-19 19:43:33] [INFO] [444/787] ( 56.4%) [SAVED] Subith Vasu               | University of Central Flo | Works: 435, Cites:  5800, h-index: 37 | Speed: 9.0 profs/s | ETA: 0.6m
[2026-09-19 19:43:33] [INFO] [565/787] ( 71.8%) [SAVED] William D. Musinski       | University of Wisconsin-M | Works:  39, Cites:   800, h-index: 15 | Speed: 1.6 profs/s | ETA: 2.4m
[2026-09-19 19:43:34] [INFO] [566/787] ( 71.9%) [SAVED] Nathan Salowitz           | University of Wisconsin-M | Works:  61, Cites:   651, h-index: 14 | Speed: 1.6 profs/s | ETA: 2.4m
[2026-09-19 19:43:34] [INFO] [567/787] ( 72.0%) [SAVED] Jonathan W. Naughton      | University of Wyoming     | Works: 260, Cites:  3749, h-index: 22 | Speed: 1.6 profs/s | ETA: 2.4m
[2026-09-19 19:43:34] [INFO] [568/787] ( 72.2%) [SAVED] Michael Stoellinger       | University of Wyoming     | Works:  52, Cites:   353, h-index: 10 | Speed: 1.6 profs/s | ETA: 2.3m
[2026-09-19 19:43:36] [INFO] [569/787] ( 72.3%) [SAVED] Koen Groot                | University of Wyoming     | Works:  41, Cites:   445, h-index:  9 | Speed: 1.6 profs/s | ETA: 2.3m
[2026-09-19 19:43:36] [INFO] [445/787] ( 56.5%) [SAVED] Tuhin Das                 | University of Central Flo | Works: 140, Cites:  1102, h-index: 18 | Speed: 8.5 profs/s | ETA: 0.7m
[2026-09-19 19:43:37] [INFO] [446/787] ( 56.7%) [SAVED] Prashant Khare            | University of Cincinnati  | Works: 123, Cites:   781, h-index: 17 | Speed: 8.4 profs/s | ETA: 0.7m
[2026-09-19 19:43:37] [INFO] [447/787] ( 56.8%) [SAVED] Hansen A. Mansy           | University of Central Flo | Works:  86, Cites:  1081, h-index: 16 | Speed: 8.4 profs/s | ETA: 0.7m
[2026-09-19 19:43:37] [INFO] [570/787] ( 72.4%) [SAVED] Christopher J. Roy        | Virginia Tech             | Works: 260, Cites:  6752, h-index: 32 | Speed: 1.5 profs/s | ETA: 2.3m
[2026-09-19 19:43:37] [INFO] [448/787] ( 56.9%) [SAVED] Ephraim J. Gutmark        | University of Cincinnati  | Works: 963, Cites: 17267, h-index: 57 | Speed: 8.4 profs/s | ETA: 0.7m
[2026-09-19 19:43:37] [INFO] [571/787] ( 72.6%) [SAVED] K. Todd Lowe              | Virginia Tech             | Works: 265, Cites:  1480, h-index: 18 | Speed: 1.6 profs/s | ETA: 2.3m
[2026-09-19 19:43:37] [INFO] [572/787] ( 72.7%) [SAVED] William Devenport         | Virginia Tech             | Works: 378, Cites:  5727, h-index: 36 | Speed: 1.6 profs/s | ETA: 2.3m
[2026-09-19 19:43:39] [INFO] [573/787] ( 72.8%) [SAVED] Christine Gilbert         | Virginia Tech             | Works:  24, Cites:   108, h-index:  6 | Speed: 1.5 profs/s | ETA: 2.3m
[2026-09-19 19:43:39] [INFO] [449/787] ( 57.1%) [SAVED] Daniel R. Cuppoletti      | University of Cincinnati  | Works:  83, Cites:   421, h-index: 10 | Speed: 8.1 profs/s | ETA: 0.7m
[2026-09-19 19:43:39] [INFO] [574/787] ( 72.9%) [SAVED] Danesh Tafti              | Virginia Tech             | Works: 304, Cites:  6144, h-index: 41 | Speed: 1.6 profs/s | ETA: 2.3m
[2026-09-19 19:43:40] [INFO] [450/787] ( 57.2%) [SAVED] Abhinav Sinha             | University of Cincinnati  | Works: 127, Cites:  1043, h-index: 17 | Speed: 8.0 profs/s | ETA: 0.7m
[2026-09-19 19:43:40] [INFO] [451/787] ( 57.3%) [SAVED] Kelly Cohen               | University of Cincinnati  | Works: 375, Cites:  3366, h-index: 29 | Speed: 8.0 profs/s | ETA: 0.7m
[2026-09-19 19:43:41] [INFO] [452/787] ( 57.4%) [SAVED] Ahmed Allam               | University of Cincinnati  | Works: 197, Cites:  2357, h-index: 22 | Speed: 7.9 profs/s | ETA: 0.7m
[2026-09-19 19:43:41] [INFO] [575/787] ( 73.1%) [SAVED] Mark A. Stremler          | Virginia Tech             | Works: 144, Cites:  3353, h-index: 22 | Speed: 1.5 profs/s | ETA: 2.3m
[2026-09-19 19:43:41] [INFO] [576/787] ( 73.2%) [SAVED] Konstantin Matveev        | Washington State Universi | Works: 226, Cites:  1935, h-index: 22 | Speed: 1.5 profs/s | ETA: 2.3m
[2026-09-19 19:43:43] [INFO] [453/787] ( 57.6%) [SAVED] Iain D. Boyd              | University of Colorado Bo | Works: 944, Cites: 15428, h-index: 63 | Speed: 7.6 profs/s | ETA: 0.7m
[2026-09-19 19:43:43] [INFO] [577/787] ( 73.3%) [SAVED] Prashanta Dutta           | Washington State Universi | Works: 306, Cites: 10460, h-index: 41 | Speed: 1.5 profs/s | ETA: 2.3m
[2026-09-19 19:43:43] [INFO] [578/787] ( 73.4%) [SAVED] Jin Liu                   | Washington State Universi | Works: 1309, Cites: 22961, h-index: 65 | Speed: 1.5 profs/s | ETA: 2.3m
[2026-09-19 19:43:44] [INFO] [454/787] ( 57.7%) [SAVED] Manish Kumar              | University of Cincinnati  | Works: 659, Cites: 16699, h-index: 66 | Speed: 7.6 profs/s | ETA: 0.7m
[2026-09-19 19:43:44] [INFO] [455/787] ( 57.8%) [SAVED] Robyn Macdonald           | University of Colorado Bo | Works:  38, Cites:   588, h-index:  8 | Speed: 7.6 profs/s | ETA: 0.7m
[2026-09-19 19:43:44] [INFO] [456/787] ( 57.9%) [SAVED] Kenneth E. Jansen         | University of Colorado Bo | Works: 273, Cites:  7991, h-index: 40 | Speed: 7.5 profs/s | ETA: 0.7m
[2026-09-19 19:43:44] [INFO] [579/787] ( 73.6%) [SAVED] Ramesh K. Agarwal         | Washington University in  | Works: 1105, Cites: 14162, h-index: 60 | Speed: 1.5 profs/s | ETA: 2.2m
[2026-09-19 19:43:45] [INFO] [580/787] ( 73.7%) [SAVED] Philip Bayly              | Washington University in  | Works: 321, Cites: 11632, h-index: 60 | Speed: 1.5 profs/s | ETA: 2.2m
[2026-09-19 19:43:46] [INFO] [457/787] ( 58.1%) [SAVED] Alireza Doostan           | University of Colorado Bo | Works: 181, Cites:  4142, h-index: 33 | Speed: 7.3 profs/s | ETA: 0.8m
[2026-09-19 19:43:47] [INFO] [581/787] ( 73.8%) [SAVED] Gbemeho Agbaglah          | Wayne State University    | Works:  24, Cites:   321, h-index:  8 | Speed: 1.5 profs/s | ETA: 2.2m
[2026-09-19 19:43:47] [INFO] [582/787] ( 74.0%) [SAVED] Omid Samimi Abianeh       | Wayne State University    | Works:  50, Cites:   676, h-index: 12 | Speed: 1.5 profs/s | ETA: 2.2m
[2026-09-19 19:43:47] [INFO] [583/787] ( 74.1%) [SAVED] Amit Pathak               | Washington University in  | Works: 129, Cites:  3013, h-index: 24 | Speed: 1.5 profs/s | ETA: 2.2m
[2026-09-19 19:43:48] [INFO] [458/787] ( 58.2%) [SAVED] Brian Argrow              | University of Colorado Bo | Works: 217, Cites:  3043, h-index: 29 | Speed: 7.2 profs/s | ETA: 0.8m
[2026-09-19 19:43:48] [INFO] [459/787] ( 58.3%) [SAVED] Nicole Labbe              | University of Colorado Bo | Works: 150, Cites:  5209, h-index: 40 | Speed: 7.1 profs/s | ETA: 0.8m
[2026-09-19 19:43:48] [INFO] [460/787] ( 58.4%) [SAVED] Peter Hamlington          | University of Colorado Bo | Works: 215, Cites:  2202, h-index: 25 | Speed: 7.2 profs/s | ETA: 0.8m
[2026-09-19 19:43:48] [INFO] [584/787] ( 74.2%) [SAVED] Sean Wu                   | Wayne State University    | Works: 249, Cites:  2432, h-index: 20 | Speed: 1.5 profs/s | ETA: 2.2m
[2026-09-19 19:43:49] [INFO] [585/787] ( 74.3%) [SAVED] Nabil Chalhoub            | Wayne State University    | Works:  62, Cites:   781, h-index: 16 | Speed: 1.5 profs/s | ETA: 2.2m
[2026-09-19 19:43:50] [INFO] [586/787] ( 74.5%) [SAVED] Chin-An Tan               | Wayne State University    | Works:  85, Cites:  1185, h-index: 18 | Speed: 1.5 profs/s | ETA: 2.2m
[2026-09-19 19:43:50] [INFO] [461/787] ( 58.6%) [SAVED] Tianfeng Lu               | University of Connecticut | Works: 193, Cites: 11392, h-index: 52 | Speed: 7.0 profs/s | ETA: 0.8m
[2026-09-19 19:43:51] [INFO] [587/787] ( 74.6%) [SAVED] M. Arif Hasan             | Wayne State University    | Works: 128, Cites:  1939, h-index: 24 | Speed: 1.5 profs/s | ETA: 2.2m
[2026-09-19 19:43:51] [INFO] [462/787] ( 58.7%) [SAVED] Georgios Matheou          | University of Connecticut | Works: 116, Cites:  1474, h-index: 23 | Speed: 6.8 profs/s | ETA: 0.8m
[2026-09-19 19:43:52] [INFO] [463/787] ( 58.8%) [SAVED] Chih-Jen Sung             | University of Connecticut | Works: 370, Cites: 16680, h-index: 70 | Speed: 6.8 profs/s | ETA: 0.8m
[2026-09-19 19:43:52] [INFO] [588/787] ( 74.7%) [SAVED] Longsheng Feng            | Wayne State University    | Works:  47, Cites:   437, h-index: 10 | Speed: 1.5 profs/s | ETA: 2.2m
[2026-09-19 19:43:52] [INFO] [589/787] ( 74.8%) [SAVED] Mahbub Islam              | Wayne State University    | Works: 124, Cites:  5199, h-index: 33 | Speed: 1.5 profs/s | ETA: 2.1m
[2026-09-19 19:43:53] [INFO] [464/787] ( 59.0%) [SAVED] Baki Cetegen              | University of Connecticut | Works: 143, Cites:  6006, h-index: 42 | Speed: 6.7 profs/s | ETA: 0.8m
[2026-09-19 19:43:53] [INFO] [465/787] ( 59.1%) [SAVED] Xinyu Zhao                | University of Connecticut | Works: 937, Cites: 17340, h-index: 65 | Speed: 6.7 profs/s | ETA: 0.8m
[2026-09-19 19:43:53] [INFO] [590/787] ( 75.0%) [SAVED] Mohammad A. Bukhari       | Wayne State University    | Works:  48, Cites:   381, h-index:  8 | Speed: 1.5 profs/s | ETA: 2.1m
[2026-09-19 19:43:54] [INFO] [591/787] ( 75.1%) [SAVED] V'yacheslav Akkerman      | West Virginia University  | Works: 134, Cites:  2468, h-index: 28 | Speed: 1.5 profs/s | ETA: 2.1m
[2026-09-19 19:43:55] [INFO] [466/787] ( 59.2%) [SAVED] Markus Peer Rumpfkeil     | University of Dayton      | Works:  90, Cites:  1054, h-index: 18 | Speed: 6.5 profs/s | ETA: 0.8m
[2026-09-19 19:43:55] [INFO] [467/787] ( 59.3%) [SAVED] Sidaard Gunasekaran       | University of Dayton      | Works: 106, Cites:   240, h-index:  7 | Speed: 6.5 profs/s | ETA: 0.8m
[2026-09-19 19:43:55] [INFO] [592/787] ( 75.2%) [SAVED] Jason N. Gross            | West Virginia University  | Works: 119, Cites:  2423, h-index: 25 | Speed: 1.5 profs/s | ETA: 2.1m
[2026-09-19 19:43:56] [INFO] [468/787] ( 59.5%) [SAVED] Darrell S. Crowe          | University of Dayton      | Works:  29, Cites:   119, h-index:  5 | Speed: 6.5 profs/s | ETA: 0.8m
[2026-09-19 19:43:56] [INFO] [469/787] ( 59.6%) [SAVED] Abdullah Al Amin          | University of Dayton      | Works:  47, Cites:   609, h-index: 13 | Speed: 6.4 profs/s | ETA: 0.8m
[2026-09-19 19:43:57] [INFO] [593/787] ( 75.3%) [SAVED] Piyush M. Mehta           | West Virginia University  | Works: 179, Cites:  1411, h-index: 21 | Speed: 1.5 profs/s | ETA: 2.1m
[2026-09-19 19:43:57] [INFO] [594/787] ( 75.5%) [SAVED] Mario Perhinschi          | West Virginia University  | Works: 172, Cites:  1997, h-index: 24 | Speed: 1.5 profs/s | ETA: 2.1m
[2026-09-19 19:43:57] [INFO] [595/787] ( 75.6%) [SAVED] Hailin Li                 | West Virginia University  | Works: 9286, Cites: 44623, h-index: 99 | Speed: 1.5 profs/s | ETA: 2.1m
[2026-09-19 19:43:58] [INFO] [470/787] ( 59.7%) [SAVED] David L. Burris           | University of Delaware    | Works: 127, Cites:  5895, h-index: 44 | Speed: 6.3 profs/s | ETA: 0.8m
[2026-09-19 19:43:58] [INFO] [471/787] ( 59.8%) [SAVED] Joseph Kuehl              | University of Delaware    | Works:  84, Cites:   886, h-index: 18 | Speed: 6.3 profs/s | ETA: 0.8m
[2026-09-19 19:43:59] [INFO] [596/787] ( 75.7%) [SAVED] Hang Woon Lee             | West Virginia University  | Works:  45, Cites:   137, h-index:  6 | Speed: 1.5 profs/s | ETA: 2.1m
[2026-09-19 19:43:59] [INFO] [472/787] ( 60.0%) [SAVED] Fabrice Veron             | University of Delaware    | Works: 126, Cites:  2940, h-index: 30 | Speed: 6.3 profs/s | ETA: 0.8m
[2026-09-19 19:44:00] [INFO] [597/787] ( 75.9%) [SAVED] Nadia Kianvashrad         | Wichita State University  | Works:  45, Cites:   211, h-index:  9 | Speed: 1.5 profs/s | ETA: 2.1m
[2026-09-19 19:44:00] [INFO] [598/787] ( 76.0%) [SAVED] James E. Steck            | Wichita State University  | Works: 194, Cites:  1522, h-index: 20 | Speed: 1.5 profs/s | ETA: 2.1m
[2026-09-19 19:44:01] [INFO] [473/787] ( 60.1%) [SAVED] Corin Segal               | University of Florida     | Works: 126, Cites:  2464, h-index: 25 | Speed: 6.1 profs/s | ETA: 0.9m
[2026-09-19 19:44:01] [INFO] [474/787] ( 60.2%) [SAVED] S. "Bala" Balachandar     | University of Florida     | Works: 677, Cites: 19572, h-index: 64 | Speed: 6.2 profs/s | ETA: 0.8m
[2026-09-19 19:44:01] [INFO] [599/787] ( 76.1%) [SAVED] Atri Dutta                | Wichita State University  | Works:  80, Cites:   630, h-index: 12 | Speed: 1.5 profs/s | ETA: 2.0m
[2026-09-19 19:44:02] [INFO] [600/787] ( 76.2%) [SAVED] Suresh Keshavanarayana    | Wichita State University  | Works:  25, Cites:    62, h-index:  4 | Speed: 1.5 profs/s | ETA: 2.0m
[2026-09-19 19:44:02] [INFO] [475/787] ( 60.4%) [SAVED] Lawrence S. Ukeiley       | University of Florida     | Works: 226, Cites:  5629, h-index: 34 | Speed: 6.0 profs/s | ETA: 0.9m
[2026-09-19 19:44:03] [INFO] [476/787] ( 60.5%) [SAVED] Subrata Roy               | University of Florida     | Works: 267, Cites:  4749, h-index: 36 | Speed: 6.0 profs/s | ETA: 0.9m
[2026-09-19 19:44:04] [INFO] [601/787] ( 76.4%) [SAVED] Ramazan Asmatulu          | Wichita State University  | Works: 436, Cites:  6533, h-index: 43 | Speed: 1.5 profs/s | ETA: 2.0m
[2026-09-19 19:44:04] [INFO] [477/787] ( 60.6%) [SAVED] Kamran Mohseni            | University of Florida     | Works: 436, Cites:  5346, h-index: 40 | Speed: 5.9 profs/s | ETA: 0.9m
[2026-09-19 19:44:04] [INFO] [602/787] ( 76.5%) [SAVED] J. Mitch Wolff            | Wright State University   | Works: 121, Cites:   824, h-index: 14 | Speed: 1.5 profs/s | ETA: 2.0m
[2026-09-19 19:44:04] [INFO] [603/787] ( 76.6%) [SAVED] Mitchell Smooke           | Yale University           | Works: 212, Cites: 10767, h-index: 53 | Speed: 1.5 profs/s | ETA: 2.0m
[2026-09-19 19:44:04] [INFO] [478/787] ( 60.7%) [SAVED] Patrick Musgrave          | University of Florida     | Works:  38, Cites:   201, h-index:  9 | Speed: 5.9 profs/s | ETA: 0.9m
[2026-09-19 19:44:04] [INFO] [604/787] ( 76.7%) [SAVED] Zifeng Yang               | Wright State University   | Works: 111, Cites:  1381, h-index: 21 | Speed: 1.5 profs/s | ETA: 2.0m
[2026-09-19 19:44:06] [INFO] [479/787] ( 60.9%) [SAVED] Claire Grégoire           | University of Florida     | Works:  47, Cites:   681, h-index: 13 | Speed: 5.8 profs/s | ETA: 0.9m
[2026-09-19 19:44:06] [INFO] [480/787] ( 61.0%) [SAVED] R. Benjamin Davis         | University of Georgia     | Works: 141, Cites:  3387, h-index: 21 | Speed: 5.8 profs/s | ETA: 0.9m
[2026-09-19 19:44:07] [INFO] [605/787] ( 76.9%) [SAVED] Madhusudhan Venkadesan    | Yale University           | Works:  58, Cites:  2856, h-index: 15 | Speed: 1.5 profs/s | ETA: 2.0m
[2026-09-19 19:44:07] [INFO] [606/787] ( 77.0%) [SAVED] Bauyrzhan Primkulov       | Yale University           | Works:  44, Cites:   999, h-index: 12 | Speed: 1.5 profs/s | ETA: 2.0m
[2026-09-19 19:44:07] [INFO] [607/787] ( 77.1%) [SAVED] Alessandro Gomez          | Yale University           | Works: 148, Cites:  6293, h-index: 43 | Speed: 1.5 profs/s | ETA: 2.0m
[2026-09-19 19:44:08] [INFO] [608/787] ( 77.3%) [SAVED] Amir A. Pahlavan          | Yale University           | Works:  92, Cites:  1394, h-index: 20 | Speed: 1.5 profs/s | ETA: 2.0m
[2026-09-19 19:44:08] [INFO] ================================================================================
[2026-09-19 19:44:08] [INFO] EXTRACTION PIPELINE COMPLETED
[2026-09-19 19:44:08] [INFO] Total Processed: 608
[2026-09-19 19:44:08] [INFO] Successfully Harvested & Saved: 208
[2026-09-19 19:44:08] [INFO] Already Cached (Skipped):       400
[2026-09-19 19:44:08] [INFO] Errors / Not Found:             0
[2026-09-19 19:44:08] [INFO] Total Elapsed Time:             6.64 minutes
[2026-09-19 19:44:08] [INFO] Output Directory:               d:\Others\findprofs\openalex_mechaero_faculty_json\universities_wise
[2026-09-19 19:44:08] [INFO] ================================================================================
[2026-09-19 19:44:08] [INFO] [481/787] ( 61.1%) [SAVED] Matthew V. Bilskie        | University of Georgia     | Works: 112, Cites:  2910, h-index: 27 | Speed: 5.7 profs/s | ETA: 0.9m
[2026-09-19 19:44:08] [INFO] [482/787] ( 61.2%) [SAVED] Brandon Rotavera          | University of Georgia     | Works:  96, Cites:  2441, h-index: 23 | Speed: 5.7 profs/s | ETA: 0.9m
[2026-09-19 19:44:09] [INFO] [483/787] ( 61.4%) [SAVED] Félix L. Santiago-Collazo | University of Georgia     | Works:  34, Cites:   389, h-index:  5 | Speed: 5.6 profs/s | ETA: 0.9m
[2026-09-19 19:44:10] [INFO] [484/787] ( 61.5%) [SAVED] C. Brock Woodson          | University of Georgia     | Works: 105, Cites:  3117, h-index: 35 | Speed: 5.6 profs/s | ETA: 0.9m
[2026-09-19 19:44:11] [INFO] [485/787] ( 61.6%) [SAVED] Kwok Fai Cheung           | University of Hawaii at M | Works: 171, Cites:  6656, h-index: 48 | Speed: 5.5 profs/s | ETA: 0.9m
[2026-09-19 19:44:12] [INFO] [486/787] ( 61.8%) [SAVED] Justin E. Stopa           | University of Hawaii at M | Works:  95, Cites:  3867, h-index: 33 | Speed: 5.5 profs/s | ETA: 0.9m
[2026-09-19 19:44:13] [INFO] [487/787] ( 61.9%) [SAVED] Eva-Marie Nosal           | University of Hawaii at M | Works: 100, Cites:  1175, h-index: 19 | Speed: 5.4 profs/s | ETA: 0.9m
[2026-09-19 19:44:14] [INFO] [488/787] ( 62.0%) [SAVED] Ersegun Deniz Gedikli     | University of Hawaii at M | Works:  45, Cites:   249, h-index:  8 | Speed: 5.4 profs/s | ETA: 0.9m
[2026-09-19 19:44:15] [INFO] [489/787] ( 62.1%) [SAVED] Dilmurat Azimov           | University of Hawaii at M | Works:  76, Cites:   210, h-index:  9 | Speed: 5.4 profs/s | ETA: 0.9m
[2026-09-19 19:44:16] [INFO] [490/787] ( 62.3%) [SAVED] Yi Y. Zuo                 | University of Hawaii at M | Works: 175, Cites:  7263, h-index: 49 | Speed: 5.3 profs/s | ETA: 0.9m
[2026-09-19 19:44:17] [INFO] [491/787] ( 62.4%) [SAVED] Karolos Grigoriadis       | University of Houston     | Works: 339, Cites:  6394, h-index: 37 | Speed: 5.3 profs/s | ETA: 0.9m
[2026-09-19 19:44:18] [INFO] [492/787] ( 62.5%) [SAVED] Di Yang                   | University of Houston     | Works: 115, Cites:  6851, h-index: 39 | Speed: 5.2 profs/s | ETA: 0.9m
[2026-09-19 19:44:18] [INFO] [493/787] ( 62.6%) [SAVED] Daniel Floryan            | University of Houston     | Works:  67, Cites:  1035, h-index: 15 | Speed: 5.2 profs/s | ETA: 0.9m
[2026-09-19 19:44:19] [INFO] [494/787] ( 62.8%) [SAVED] Myoungkyu Lee             | University of Houston     | Works:  71, Cites:  2478, h-index: 14 | Speed: 5.2 profs/s | ETA: 0.9m
[2026-09-19 19:44:21] [INFO] [495/787] ( 62.9%) [SAVED] Tao Xing                  | University of Idaho       | Works: 118, Cites:  2186, h-index: 28 | Speed: 5.1 profs/s | ETA: 1.0m
[2026-09-19 19:44:21] [INFO] [496/787] ( 63.0%) [SAVED] Gianluca Blois            | University of Idaho       | Works: 129, Cites:   989, h-index: 19 | Speed: 5.1 profs/s | ETA: 1.0m
[2026-09-19 19:44:22] [INFO] [497/787] ( 63.2%) [SAVED] Vibhav Durgesh            | University of Idaho       | Works:  69, Cites:   676, h-index: 10 | Speed: 5.1 profs/s | ETA: 1.0m
[2026-09-19 19:44:22] [INFO] [498/787] ( 63.3%) [SAVED] Kamal Kumar               | University of Idaho       | Works:  54, Cites:  3166, h-index: 20 | Speed: 5.1 profs/s | ETA: 1.0m
[2026-09-19 19:44:25] [INFO] [499/787] ( 63.4%) [SAVED] Daniel J. Robertson       | University of Idaho       | Works: 158, Cites:  2943, h-index: 31 | Speed: 4.9 profs/s | ETA: 1.0m
[2026-09-19 19:44:25] [INFO] [500/787] ( 63.5%) [SAVED] Daniele Tonina            | University of Idaho       | Works: 256, Cites:  6050, h-index: 43 | Speed: 4.9 profs/s | ETA: 1.0m
[2026-09-19 19:44:26] [INFO] [501/787] ( 63.7%) [SAVED] Constantine M. Megaridis  | University of Illinois Ch | Works: 250, Cites: 11758, h-index: 56 | Speed: 4.9 profs/s | ETA: 1.0m
[2026-09-19 19:44:27] [INFO] [502/787] ( 63.8%) [SAVED] Zachariah Etienne         | University of Idaho       | Works: 244, Cites: 52104, h-index: 78 | Speed: 4.8 profs/s | ETA: 1.0m
[2026-09-19 19:44:28] [INFO] [503/787] ( 63.9%) [SAVED] Jonathan Komperda         | University of Illinois Ch | Works:  29, Cites:   332, h-index: 10 | Speed: 4.8 profs/s | ETA: 1.0m
[2026-09-19 19:44:29] [INFO] ================================================================================
[2026-09-19 19:44:29] [INFO] STARTING OPENALEX FACULTY RESEARCH JSON EXTRACTION PIPELINE
[2026-09-19 19:44:29] [INFO] Target Sheet: Master - All Live Verified
[2026-09-19 19:44:29] [INFO] Destination:  d:\Others\findprofs\openalex_mechaero_faculty_json\universities_wise
[2026-09-19 19:44:29] [INFO] Date Filter:  2023-01-01 to 2026-06-30 (Mid-2026)
[2026-09-19 19:44:29] [INFO] ================================================================================
[2026-09-19 19:44:29] [INFO] [504/787] ( 64.0%) [SAVED] Parisa Mirbod             | University of Illinois Ch | Works: 108, Cites:   595, h-index: 15 | Speed: 4.8 profs/s | ETA: 1.0m
[2026-09-19 19:44:29] [INFO] [505/787] ( 64.2%) [SAVED] Alexander Yarin           | University of Illinois Ch | Works: 672, Cites: 38446, h-index: 83 | Speed: 4.8 profs/s | ETA: 1.0m
[2026-09-19 19:44:30] [INFO] Total verified faculty members with valid OpenAlex ID: 787
[2026-09-19 19:44:30] [INFO] Running multi-threaded harvesting pool with 4 workers...
[2026-09-19 19:44:30] [INFO] [  1/787] [ALREADY CACHED] Marcus Herrmann | Arizona State University -> marcus_herrmann.json
[2026-09-19 19:44:30] [INFO] [  2/787] [ALREADY CACHED] Kiran Ramesh | Arizona State University -> kiran_ramesh.json
[2026-09-19 19:44:30] [INFO] [  3/787] [ALREADY CACHED] Kyle Squires | Arizona State University -> kyle_squires.json
[2026-09-19 19:44:30] [INFO] [  5/787] [ALREADY CACHED] Brian Thurow | Auburn University -> brian_thurow.json
[2026-09-19 19:44:30] [INFO] [  4/787] [ALREADY CACHED] Houlong Zhuang | Arizona State University -> houlong_zhuang.json
[2026-09-19 19:44:30] [INFO] [  6/787] [ALREADY CACHED] Joe Majdalani | Auburn University -> joe_majdalani.json
[2026-09-19 19:44:30] [INFO] [  7/787] [ALREADY CACHED] Nek Sharan | Auburn University -> nek_sharan.json
[2026-09-19 19:44:30] [INFO] [  8/787] [ALREADY CACHED] Roy Hartfield | Auburn University -> roy_hartfield.json
[2026-09-19 19:44:30] [INFO] [  9/787] [ALREADY CACHED] David E Scarborough | Auburn University -> david_e_scarborough.json
[2026-09-19 19:44:30] [INFO] [ 12/787] [ALREADY CACHED] Ehsan Taheri | Auburn University -> ehsan_taheri.json
[2026-09-19 19:44:30] [INFO] [ 11/787] [ALREADY CACHED] Davide Guzzetti | Auburn University -> davide_guzzetti.json
[2026-09-19 19:44:30] [INFO] [ 10/787] [ALREADY CACHED] Imon Chakraborty | Auburn University -> imon_chakraborty.json
[2026-09-19 19:44:30] [INFO] [ 13/787] [ALREADY CACHED] Paul R. Chiarot | Binghamton University -> paul_r_chiarot.json
[2026-09-19 19:44:30] [INFO] [ 14/787] [ALREADY CACHED] Jifu Tan | Binghamton University -> jifu_tan.json
[2026-09-19 19:44:30] [INFO] [ 15/787] [ALREADY CACHED] Cosan Daskiran | Binghamton University -> cosan_daskiran.json
[2026-09-19 19:44:30] [INFO] [ 16/787] [ALREADY CACHED] Sheryl Grace | Boston University -> sheryl_grace.json
[2026-09-19 19:44:30] [INFO] [ 18/787] [ALREADY CACHED] Sean B. Andersson | Boston University -> sean_b_andersson.json
[2026-09-19 19:44:30] [INFO] [ 20/787] [ALREADY CACHED] Douglas P. Holmes | Boston University -> douglas_p_holmes.json
[2026-09-19 19:44:30] [INFO] [ 19/787] [ALREADY CACHED] Raymond Nagem | Boston University -> raymond_nagem.json
[2026-09-19 19:44:30] [INFO] [ 21/787] [ALREADY CACHED] Kenneth S. Breuer | Brown University -> kenneth_s_breuer.json
[2026-09-19 19:44:30] [INFO] [ 17/787] [ALREADY CACHED] James C. Bird | Boston University -> james_c_bird.json
[2026-09-19 19:44:30] [INFO] [ 22/787] [ALREADY CACHED] Daniel M. Harris | Brown University -> daniel_m_harris.json
[2026-09-19 19:44:30] [INFO] [ 23/787] [ALREADY CACHED] Mauro Rodriguez Jr. | Brown University -> mauro_rodriguez_jr.json
[2026-09-19 19:44:30] [INFO] [ 24/787] [ALREADY CACHED] Roberto Zenit | Brown University -> roberto_zenit.json
[2026-09-19 19:44:30] [INFO] [ 25/787] [ALREADY CACHED] Monica Martinez Wilhelmus | Brown University -> monica_martinez_wilhelmus.json
[2026-09-19 19:44:30] [INFO] [ 28/787] [ALREADY CACHED] H. Jane Bae | California Institute of Technology -> h_jane_bae.json
[2026-09-19 19:44:30] [INFO] [ 27/787] [ALREADY CACHED] Joanna M. Austin | California Institute of Technology -> joanna_m_austin.json
[2026-09-19 19:44:30] [INFO] [ 26/787] [ALREADY CACHED] George Em Karniadakis | Brown University -> george_em_karniadakis.json
[2026-09-19 19:44:30] [INFO] [ 30/787] [ALREADY CACHED] Tim Colonius | California Institute of Technology -> tim_colonius.json
[2026-09-19 19:44:30] [INFO] [ 31/787] [ALREADY CACHED] John O. Dabiri | California Institute of Technology -> john_o_dabiri.json
[2026-09-19 19:44:30] [INFO] [ 29/787] [ALREADY CACHED] Guillaume Blanquart | California Institute of Technology -> guillaume_blanquart.json
[2026-09-19 19:44:30] [INFO] [ 32/787] [ALREADY CACHED] Morteza (Mory) Gharib | California Institute of Technology -> morteza_mory_gharib.json
[2026-09-19 19:44:30] [INFO] [ 34/787] [ALREADY CACHED] Joseph E. Shepherd | California Institute of Technology -> joseph_e_shepherd.json
[2026-09-19 19:44:30] [INFO] [ 35/787] [ALREADY CACHED] Amir Barati Farimani | Carnegie Mellon University -> amir_barati_farimani.json
[2026-09-19 19:44:30] [INFO] [ 33/787] [ALREADY CACHED] Adrian Lozano-Duran | California Institute of Technology -> adrian_lozano_duran.json
[2026-09-19 19:44:30] [INFO] [ 36/787] [ALREADY CACHED] Gerald J. Wang | Carnegie Mellon University -> gerald_j_wang.json
[2026-09-19 19:44:30] [INFO] [ 37/787] [ALREADY CACHED] Shelley L. Anna | Carnegie Mellon University -> shelley_l_anna.json
[2026-09-19 19:44:30] [INFO] [ 38/787] [ALREADY CACHED] Philip LeDuc | Carnegie Mellon University -> philip_leduc.json
[2026-09-19 19:44:30] [INFO] [ 39/787] [ALREADY CACHED] Carmel Majidi | Carnegie Mellon University -> carmel_majidi.json
[2026-09-19 19:44:30] [INFO] [ 40/787] [ALREADY CACHED] Joshua Bostwick | Clemson University -> joshua_bostwick.json
[2026-09-19 19:44:30] [INFO] [ 41/787] [ALREADY CACHED] Zhen Li | Clemson University -> zhen_li.json
[2026-09-19 19:44:30] [INFO] [ 44/787] [ALREADY CACHED] Phanindra Tallapragada | Clemson University -> phanindra_tallapragada.json
[2026-09-19 19:44:30] [INFO] [ 43/787] [ALREADY CACHED] Hassan Masoud | Clemson University -> hassan_masoud.json
[2026-09-19 19:44:30] [INFO] [ 42/787] [ALREADY CACHED] Ethan Kung | Clemson University -> ethan_kung.json
[2026-09-19 19:44:30] [INFO] [ 45/787] [ALREADY CACHED] Chenning Tong | Clemson University -> chenning_tong.json
[2026-09-19 19:44:30] [INFO] [ 47/787] [ALREADY CACHED] Denis Aslangil | Colorado School of Mines -> denis_aslangil.json
[2026-09-19 19:44:30] [INFO] [ 48/787] [ALREADY CACHED] Veronica Eliasson | Colorado School of Mines -> veronica_eliasson.json
[2026-09-19 19:44:30] [INFO] [ 46/787] [ALREADY CACHED] Yuhao Xu | Clemson University -> yuhao_xu.json
[2026-09-19 19:44:30] [INFO] [ 49/787] [ALREADY CACHED] Rajavasanth Rajasegar | Colorado School of Mines -> rajavasanth_rajasegar.json
[2026-09-19 19:44:30] [INFO] [ 50/787] [ALREADY CACHED] Nils Tilton | Colorado School of Mines -> nils_tilton.json
[2026-09-19 19:44:30] [INFO] [ 51/787] [ALREADY CACHED] Robert J. Kee | Colorado School of Mines -> robert_j_kee.json
[2026-09-19 19:44:30] [INFO] [ 52/787] [ALREADY CACHED] Ciprian Dumitrache | Colorado State University -> ciprian_dumitrache.json
[2026-09-19 19:44:30] [INFO] [ 54/787] [ALREADY CACHED] Azer Yalin | Colorado State University -> azer_yalin.json
[2026-09-19 19:44:30] [INFO] [ 53/787] [ALREADY CACHED] Bret Windom | Colorado State University -> bret_windom.json
[2026-09-19 19:44:30] [INFO] [ 55/787] [ALREADY CACHED] Subhas Karan Venayagamoorthy | Colorado State University -> subhas_karan_venayagamoorthy.json
[2026-09-19 19:44:30] [INFO] [ 56/787] [ALREADY CACHED] Gregory Paul Bewley | Cornell University -> gregory_paul_bewley.json
[2026-09-19 19:44:30] [INFO] [ 58/787] [ALREADY CACHED] Jian-Xun Wang | Cornell University -> jian_xun_wang.json
[2026-09-19 19:44:30] [INFO] [ 59/787] [ALREADY CACHED] Z. Jane Wang | Cornell University -> z_jane_wang.json
[2026-09-19 19:44:30] [INFO] [ 57/787] [ALREADY CACHED] Olivier Desjardins | Cornell University -> olivier_desjardins.json
[2026-09-19 19:44:30] [INFO] [ 60/787] [ALREADY CACHED] Elaine Petro | Cornell University -> elaine_petro.json
[2026-09-19 19:44:30] [INFO] [ 61/787] [ALREADY CACHED] Perrine Pepiot | Cornell University -> perrine_pepiot.json
[2026-09-19 19:44:30] [INFO] [ 62/787] [ALREADY CACHED] Silvia Ferrari | Cornell University -> silvia_ferrari.json
[2026-09-19 19:44:30] [INFO] [ 63/787] [ALREADY CACHED] Mason Peck | Cornell University -> mason_peck.json
[2026-09-19 19:44:30] [INFO] [ 64/787] [ALREADY CACHED] Benoit Cushman-Roisin | Dartmouth College -> benoit_cushman_roisin.json
[2026-09-19 19:44:30] [INFO] [ 65/787] [ALREADY CACHED] Colin R. Meyer | Dartmouth College -> colin_r_meyer.json
[2026-09-19 19:44:30] [INFO] [ 66/787] [ALREADY CACHED] Yan Li | Dartmouth College -> yan_li.json
[2026-09-19 19:44:30] [INFO] [ 67/787] [ALREADY CACHED] Mary Albert | Dartmouth College -> mary_albert.json
[2026-09-19 19:44:30] [INFO] [ 68/787] [ALREADY CACHED] Alexander Fridman | Drexel University -> alexander_fridman.json
[2026-09-19 19:44:30] [INFO] [ 69/787] [ALREADY CACHED] James Tangorra | Drexel University -> james_tangorra.json
[2026-09-19 19:44:30] [INFO] [ 70/787] [ALREADY CACHED] Hongseok Moses Noh | Drexel University -> hongseok_moses_noh.json
[2026-09-19 19:44:30] [INFO] [ 72/787] [ALREADY CACHED] Earl H. Dowell | Duke University -> earl_h_dowell.json
[2026-09-19 19:44:30] [INFO] [ 71/787] [ALREADY CACHED] Laura Ray | Dartmouth College -> laura_ray.json
[2026-09-19 19:44:30] [INFO] [ 75/787] [ALREADY CACHED] Wilkins Aquino | Duke University -> wilkins_aquino.json
[2026-09-19 19:44:30] [INFO] [ 74/787] [ALREADY CACHED] Kenneth C. Hall | Duke University -> kenneth_c_hall.json
[2026-09-19 19:44:30] [INFO] [ 73/787] [ALREADY CACHED] Sorin Siegler | Drexel University -> sorin_siegler.json
[2026-09-19 19:44:30] [INFO] [ 76/787] [ALREADY CACHED] Lawrie Virgin | Duke University -> lawrie_virgin.json
[2026-09-19 19:44:30] [INFO] [ 79/787] [ALREADY CACHED] Anouck Girard | Embry-Riddle Aeronautical University -> anouck_girard.json
[2026-09-19 19:44:30] [INFO] [ 78/787] [ALREADY CACHED] Michael Zavlanos | Duke University -> michael_zavlanos.json
[2026-09-19 19:44:30] [INFO] [ 77/787] [ALREADY CACHED] Bavand Keshavarz | Duke University -> bavand_keshavarz.json
[2026-09-19 19:44:30] [INFO] [ 80/787] [ALREADY CACHED] William Engblom | Embry-Riddle Aeronautical University -> william_engblom.json
[2026-09-19 19:44:30] [INFO] [ 83/787] [ALREADY CACHED] Hever Moncayo | Embry-Riddle Aeronautical University -> hever_moncayo.json
[2026-09-19 19:44:30] [INFO] [ 82/787] [ALREADY CACHED] Eric Perrell | Embry-Riddle Aeronautical University -> eric_perrell.json
[2026-09-19 19:44:30] [INFO] [ 81/787] [ALREADY CACHED] Andrea Da Ronch | Embry-Riddle Aeronautical University -> andrea_da_ronch.json
[2026-09-19 19:44:30] [INFO] [ 84/787] [ALREADY CACHED] Troy Henderson | Embry-Riddle Aeronautical University -> troy_henderson.json
[2026-09-19 19:44:30] [INFO] [ 85/787] [ALREADY CACHED] Reza Jahanbakhshi | Florida Institute of Technology -> reza_jahanbakhshi.json
[2026-09-19 19:44:30] [INFO] [ 86/787] [ALREADY CACHED] Kibaek Lee | Florida Institute of Technology -> kibaek_lee.json
[2026-09-19 19:44:30] [INFO] [ 87/787] [ALREADY CACHED] Daniel Kirk | Florida Institute of Technology -> daniel_kirk.json
[2026-09-19 19:44:30] [INFO] [ 88/787] [ALREADY CACHED] Chelakara S. Subramanian | Florida Institute of Technology -> chelakara_s_subramanian.json
[2026-09-19 19:44:30] [INFO] [ 90/787] [ALREADY CACHED] Madhur Tiwari | Florida Institute of Technology -> madhur_tiwari.json
[2026-09-19 19:44:30] [INFO] [ 91/787] [ALREADY CACHED] Manasvi Lingam | Florida Institute of Technology -> manasvi_lingam.json
[2026-09-19 19:44:30] [INFO] [ 89/787] [ALREADY CACHED] Camilo Riano-Rios | Florida Institute of Technology -> camilo_riano_rios.json
[2026-09-19 19:44:30] [INFO] [ 92/787] [ALREADY CACHED] Tanaji Paul | Florida International University -> tanaji_paul.json
[2026-09-19 19:44:30] [INFO] [ 95/787] [ALREADY CACHED] Farrukh Alvi | Florida State University -> farrukh_alvi.json
[2026-09-19 19:44:30] [INFO] [ 94/787] [ALREADY CACHED] Rajan Kumar | Florida State University -> rajan_kumar.json
[2026-09-19 19:44:30] [INFO] [ 93/787] [ALREADY CACHED] Dwayne McDaniel | Florida International University -> dwayne_mcdaniel.json
[2026-09-19 19:44:30] [INFO] [ 96/787] [ALREADY CACHED] Chiang Shih | Florida State University -> chiang_shih.json
[2026-09-19 19:44:30] [INFO] [ 97/787] [ALREADY CACHED] Kourosh Shoele | Florida State University -> kourosh_shoele.json
[2026-09-19 19:44:30] [INFO] [ 98/787] [ALREADY CACHED] Unnikrishnan Sasidharan Nair | Florida State University -> unnikrishnan_sasidharan_nair.json
[2026-09-19 19:44:30] [INFO] [100/787] [ALREADY CACHED] Huixuan Wu | Florida State University -> huixuan_wu.json
[2026-09-19 19:44:30] [INFO] [ 99/787] [ALREADY CACHED] Neda Yaghoobian | Florida State University -> neda_yaghoobian.json
[2026-09-19 19:44:30] [INFO] [101/787] [ALREADY CACHED] Jonathan Clark | Florida State University -> jonathan_clark.json
[2026-09-19 19:44:30] [INFO] [102/787] [ALREADY CACHED] Christian Hubicki | Florida State University -> christian_hubicki.json
[2026-09-19 19:44:30] [INFO] [103/787] [ALREADY CACHED] Leigh McCue-Weil | George Mason University -> leigh_mccue_weil.json
[2026-09-19 19:44:30] [INFO] [104/787] [ALREADY CACHED] Pouya Rezai | George Mason University -> pouya_rezai.json
[2026-09-19 19:44:30] [INFO] [105/787] [ALREADY CACHED] Jeffrey L. Moran | George Mason University -> jeffrey_l_moran.json
[2026-09-19 19:44:30] [INFO] [106/787] [ALREADY CACHED] Daigo Shishika | George Mason University -> daigo_shishika.json
[2026-09-19 19:44:30] [INFO] [107/787] [ALREADY CACHED] Philippe M. Bardet | George Washington University -> philippe_m_bardet.json
[2026-09-19 19:44:30] [INFO] [108/787] [ALREADY CACHED] Elias Balaras | George Washington University -> elias_balaras.json
[2026-09-19 19:44:30] [INFO] [109/787] [ALREADY CACHED] Michael Keidar | George Washington University -> michael_keidar.json
[2026-09-19 19:44:30] [INFO] [110/787] [ALREADY CACHED] Megan C. Leftwich | George Washington University -> megan_c_leftwich.json
[2026-09-19 19:44:30] [INFO] [113/787] [ALREADY CACHED] Kausik Sarkar | George Washington University -> kausik_sarkar.json
[2026-09-19 19:44:30] [INFO] [112/787] [ALREADY CACHED] Taeyoung Lee | George Washington University -> taeyoung_lee.json
[2026-09-19 19:44:30] [INFO] [111/787] [ALREADY CACHED] Matthew J. Rau | George Washington University -> matthew_j_rau.json
[2026-09-19 19:44:30] [INFO] [114/787] [ALREADY CACHED] Petros Koumoutsakos | Harvard University -> petros_koumoutsakos.json
[2026-09-19 19:44:30] [INFO] [115/787] [ALREADY CACHED] Michael P. Brenner | Harvard University -> michael_p_brenner.json
[2026-09-19 19:44:30] [INFO] [116/787] [ALREADY CACHED] L. Mahadevan | Harvard University -> l_mahadevan.json
[2026-09-19 19:44:30] [INFO] [117/787] [ALREADY CACHED] Robin Wordsworth | Harvard University -> robin_wordsworth.json
[2026-09-19 19:44:30] [INFO] [118/787] [ALREADY CACHED] Katia Bertoldi | Harvard University -> katia_bertoldi.json
[2026-09-19 19:44:30] [INFO] [119/787] [ALREADY CACHED] Daniel J. Jacob | Harvard University -> daniel_j_jacob.json
[2026-09-19 19:44:30] [INFO] [120/787] [ALREADY CACHED] Robert J. Wood | Harvard University -> robert_j_wood.json
[2026-09-19 19:44:30] [INFO] [121/787] [ALREADY CACHED] Achille Messac | Howard University -> achille_messac.json
[2026-09-19 19:44:30] [INFO] [122/787] [ALREADY CACHED] Louis N. Cattafesta III | Illinois Institute of Technology -> louis_n_cattafesta_iii.json
[2026-09-19 19:44:30] [INFO] [123/787] [ALREADY CACHED] Kevin W. Cassel | Illinois Institute of Technology -> kevin_w_cassel.json
[2026-09-19 19:44:30] [INFO] [124/787] [ALREADY CACHED] Scott T. M. Dawson | Illinois Institute of Technology -> scott_t_m_dawson.json
[2026-09-19 19:44:30] [INFO] [125/787] [ALREADY CACHED] Douglas W. Carter | Illinois Institute of Technology -> douglas_w_carter.json
[2026-09-19 19:44:30] [INFO] [126/787] [ALREADY CACHED] Carrie M. Hall | Illinois Institute of Technology -> carrie_m_hall.json
[2026-09-19 19:44:30] [INFO] [127/787] [ALREADY CACHED] Matthew Spenko | Illinois Institute of Technology -> matthew_spenko.json
[2026-09-19 19:44:30] [INFO] [128/787] [ALREADY CACHED] Ankit Srivastava | Illinois Institute of Technology -> ankit_srivastava.json
[2026-09-19 19:44:30] [INFO] [129/787] [ALREADY CACHED] Dietmar Rempfer | Illinois Institute of Technology -> dietmar_rempfer.json
[2026-09-19 19:44:30] [INFO] [130/787] [ALREADY CACHED] Hui Hu | Iowa State University -> hui_hu.json
[2026-09-19 19:44:30] [INFO] [131/787] [ALREADY CACHED] Anupam Sharma | Iowa State University -> anupam_sharma.json
[2026-09-19 19:44:30] [INFO] [132/787] [ALREADY CACHED] Partha Sarkar | Iowa State University -> partha_sarkar.json
[2026-09-19 19:44:30] [INFO] [133/787] [ALREADY CACHED] Ping He | Iowa State University -> ping_he.json
[2026-09-19 19:44:30] [INFO] [134/787] [ALREADY CACHED] Sidharth G.S. | Iowa State University -> sidharth_g_s.json
[2026-09-19 19:44:30] [INFO] [135/787] [ALREADY CACHED] Han Gao | Iowa State University -> han_gao.json
[2026-09-19 19:44:30] [INFO] [136/787] [ALREADY CACHED] Theodore J. Heindel | Iowa State University -> theodore_j_heindel.json
[2026-09-19 19:44:30] [INFO] [137/787] [ALREADY CACHED] Baskar Ganapathysubramanian | Iowa State University -> baskar_ganapathysubramanian.json
[2026-09-19 19:44:30] [INFO] [140/787] [ALREADY CACHED] Charles Meneveau | Johns Hopkins University -> charles_meneveau.json
[2026-09-19 19:44:30] [INFO] [139/787] [ALREADY CACHED] Alberto Passalacqua | Iowa State University -> alberto_passalacqua.json
[2026-09-19 19:44:30] [INFO] [141/787] [ALREADY CACHED] Rajat Mittal | Johns Hopkins University -> rajat_mittal.json
[2026-09-19 19:44:30] [INFO] [142/787] [ALREADY CACHED] Tamer Zaki | Johns Hopkins University -> tamer_zaki.json
[2026-09-19 19:44:30] [INFO] [138/787] [ALREADY CACHED] Joseph Katz | Johns Hopkins University -> joseph_katz.json
[2026-09-19 19:44:30] [INFO] [143/787] [ALREADY CACHED] Gretar Tryggvason | Johns Hopkins University -> gretar_tryggvason.json
[2026-09-19 19:44:30] [INFO] [144/787] [ALREADY CACHED] Rui Ni | Johns Hopkins University -> rui_ni.json
[2026-09-19 19:44:30] [INFO] [145/787] [ALREADY CACHED] Dennice Gayme | Johns Hopkins University -> dennice_gayme.json
[2026-09-19 19:44:30] [INFO] [148/787] [ALREADY CACHED] Gregory L. Eyink | Johns Hopkins University -> gregory_l_eyink.json
[2026-09-19 19:44:30] [INFO] [147/787] [ALREADY CACHED] Kaliat (K.T.) Ramesh | Johns Hopkins University -> kaliat_k_t_ramesh.json
[2026-09-19 19:44:30] [INFO] [146/787] [ALREADY CACHED] Julie Lundquist | Johns Hopkins University -> julie_lundquist.json
[2026-09-19 19:44:30] [INFO] [150/787] [ALREADY CACHED] Warren N. White | Kansas State University -> warren_n_white.json
[2026-09-19 19:44:30] [INFO] [151/787] [ALREADY CACHED] Arindam Banerjee | Lehigh University -> arindam_banerjee.json
[2026-09-19 19:44:30] [INFO] [149/787] [ALREADY CACHED] Mingjun Wei | Kansas State University -> mingjun_wei.json
[2026-09-19 19:44:30] [INFO] [152/787] [ALREADY CACHED] Alparslan Oztekin | Lehigh University -> alparslan_oztekin.json
[2026-09-19 19:44:30] [INFO] [153/787] [ALREADY CACHED] Keith W. Moored | Lehigh University -> keith_w_moored.json
[2026-09-19 19:44:30] [INFO] [154/787] [ALREADY CACHED] Ebru Demir | Lehigh University -> ebru_demir.json
[2026-09-19 19:44:30] [INFO] [156/787] [ALREADY CACHED] Subhrajit Bhattacharya | Lehigh University -> subhrajit_bhattacharya.json
[2026-09-19 19:44:30] [INFO] [155/787] [ALREADY CACHED] Aditya K. Aiyer | Lehigh University -> aditya_k_aiyer.json
[2026-09-19 19:44:30] [INFO] [157/787] [ALREADY CACHED] Mark Drela | Massachusetts Institute of Technology -> mark_drela.json
[2026-09-19 19:44:30] [INFO] [158/787] [ALREADY CACHED] Ahmed F. Ghoniem | Massachusetts Institute of Technology -> ahmed_f_ghoniem.json
[2026-09-19 19:44:30] [INFO] [159/787] [ALREADY CACHED] Pierre F. J. Lermusiaux | Massachusetts Institute of Technology -> pierre_f_j_lermusiaux.json
[2026-09-19 19:44:30] [INFO] [160/787] [ALREADY CACHED] Paulo C. Lozano | Massachusetts Institute of Technology -> paulo_c_lozano.json
[2026-09-19 19:44:30] [INFO] [162/787] [ALREADY CACHED] Gareth H. McKinley | Massachusetts Institute of Technology -> gareth_h_mckinley.json
[2026-09-19 19:44:30] [INFO] [161/787] [ALREADY CACHED] Youssef M. Marzouk | Massachusetts Institute of Technology -> youssef_m_marzouk.json
[2026-09-19 19:44:30] [INFO] [163/787] [ALREADY CACHED] Themistoklis Sapsis | Massachusetts Institute of Technology -> themistoklis_sapsis.json
[2026-09-19 19:44:30] [INFO] [164/787] [ALREADY CACHED] Zoltán S. Spakovszky | Massachusetts Institute of Technology -> zolt_n_s_spakovszky.json
[2026-09-19 19:44:30] [INFO] [166/787] [ALREADY CACHED] Qiqi Wang | Massachusetts Institute of Technology -> qiqi_wang.json
[2026-09-19 19:44:30] [INFO] [165/787] [ALREADY CACHED] David Olson | Michigan State University -> david_olson.json
[2026-09-19 19:44:30] [INFO] [168/787] [ALREADY CACHED] Norbert Mueller | Michigan State University -> norbert_mueller.json
[2026-09-19 19:44:30] [INFO] [169/787] [ALREADY CACHED] Ricardo Mejia-Alvarez | Michigan State University -> ricardo_mejia_alvarez.json
[2026-09-19 19:44:30] [INFO] [167/787] [ALREADY CACHED] Junlin Yuan | Michigan State University -> junlin_yuan.json
[2026-09-19 19:44:30] [INFO] [172/787] [ALREADY CACHED] Seong-Young Lee | Michigan Technological University -> seong_young_lee.json
[2026-09-19 19:44:30] [INFO] [171/787] [ALREADY CACHED] Jeffrey S. Allen | Michigan Technological University -> jeffrey_s_allen.json
[2026-09-19 19:44:30] [INFO] [170/787] [ALREADY CACHED] Zhaojian Li | Michigan State University -> zhaojian_li.json
[2026-09-19 19:44:30] [INFO] [175/787] [ALREADY CACHED] Andrew A. Oliva | Michigan Technological University -> andrew_a_oliva.json
[2026-09-19 19:44:30] [INFO] [174/787] [ALREADY CACHED] Bhisham Sharma | Michigan Technological University -> bhisham_sharma.json
[2026-09-19 19:44:30] [INFO] [173/787] [ALREADY CACHED] Susanta Ghosh | Michigan Technological University -> susanta_ghosh.json
[2026-09-19 19:44:30] [INFO] [176/787] [ALREADY CACHED] Jason Blough | Michigan Technological University -> jason_blough.json
[2026-09-19 19:44:30] [INFO] [177/787] [ALREADY CACHED] Jeffrey Naber | Michigan Technological University -> jeffrey_naber.json
[2026-09-19 19:44:30] [INFO] [178/787] [ALREADY CACHED] Shreyas Narsipur | Mississippi State University -> shreyas_narsipur.json
[2026-09-19 19:44:30] [INFO] [179/787] [ALREADY CACHED] Adrian Sescu | Mississippi State University -> adrian_sescu.json
[2026-09-19 19:44:30] [INFO] [182/787] [ALREADY CACHED] Vivek Khare | Mississippi State University -> vivek_khare.json
[2026-09-19 19:44:30] [INFO] [181/787] [ALREADY CACHED] Vilas Shinde | Mississippi State University -> vilas_shinde.json
[2026-09-19 19:44:30] [INFO] [180/787] [ALREADY CACHED] Craig Merrett | Mississippi State University -> craig_merrett.json
[2026-09-19 19:44:30] [INFO] [185/787] [ALREADY CACHED] Daoru Han | Missouri University of Science and Technology -> daoru_han.json
[2026-09-19 19:44:30] [INFO] [186/787] [ALREADY CACHED] Davide Viganò | Missouri University of Science and Technology -> davide_vigan.json
[2026-09-19 19:44:30] [INFO] [183/787] [ALREADY CACHED] Shanti Bhushan | Mississippi State University -> shanti_bhushan.json
[2026-09-19 19:44:30] [INFO] [184/787] [ALREADY CACHED] Serhat Hosder | Missouri University of Science and Technology -> serhat_hosder.json
[2026-09-19 19:44:30] [INFO] [187/787] [ALREADY CACHED] Xiaosong Du | Missouri University of Science and Technology -> xiaosong_du.json
[2026-09-19 19:44:30] [INFO] [189/787] [ALREADY CACHED] Henry Pernicka | Missouri University of Science and Technology -> henry_pernicka.json
[2026-09-19 19:44:30] [INFO] [188/787] [ALREADY CACHED] Siva Kumar Valluri | Missouri University of Science and Technology -> siva_kumar_valluri.json
[2026-09-19 19:44:30] [INFO] [190/787] [ALREADY CACHED] Mark Jankauski | Montana State University -> mark_jankauski.json
[2026-09-19 19:44:30] [INFO] [191/787] [ALREADY CACHED] Yaofa Li | Montana State University -> yaofa_li.json
[2026-09-19 19:44:30] [INFO] [194/787] [ALREADY CACHED] Anthony Rosato | New Jersey Institute of Technology -> anthony_rosato.json
[2026-09-19 19:44:30] [INFO] [193/787] [ALREADY CACHED] Pushpendra Singh | New Jersey Institute of Technology -> pushpendra_singh.json
[2026-09-19 19:44:30] [INFO] [192/787] [ALREADY CACHED] Sarah L. Codd | Montana State University -> sarah_l_codd.json
[2026-09-19 19:44:30] [INFO] [195/787] [ALREADY CACHED] Andreas Gross | New Mexico State University -> andreas_gross.json
[2026-09-19 19:44:30] [INFO] [196/787] [ALREADY CACHED] Abdessattar Abdelkefi | New Mexico State University -> abdessattar_abdelkefi.json
[2026-09-19 19:44:30] [INFO] [197/787] [ALREADY CACHED] Banavara Shashikanth | New Mexico State University -> banavara_shashikanth.json
[2026-09-19 19:44:30] [INFO] [199/787] [ALREADY CACHED] Qiong Liu | New Mexico State University -> qiong_liu.json
[2026-09-19 19:44:30] [INFO] [198/787] [ALREADY CACHED] Fangjun Shu | New Mexico State University -> fangjun_shu.json
[2026-09-19 19:44:30] [INFO] [201/787] [ALREADY CACHED] Francisco Torres Herrador | New Mexico State University -> francisco_torres_herrador.json
[2026-09-19 19:44:30] [INFO] [200/787] [ALREADY CACHED] Shabnam Mohammadshahi | New Mexico State University -> shabnam_mohammadshahi.json
[2026-09-19 19:44:30] [INFO] [202/787] [ALREADY CACHED] Jack R. Edwards | North Carolina State University -> jack_r_edwards.json
[2026-09-19 19:44:30] [INFO] [204/787] [ALREADY CACHED] James Braun | North Carolina State University -> james_braun.json
[2026-09-19 19:44:30] [INFO] [205/787] [ALREADY CACHED] Kenneth Granlund | North Carolina State University -> kenneth_granlund.json
[2026-09-19 19:44:30] [INFO] [206/787] [ALREADY CACHED] Darius Carter | North Carolina State University -> darius_carter.json
[2026-09-19 19:44:30] [INFO] [203/787] [ALREADY CACHED] Venkat Narayanaswamy | North Carolina State University -> venkat_narayanaswamy.json
[2026-09-19 19:44:30] [INFO] [207/787] [ALREADY CACHED] Ashok Gopalarathnam | North Carolina State University -> ashok_gopalarathnam.json
[2026-09-19 19:44:30] [INFO] [210/787] [ALREADY CACHED] Yan Zhang | North Dakota State University -> yan_zhang.json
[2026-09-19 19:44:30] [INFO] [209/787] [ALREADY CACHED] Yildirim Bora Suzen | North Dakota State University -> yildirim_bora_suzen.json
[2026-09-19 19:44:30] [INFO] [208/787] [ALREADY CACHED] Felix Ewere | North Carolina State University -> felix_ewere.json
[2026-09-19 19:44:30] [INFO] [211/787] [ALREADY CACHED] Yechun Wang | North Dakota State University -> yechun_wang.json
[2026-09-19 19:44:30] [INFO] [212/787] [ALREADY CACHED] Xiangfa Wu | North Dakota State University -> xiangfa_wu.json
[2026-09-19 19:44:30] [INFO] [214/787] [ALREADY CACHED] Chad Ulven | North Dakota State University -> chad_ulven.json
[2026-09-19 19:44:30] [INFO] [215/787] [ALREADY CACHED] Datta Gaitonde | Ohio State University-Main Campus -> datta_gaitonde.json
[2026-09-19 19:44:30] [INFO] [213/787] [ALREADY CACHED] Inbae Jeong | North Dakota State University -> inbae_jeong.json
[2026-09-19 19:44:30] [INFO] [218/787] [ALREADY CACHED] Jeffrey Bons | Ohio State University-Main Campus -> jeffrey_bons.json
[2026-09-19 19:44:30] [INFO] [217/787] [ALREADY CACHED] Mohammad Samimy | Ohio State University-Main Campus -> mohammad_samimy.json
[2026-09-19 19:44:30] [INFO] [216/787] [ALREADY CACHED] Lian Duan | Ohio State University-Main Campus -> lian_duan.json
[2026-09-19 19:44:30] [INFO] [219/787] [ALREADY CACHED] Jack McNamara | Ohio State University-Main Campus -> jack_mcnamara.json
[2026-09-19 19:44:30] [INFO] [220/787] [ALREADY CACHED] Steven T. Wereley | Ohio University -> steven_t_wereley.json
[2026-09-19 19:44:30] [INFO] [221/787] [ALREADY CACHED] Jay Wilhelm | Ohio University -> jay_wilhelm.json
[2026-09-19 19:44:30] [INFO] [222/787] [ALREADY CACHED] Brian Wisner | Ohio University -> brian_wisner.json
[2026-09-19 19:44:30] [INFO] [224/787] [ALREADY CACHED] Yahya Al-Majali | Ohio University -> yahya_al_majali.json
[2026-09-19 19:44:30] [INFO] [225/787] [ALREADY CACHED] David Quiroz | Ohio University -> david_quiroz.json
[2026-09-19 19:44:30] [INFO] [223/787] [ALREADY CACHED] Jamey Jacob | Oklahoma State University -> jamey_jacob.json
[2026-09-19 19:44:30] [INFO] [226/787] [ALREADY CACHED] Brian R. Elbing | Oklahoma State University -> brian_r_elbing.json
[2026-09-19 19:44:30] [INFO] [227/787] [ALREADY CACHED] Kursat Kara | Oklahoma State University -> kursat_kara.json
[2026-09-19 19:44:30] [INFO] [228/787] [ALREADY CACHED] Khaled A. Sallam | Oklahoma State University -> khaled_a_sallam.json
[2026-09-19 19:44:30] [INFO] [229/787] [ALREADY CACHED] Chitrarth Prasad | Oklahoma State University -> chitrarth_prasad.json
[2026-09-19 19:44:30] [INFO] [230/787] [ALREADY CACHED] Arvind Santhanakrishnan | Oklahoma State University -> arvind_santhanakrishnan.json
[2026-09-19 19:44:30] [INFO] [231/787] [ALREADY CACHED] He Bai | Oklahoma State University -> he_bai.json
[2026-09-19 19:44:30] [INFO] [234/787] [ALREADY CACHED] David L. Blunck | Oregon State University -> david_l_blunck.json
[2026-09-19 19:44:30] [INFO] [233/787] [ALREADY CACHED] Kyle Niemeyer | Oregon State University -> kyle_niemeyer.json
[2026-09-19 19:44:30] [INFO] [232/787] [ALREADY CACHED] Sourabh V. Apte | Oregon State University -> sourabh_v_apte.json
[2026-09-19 19:44:30] [INFO] [236/787] [ALREADY CACHED] James Coder | Pennsylvania State University-Main Campus -> james_coder.json
[2026-09-19 19:44:30] [INFO] [235/787] [ALREADY CACHED] Kenneth Brentner | Pennsylvania State University-Main Campus -> kenneth_brentner.json
[2026-09-19 19:44:30] [INFO] [238/787] [ALREADY CACHED] Eric Greenwood | Pennsylvania State University-Main Campus -> eric_greenwood.json
[2026-09-19 19:44:30] [INFO] [237/787] [ALREADY CACHED] Daning Huang | Pennsylvania State University-Main Campus -> daning_huang.json
[2026-09-19 19:44:30] [INFO] [241/787] [ALREADY CACHED] Jacqueline O'Connor | Pennsylvania State University-Main Campus -> jacqueline_o_connor.json
[2026-09-19 19:44:30] [INFO] [240/787] [ALREADY CACHED] Robert Kunz | Pennsylvania State University-Main Campus -> robert_kunz.json
[2026-09-19 19:44:30] [INFO] [239/787] [ALREADY CACHED] Sven Schmitz | Pennsylvania State University-Main Campus -> sven_schmitz.json
[2026-09-19 19:44:30] [INFO] [242/787] [ALREADY CACHED] Yuan Xuan | Pennsylvania State University-Main Campus -> yuan_xuan.json
[2026-09-19 19:44:30] [INFO] [243/787] [ALREADY CACHED] Marcus Hultmark | Princeton University -> marcus_hultmark.json
[2026-09-19 19:44:30] [INFO] [244/787] [ALREADY CACHED] Luc Deike | Princeton University -> luc_deike.json
[2026-09-19 19:44:30] [INFO] [247/787] [ALREADY CACHED] Michael E. Mueller | Princeton University -> michael_e_mueller.json
[2026-09-19 19:44:30] [INFO] [246/787] [ALREADY CACHED] Luigi Martinelli | Princeton University -> luigi_martinelli.json
[2026-09-19 19:44:30] [INFO] [245/787] [ALREADY CACHED] Michelle H. DiBenedetto | Princeton University -> michelle_h_dibenedetto.json
[2026-09-19 19:44:30] [INFO] [248/787] [ALREADY CACHED] Chung K. Law | Princeton University -> chung_k_law.json
[2026-09-19 19:44:30] [INFO] [249/787] [ALREADY CACHED] Clarence W. Rowley | Princeton University -> clarence_w_rowley.json
[2026-09-19 19:44:30] [INFO] [250/787] [ALREADY CACHED] Edgar Y. Choueiri | Princeton University -> edgar_y_choueiri.json
[2026-09-19 19:44:30] [INFO] [251/787] [ALREADY CACHED] Yiguang Ju | Princeton University -> yiguang_ju.json
[2026-09-19 19:44:30] [INFO] [252/787] [ALREADY CACHED] Alison M. Ferris | Princeton University -> alison_m_ferris.json
[2026-09-19 19:44:30] [INFO] [253/787] [ALREADY CACHED] Aimy Wissa | Princeton University -> aimy_wissa.json
[2026-09-19 19:44:30] [INFO] [254/787] [ALREADY CACHED] Steven P. Schneider | Purdue University -> steven_p_schneider.json
[2026-09-19 19:44:30] [INFO] [255/787] [ALREADY CACHED] Jonathan Poggie | Purdue University -> jonathan_poggie.json
[2026-09-19 19:44:30] [INFO] [256/787] [ALREADY CACHED] Gregory A. Blaisdell | Purdue University -> gregory_a_blaisdell.json
[2026-09-19 19:44:30] [INFO] [257/787] [ALREADY CACHED] Carson D. Slabaugh | Purdue University -> carson_d_slabaugh.json
[2026-09-19 19:44:30] [INFO] [258/787] [ALREADY CACHED] Alina A. Alexeenko | Purdue University -> alina_a_alexeenko.json
[2026-09-19 19:44:30] [INFO] [259/787] [ALREADY CACHED] Sally P. M. Bane | Purdue University -> sally_p_m_bane.json
[2026-09-19 19:44:30] [INFO] [260/787] [ALREADY CACHED] Kazuki Maeda | Purdue University -> kazuki_maeda.json
[2026-09-19 19:44:30] [INFO] [261/787] [ALREADY CACHED] Alexey Shashurin | Purdue University -> alexey_shashurin.json
[2026-09-19 19:44:30] [INFO] [262/787] [ALREADY CACHED] Tom I-P. Shih | Purdue University -> tom_i_p_shih.json
[2026-09-19 19:44:30] [INFO] [263/787] [ALREADY CACHED] Timothée L. Pourpoint | Purdue University -> timoth_e_l_pourpoint.json
[2026-09-19 19:44:30] [INFO] [264/787] [ALREADY CACHED] Haifeng Wang | Purdue University -> haifeng_wang.json
[2026-09-19 19:44:30] [INFO] [265/787] [ALREADY CACHED] Robert P. Lucht | Purdue University -> robert_p_lucht.json
[2026-09-19 19:44:30] [INFO] [266/787] [ALREADY CACHED] Guillermo Paniagua | Purdue University -> guillermo_paniagua.json
[2026-09-19 19:44:30] [INFO] [267/787] [ALREADY CACHED] Carlo Scalo | Purdue University -> carlo_scalo.json
[2026-09-19 19:44:30] [INFO] [270/787] [ALREADY CACHED] Guang Lin | Purdue University -> guang_lin.json
[2026-09-19 19:44:30] [INFO] [269/787] [ALREADY CACHED] Arezoo M. Ardekani | Purdue University -> arezoo_m_ardekani.json
[2026-09-19 19:44:30] [INFO] [268/787] [ALREADY CACHED] Nicole L. Key | Purdue University -> nicole_l_key.json
[2026-09-19 19:44:30] [INFO] [272/787] [ALREADY CACHED] Jason Hicken | Rensselaer Polytechnic Institute -> jason_hicken.json
[2026-09-19 19:44:30] [INFO] [271/787] [ALREADY CACHED] Michael Amitay | Rensselaer Polytechnic Institute -> michael_amitay.json
[2026-09-19 19:44:30] [INFO] [273/787] [ALREADY CACHED] Ozgur Tumuklu | Rensselaer Polytechnic Institute -> ozgur_tumuklu.json
[2026-09-19 19:44:30] [INFO] [276/787] [ALREADY CACHED] Amir Hirsa | Rensselaer Polytechnic Institute -> amir_hirsa.json
[2026-09-19 19:44:30] [INFO] [275/787] [ALREADY CACHED] Lucy Zhang | Rensselaer Polytechnic Institute -> lucy_zhang.json
[2026-09-19 19:44:30] [INFO] [274/787] [ALREADY CACHED] Shaowu Pan | Rensselaer Polytechnic Institute -> shaowu_pan.json
[2026-09-19 19:44:30] [INFO] [277/787] [ALREADY CACHED] Tayfun E. Tezduyar | Rice University -> tayfun_e_tezduyar.json
[2026-09-19 19:44:30] [INFO] [279/787] [ALREADY CACHED] Pol D. Spanos | Rice University -> pol_d_spanos.json
[2026-09-19 19:44:30] [INFO] [280/787] [ALREADY CACHED] Lu Zhang | Rice University -> lu_zhang.json
[2026-09-19 19:44:30] [INFO] [278/787] [ALREADY CACHED] Daniel J. Preston | Rice University -> daniel_j_preston.json
[2026-09-19 19:44:30] [INFO] [282/787] [ALREADY CACHED] Onur Bilgen | Rutgers University-New Brunswick -> onur_bilgen.json
[2026-09-19 19:44:30] [INFO] [281/787] [ALREADY CACHED] Matthias Heinkenschloss | Rice University -> matthias_heinkenschloss.json
[2026-09-19 19:44:30] [INFO] [283/787] [ALREADY CACHED] German Drazer | Rutgers University-New Brunswick -> german_drazer.json
[2026-09-19 19:44:30] [INFO] [284/787] [ALREADY CACHED] Hao Lin | Rutgers University-New Brunswick -> hao_lin.json
[2026-09-19 19:44:30] [INFO] [285/787] [ALREADY CACHED] Prosenjit Bagchi | Rutgers University-New Brunswick -> prosenjit_bagchi.json
[2026-09-19 19:44:30] [INFO] [286/787] [ALREADY CACHED] Assimina A. Pelegri | Rutgers University-New Brunswick -> assimina_a_pelegri.json
[2026-09-19 19:44:30] [INFO] [287/787] [ALREADY CACHED] Laurent Burlion | Rutgers University-New Brunswick -> laurent_burlion.json
[2026-09-19 19:44:30] [INFO] [288/787] [ALREADY CACHED] Jingang Yi | Rutgers University-New Brunswick -> jingang_yi.json
[2026-09-19 19:44:30] [INFO] [291/787] [ALREADY CACHED] Eric Darve | Stanford University -> eric_darve.json
[2026-09-19 19:44:30] [INFO] [292/787] [ALREADY CACHED] Charbel Farhat | Stanford University -> charbel_farhat.json
[2026-09-19 19:44:30] [INFO] [289/787] [ALREADY CACHED] Juan J. Alonso | Stanford University -> juan_j_alonso.json
[2026-09-19 19:44:30] [INFO] [290/787] [ALREADY CACHED] Liping Liu | Rutgers University-New Brunswick -> liping_liu.json
[2026-09-19 19:44:30] [INFO] [295/787] [ALREADY CACHED] Sanjiva K. Lele | Stanford University -> sanjiva_k_lele.json
[2026-09-19 19:44:30] [INFO] [296/787] [ALREADY CACHED] Ali Mani | Stanford University -> ali_mani.json
[2026-09-19 19:44:30] [INFO] [293/787] [ALREADY CACHED] Gianluca Iaccarino | Stanford University -> gianluca_iaccarino.json
[2026-09-19 19:44:30] [INFO] [294/787] [ALREADY CACHED] Matthias Ihme | Stanford University -> matthias_ihme.json
[2026-09-19 19:44:30] [INFO] [298/787] [ALREADY CACHED] Parviz Moin | Stanford University -> parviz_moin.json
[2026-09-19 19:44:30] [INFO] [299/787] [ALREADY CACHED] Hai Wang | Stanford University -> hai_wang.json
[2026-09-19 19:44:30] [INFO] [297/787] [ALREADY CACHED] Beverley J. McKeon | Stanford University -> beverley_j_mckeon.json
[2026-09-19 19:44:30] [INFO] [300/787] [ALREADY CACHED] Thomas Cubaud | Stony Brook University (SUNY Stony Brook) -> thomas_cubaud.json
[2026-09-19 19:44:30] [INFO] [301/787] [ALREADY CACHED] Spencer Zimmerman | Stony Brook University (SUNY Stony Brook) -> spencer_zimmerman.json
[2026-09-19 19:44:30] [INFO] [302/787] [ALREADY CACHED] Dimitris Assanis | Stony Brook University (SUNY Stony Brook) -> dimitris_assanis.json
[2026-09-19 19:44:30] [INFO] [303/787] [ALREADY CACHED] Yiyang Sun | Syracuse University -> yiyang_sun.json
[2026-09-19 19:44:30] [INFO] [304/787] [ALREADY CACHED] Fernando Zigunov | Syracuse University -> fernando_zigunov.json
[2026-09-19 19:44:30] [INFO] [305/787] [ALREADY CACHED] Jeongmin Ahn | Syracuse University -> jeongmin_ahn.json
[2026-09-19 19:44:30] [INFO] [306/787] [ALREADY CACHED] Ben Akih-Kumgeh | Syracuse University -> ben_akih_kumgeh.json
[2026-09-19 19:44:30] [INFO] [307/787] [ALREADY CACHED] Yeqing Wang | Syracuse University -> yeqing_wang.json
[2026-09-19 19:44:30] [INFO] [309/787] [ALREADY CACHED] Bing Dong | Syracuse University -> bing_dong.json
[2026-09-19 19:44:30] [INFO] [308/787] [ALREADY CACHED] Amit K. Sanyal | Syracuse University -> amit_k_sanyal.json
[2026-09-19 19:44:30] [INFO] [310/787] [ALREADY CACHED] Parsaoran Hutapea | Temple University -> parsaoran_hutapea.json
[2026-09-19 19:44:30] [INFO] [311/787] [ALREADY CACHED] Kurosh Darvish | Temple University -> kurosh_darvish.json
[2026-09-19 19:44:30] [INFO] [312/787] [ALREADY CACHED] Haijun Liu | Temple University -> haijun_liu.json
[2026-09-19 19:44:30] [INFO] [313/787] [ALREADY CACHED] Mohammad F. Kiani | Temple University -> mohammad_f_kiani.json
[2026-09-19 19:44:30] [INFO] [314/787] [ALREADY CACHED] Philip Dames | Temple University -> philip_dames.json
[2026-09-19 19:44:30] [INFO] [315/787] [ALREADY CACHED] Damoon Soudbakhsh | Temple University -> damoon_soudbakhsh.json
[2026-09-19 19:44:30] [INFO] [317/787] [ALREADY CACHED] Diego Donzis | Texas A&M University-College Station -> diego_donzis.json
[2026-09-19 19:44:30] [INFO] [318/787] [ALREADY CACHED] Sharath Girimaji | Texas A&M University-College Station -> sharath_girimaji.json
[2026-09-19 19:44:30] [INFO] [316/787] [ALREADY CACHED] Rodney Bowersox | Texas A&M University-College Station -> rodney_bowersox.json
[2026-09-19 19:44:30] [INFO] [320/787] [ALREADY CACHED] Ivett Leyva | Texas A&M University-College Station -> ivett_leyva.json
[2026-09-19 19:44:30] [INFO] [319/787] [ALREADY CACHED] Paul Cizmas | Texas A&M University-College Station -> paul_cizmas.json
[2026-09-19 19:44:30] [INFO] [322/787] [ALREADY CACHED] Lea-Der Chen | Texas A&M University-Corpus Christi -> lea_der_chen.json
[2026-09-19 19:44:30] [INFO] [323/787] [ALREADY CACHED] Jose Baca | Texas A&M University-Corpus Christi -> jose_baca.json
[2026-09-19 19:44:30] [INFO] [321/787] [ALREADY CACHED] Taher Schobeiri | Texas A&M University-College Station -> taher_schobeiri.json
[2026-09-19 19:44:30] [INFO] [324/787] [ALREADY CACHED] Hua Zhang | Texas A&M University-Corpus Christi -> hua_zhang.json
[2026-09-19 19:44:30] [INFO] [325/787] [ALREADY CACHED] Dugan Um | Texas A&M University-Corpus Christi -> dugan_um.json
[2026-09-19 19:44:30] [INFO] [326/787] [ALREADY CACHED] Philippe Tissot | Texas A&M University-Corpus Christi -> philippe_tissot.json
[2026-09-19 19:44:30] [INFO] [327/787] [ALREADY CACHED] Selahattin Ozcelik | Texas A&M University-Kingsville -> selahattin_ozcelik.json
[2026-09-19 19:44:30] [INFO] [329/787] [ALREADY CACHED] Hong Zhou | Texas A&M University-Kingsville -> hong_zhou.json
[2026-09-19 19:44:30] [INFO] [328/787] [ALREADY CACHED] Larry D. Peel | Texas A&M University-Kingsville -> larry_d_peel.json
[2026-09-19 19:44:30] [INFO] [330/787] [ALREADY CACHED] Fazle Hussain | Texas Tech University -> fazle_hussain.json
[2026-09-19 19:44:30] [INFO] [332/787] [ALREADY CACHED] Sukalyan Bhattacharya | Texas Tech University -> sukalyan_bhattacharya.json
[2026-09-19 19:44:30] [INFO] [333/787] [ALREADY CACHED] Victor Maldonado | Texas Tech University -> victor_maldonado.json
[2026-09-19 19:44:30] [INFO] [331/787] [ALREADY CACHED] Siva Parameswaran | Texas Tech University -> siva_parameswaran.json
[2026-09-19 19:44:30] [INFO] [334/787] [ALREADY CACHED] Michelle L. Pantoya | Texas Tech University -> michelle_l_pantoya.json
[2026-09-19 19:44:30] [INFO] [335/787] [ALREADY CACHED] Song-Charng Kong | Texas Tech University -> song_charng_kong.json
[2026-09-19 19:44:30] [INFO] [336/787] [ALREADY CACHED] Dhawal Buaria | Texas Tech University -> dhawal_buaria.json
[2026-09-19 19:44:30] [INFO] [337/787] [ALREADY CACHED] Joseph F. Vignola | The Catholic University of America -> joseph_f_vignola.json
[2026-09-19 19:44:30] [INFO] [338/787] [ALREADY CACHED] Diego Turo | The Catholic University of America -> diego_turo.json
[2026-09-19 19:44:30] [INFO] [340/787] [ALREADY CACHED] John A. Judge | The Catholic University of America -> john_a_judge.json
[2026-09-19 19:44:30] [INFO] [339/787] [ALREADY CACHED] Xiaolong Luo | The Catholic University of America -> xiaolong_luo.json
[2026-09-19 19:44:30] [INFO] [341/787] [ALREADY CACHED] David B. Goldstein | The University of Texas at Austin -> david_b_goldstein.json
[2026-09-19 19:44:30] [INFO] [342/787] [ALREADY CACHED] Philip L. Varghese | The University of Texas at Austin -> philip_l_varghese.json
[2026-09-19 19:44:30] [INFO] [343/787] [ALREADY CACHED] Fabrizio Bisetti | The University of Texas at Austin -> fabrizio_bisetti.json
[2026-09-19 19:44:30] [INFO] [344/787] [ALREADY CACHED] Karen Willcox | The University of Texas at Austin -> karen_willcox.json
[2026-09-19 19:44:30] [INFO] [346/787] [ALREADY CACHED] Tan Bui-Thanh | The University of Texas at Austin -> tan_bui_thanh.json
[2026-09-19 19:44:30] [INFO] [347/787] [ALREADY CACHED] Robert D. Moser | The University of Texas at Austin -> robert_d_moser.json
[2026-09-19 19:44:30] [INFO] [345/787] [ALREADY CACHED] Clint N. Dawson | The University of Texas at Austin -> clint_n_dawson.json
[2026-09-19 19:44:30] [INFO] [348/787] [ALREADY CACHED] George Biros | The University of Texas at Austin -> george_biros.json
[2026-09-19 19:44:30] [INFO] [351/787] [ALREADY CACHED] Jeffrey S. Guasto | Tufts University -> jeffrey_s_guasto.json
[2026-09-19 19:44:30] [INFO] [350/787] [ALREADY CACHED] Chris Rogers | Tufts University -> chris_rogers.json
[2026-09-19 19:44:30] [INFO] [349/787] [ALREADY CACHED] Omar Ghattas | The University of Texas at Austin -> omar_ghattas.json
[2026-09-19 19:44:30] [INFO] [352/787] [ALREADY CACHED] Igor Sokolov | Tufts University -> igor_sokolov.json
[2026-09-19 19:44:30] [INFO] [353/787] [ALREADY CACHED] Jason Rife | Tufts University -> jason_rife.json
[2026-09-19 19:44:30] [INFO] [355/787] [ALREADY CACHED] Ryan T. Glasser | Tulane University -> ryan_t_glasser.json
[2026-09-19 19:44:30] [INFO] [354/787] [ALREADY CACHED] Deborah Ann Sunter | Tufts University -> deborah_ann_sunter.json
[2026-09-19 19:44:30] [INFO] [356/787] [ALREADY CACHED] Francine Battaglia | University at Buffalo (SUNY Buffalo) -> francine_battaglia.json
[2026-09-19 19:44:30] [INFO] [357/787] [ALREADY CACHED] David Salac | University at Buffalo (SUNY Buffalo) -> david_salac.json
[2026-09-19 19:44:30] [INFO] [358/787] [ALREADY CACHED] Hui Meng | University at Buffalo (SUNY Buffalo) -> hui_meng.json
[2026-09-19 19:44:30] [INFO] [359/787] [ALREADY CACHED] Sangwoo Shin | University at Buffalo (SUNY Buffalo) -> sangwoo_shin.json
[2026-09-19 19:44:30] [INFO] [360/787] [ALREADY CACHED] Pasquale Cinnella | University of Alabama at Birmingham -> pasquale_cinnella.json
[2026-09-19 19:44:30] [INFO] [361/787] [ALREADY CACHED] Roy Koomullil | University of Alabama at Birmingham -> roy_koomullil.json
[2026-09-19 19:44:30] [INFO] [362/787] [ALREADY CACHED] Robert Nichols | University of Alabama at Birmingham -> robert_nichols.json
[2026-09-19 19:44:30] [INFO] [363/787] [ALREADY CACHED] Jason T. Cassibry | University of Alabama in Huntsville -> jason_t_cassibry.json
[2026-09-19 19:44:30] [INFO] [364/787] [ALREADY CACHED] David R. McDaniel | University of Alabama at Birmingham -> david_r_mcdaniel.json
[2026-09-19 19:44:30] [INFO] [365/787] [ALREADY CACHED] Kunning G. Xu | University of Alabama in Huntsville -> kunning_g_xu.json
[2026-09-19 19:44:30] [INFO] [366/787] [ALREADY CACHED] John Bennewitz | University of Alabama in Huntsville -> john_bennewitz.json
[2026-09-19 19:44:30] [INFO] [367/787] [ALREADY CACHED] Babak Shotorban | University of Alabama in Huntsville -> babak_shotorban.json
[2026-09-19 19:44:30] [INFO] [368/787] [ALREADY CACHED] Sarma L. Rani | University of Alabama in Huntsville -> sarma_l_rani.json
[2026-09-19 19:44:30] [INFO] [369/787] [ALREADY CACHED] Kader Frendi | University of Alabama in Huntsville -> kader_frendi.json
[2026-09-19 19:44:30] [INFO] [370/787] [ALREADY CACHED] John Panickacheril John | University of Alabama-Tuscaloosa -> john_panickacheril_john.json
[2026-09-19 19:44:30] [INFO] [371/787] [ALREADY CACHED] Weihua Su | University of Alabama-Tuscaloosa -> weihua_su.json
[2026-09-19 19:44:30] [INFO] [372/787] [ALREADY CACHED] Jinwei Shen | University of Alabama-Tuscaloosa -> jinwei_shen.json
[2026-09-19 19:44:30] [INFO] [373/787] [ALREADY CACHED] Redha Wahidi | University of Alabama-Tuscaloosa -> redha_wahidi.json
[2026-09-19 19:44:30] [INFO] [374/787] [ALREADY CACHED] Ajay K. Agrawal | University of Alabama-Tuscaloosa -> ajay_k_agrawal.json
[2026-09-19 19:44:30] [INFO] [376/787] [ALREADY CACHED] Alexey N. Volkov | University of Alabama-Tuscaloosa -> alexey_n_volkov.json
[2026-09-19 19:44:30] [INFO] [375/787] [ALREADY CACHED] C. Taber Wanstall | University of Alabama-Tuscaloosa -> c_taber_wanstall.json
[2026-09-19 19:44:30] [INFO] [377/787] [ALREADY CACHED] Bhupendra Khandelwal | University of Alabama-Tuscaloosa -> bhupendra_khandelwal.json
[2026-09-19 19:44:30] [INFO] [378/787] [ALREADY CACHED] Kalyan Kumar Srinivasan | University of Alabama-Tuscaloosa -> kalyan_kumar_srinivasan.json
[2026-09-19 19:44:30] [INFO] [379/787] [ALREADY CACHED] Sundar Rajan Krishnan | University of Alabama-Tuscaloosa -> sundar_rajan_krishnan.json
[2026-09-19 19:44:30] [INFO] [380/787] [ALREADY CACHED] Farzad Mashayek | University of Arizona -> farzad_mashayek.json
[2026-09-19 19:44:30] [INFO] [381/787] [ALREADY CACHED] Stuart A. Craig | University of Arizona -> stuart_a_craig.json
[2026-09-19 19:44:30] [INFO] [382/787] [ALREADY CACHED] Bernard Parent | University of Arizona -> bernard_parent.json
[2026-09-19 19:44:30] [INFO] [383/787] [ALREADY CACHED] James Threadgill | University of Arizona -> james_threadgill.json
[2026-09-19 19:44:30] [INFO] [384/787] [ALREADY CACHED] Kyle Hanquist | University of Arizona -> kyle_hanquist.json
[2026-09-19 19:44:30] [INFO] [385/787] [ALREADY CACHED] Sergey Shkarayev | University of Arizona -> sergey_shkarayev.json
[2026-09-19 19:44:30] [INFO] [387/787] [ALREADY CACHED] David Jensen | University of Arkansas -> david_jensen.json
[2026-09-19 19:44:30] [INFO] [388/787] [ALREADY CACHED] Min Zou | University of Arkansas -> min_zou.json
[2026-09-19 19:44:30] [INFO] [389/787] [ALREADY CACHED] Yuanhang Zhu | University of California, Riverside -> yuanhang_zhu.json
[2026-09-19 19:44:30] [INFO] [386/787] [ALREADY CACHED] Keith Walters | University of Arkansas -> keith_walters.json
[2026-09-19 19:44:30] [INFO] [392/787] [ALREADY CACHED] Akula Venkatram | University of California, Riverside -> akula_venkatram.json
[2026-09-19 19:44:30] [INFO] [393/787] [ALREADY CACHED] Michael R. Zachariah | University of California, Riverside -> michael_r_zachariah.json
[2026-09-19 19:44:30] [INFO] [390/787] [ALREADY CACHED] Bhargav Rallabandi | University of California, Riverside -> bhargav_rallabandi.json
[2026-09-19 19:44:30] [INFO] [391/787] [ALREADY CACHED] Marko Princevac | University of California, Riverside -> marko_princevac.json
[2026-09-19 19:44:30] [INFO] [394/787] [ALREADY CACHED] Christopher A. Edwards | University of California, Santa Cruz -> christopher_a_edwards.json
[2026-09-19 19:44:30] [INFO] [395/787] [ALREADY CACHED] Georgios Karavalakis | University of California, Riverside -> georgios_karavalakis.json
[2026-09-19 19:44:30] [INFO] [396/787] [ALREADY CACHED] Jerome Fiechter | University of California, Santa Cruz -> jerome_fiechter.json
[2026-09-19 19:44:30] [INFO] [397/787] [ALREADY CACHED] Alexis Kaminski | University of California-Berkeley -> alexis_kaminski.json
[2026-09-19 19:44:30] [INFO] [400/787] [ALREADY CACHED] Mark W. Mueller | University of California-Berkeley -> mark_w_mueller.json
[2026-09-19 19:44:30] [INFO] [399/787] [ALREADY CACHED] Michael J. Gollner | University of California-Berkeley -> michael_j_gollner.json
[2026-09-19 19:44:30] [INFO] [398/787] [ALREADY CACHED] Shawn C. Shadden | University of California-Berkeley -> shawn_c_shadden.json
[2026-09-19 19:44:30] [INFO] [402/787] [ALREADY CACHED] Claire J. Tomlin | University of California-Berkeley -> claire_j_tomlin.json
[2026-09-19 19:44:30] [INFO] [401/787] [ALREADY CACHED] Negar Mehr | University of California-Berkeley -> negar_mehr.json
[2026-09-19 19:44:30] [INFO] [403/787] [ALREADY CACHED] Giuseppe Loianno | University of California-Berkeley -> giuseppe_loianno.json
[2026-09-19 19:44:30] [INFO] [404/787] [ALREADY CACHED] Seongkyu Lee | University of California-Davis -> seongkyu_lee.json
[2026-09-19 19:44:30] [INFO] [407/787] [ALREADY CACHED] Christina Harvey | University of California-Davis -> christina_harvey.json
[2026-09-19 19:44:30] [INFO] [406/787] [ALREADY CACHED] Camli Badrya | University of California-Davis -> camli_badrya.json
[2026-09-19 19:44:30] [INFO] [405/787] [ALREADY CACHED] Alexandre M. Bayen | University of California-Berkeley -> alexandre_m_bayen.json
[2026-09-19 19:44:30] [INFO] [408/787] [ALREADY CACHED] Mohsen Habibi | University of California-Davis -> mohsen_habibi.json
[2026-09-19 19:44:30] [INFO] [409/787] [ALREADY CACHED] Dimitri Papamoschou | University of California-Irvine -> dimitri_papamoschou.json
[2026-09-19 19:44:30] [INFO] [410/787] [ALREADY CACHED] Feng Liu | University of California-Irvine -> feng_liu.json
[2026-09-19 19:44:30] [INFO] [411/787] [ALREADY CACHED] Marco Panesi | University of California-Irvine -> marco_panesi.json
[2026-09-19 19:44:30] [INFO] [412/787] [ALREADY CACHED] Manuel Gamero-Castaño | University of California-Irvine -> manuel_gamero_casta_o.json
[2026-09-19 19:44:30] [INFO] [415/787] [ALREADY CACHED] Kunihiko Taira | University of California-Los Angeles -> kunihiko_taira.json
[2026-09-19 19:44:30] [INFO] [414/787] [ALREADY CACHED] Ramin Bostanabad | University of California-Irvine -> ramin_bostanabad.json
[2026-09-19 19:44:30] [INFO] [413/787] [ALREADY CACHED] William A. Sirignano | University of California-Irvine -> william_a_sirignano.json
[2026-09-19 19:44:30] [INFO] [416/787] [ALREADY CACHED] Xiaolin Zhong | University of California-Los Angeles -> xiaolin_zhong.json
[2026-09-19 19:44:30] [INFO] [417/787] [ALREADY CACHED] Ann R. Karagozian | University of California-Los Angeles -> ann_r_karagozian.json
[2026-09-19 19:44:30] [INFO] [418/787] [ALREADY CACHED] Anya Jones | University of California-Los Angeles -> anya_jones.json
[2026-09-19 19:44:30] [INFO] [419/787] [ALREADY CACHED] M. Khalid Jawed | University of California-Los Angeles -> m_khalid_jawed.json
[2026-09-19 19:44:30] [INFO] [420/787] [ALREADY CACHED] Brett T. Lopez | University of California-Los Angeles -> brett_t_lopez.json
[2026-09-19 19:44:30] [INFO] [421/787] [ALREADY CACHED] Raymond Mitchell Spearrin | University of California-Los Angeles -> raymond_mitchell_spearrin.json
[2026-09-19 19:44:30] [INFO] [422/787] [ALREADY CACHED] Artur Davoyan | University of California-Los Angeles -> artur_davoyan.json
[2026-09-19 19:44:30] [INFO] [423/787] [ALREADY CACHED] Jason L. Speyer | University of California-Los Angeles -> jason_l_speyer.json
[2026-09-19 19:44:30] [INFO] [424/787] [ALREADY CACHED] Andrea L. Bertozzi | University of California-Los Angeles -> andrea_l_bertozzi.json
[2026-09-19 19:44:30] [INFO] [425/787] [ALREADY CACHED] Sutanu Sarkar | University of California-San Diego -> sutanu_sarkar.json
[2026-09-19 19:44:30] [INFO] [426/787] [ALREADY CACHED] Stefan Llewellyn Smith | University of California-San Diego -> stefan_llewellyn_smith.json
[2026-09-19 19:44:30] [INFO] [427/787] [ALREADY CACHED] Antonio L. Sanchez | University of California-San Diego -> antonio_l_sanchez.json
[2026-09-19 19:44:30] [INFO] [428/787] [ALREADY CACHED] Abhishek Saha | University of California-San Diego -> abhishek_saha.json
[2026-09-19 19:44:30] [INFO] [429/787] [ALREADY CACHED] Oliver T. Schmidt | University of California-San Diego -> oliver_t_schmidt.json
[2026-09-19 19:44:30] [INFO] [431/787] [ALREADY CACHED] John T. Hwang | University of California-San Diego -> john_t_hwang.json
[2026-09-19 19:44:30] [INFO] [430/787] [ALREADY CACHED] David Saintillan | University of California-San Diego -> david_saintillan.json
[2026-09-19 19:44:30] [INFO] [432/787] [ALREADY CACHED] Jan Kleissl | University of California-San Diego -> jan_kleissl.json
[2026-09-19 19:44:30] [INFO] [434/787] [ALREADY CACHED] Farhat Beg | University of California-San Diego -> farhat_beg.json
[2026-09-19 19:44:30] [INFO] [433/787] [ALREADY CACHED] Miroslav Krstic | University of California-San Diego -> miroslav_krstic.json
[2026-09-19 19:44:30] [INFO] [435/787] [ALREADY CACHED] Eckart Meiburg | University of California-Santa Barbara -> eckart_meiburg.json
[2026-09-19 19:44:30] [INFO] [437/787] [ALREADY CACHED] Emilie Dressaire | University of California-Santa Barbara -> emilie_dressaire.json
[2026-09-19 19:44:30] [INFO] [436/787] [ALREADY CACHED] Paolo Luzzatto-Fegiz | University of California-Santa Barbara -> paolo_luzzatto_fegiz.json
[2026-09-19 19:44:30] [INFO] [438/787] [ALREADY CACHED] Igor Mezic | University of California-Santa Barbara -> igor_mezic.json
[2026-09-19 19:44:30] [INFO] [439/787] [ALREADY CACHED] Jeff Moehlis | University of California-Santa Barbara -> jeff_moehlis.json
[2026-09-19 19:44:30] [INFO] [440/787] [ALREADY CACHED] Kareem Ahmed | University of Central Florida -> kareem_ahmed.json
[2026-09-19 19:44:30] [INFO] [441/787] [ALREADY CACHED] Paul Atzberger | University of California-Santa Barbara -> paul_atzberger.json
[2026-09-19 19:44:30] [INFO] [442/787] [ALREADY CACHED] Samik Bhattacharya | University of Central Florida -> samik_bhattacharya.json
[2026-09-19 19:44:30] [INFO] [445/787] [ALREADY CACHED] Tuhin Das | University of Central Florida -> tuhin_das.json
[2026-09-19 19:44:30] [INFO] [444/787] [ALREADY CACHED] Jeffrey L. Kauffman | University of Central Florida -> jeffrey_l_kauffman.json
[2026-09-19 19:44:30] [INFO] [443/787] [ALREADY CACHED] Subith Vasu | University of Central Florida -> subith_vasu.json
[2026-09-19 19:44:30] [INFO] [446/787] [ALREADY CACHED] Hansen A. Mansy | University of Central Florida -> hansen_a_mansy.json
[2026-09-19 19:44:30] [INFO] [448/787] [ALREADY CACHED] Ephraim J. Gutmark | University of Cincinnati -> ephraim_j_gutmark.json
[2026-09-19 19:44:30] [INFO] [447/787] [ALREADY CACHED] Prashant Khare | University of Cincinnati -> prashant_khare.json
[2026-09-19 19:44:30] [INFO] [449/787] [ALREADY CACHED] Kelly Cohen | University of Cincinnati -> kelly_cohen.json
[2026-09-19 19:44:30] [INFO] [450/787] [ALREADY CACHED] Daniel R. Cuppoletti | University of Cincinnati -> daniel_r_cuppoletti.json
[2026-09-19 19:44:30] [INFO] [451/787] [ALREADY CACHED] Abhinav Sinha | University of Cincinnati -> abhinav_sinha.json
[2026-09-19 19:44:30] [INFO] [452/787] [ALREADY CACHED] Ahmed Allam | University of Cincinnati -> ahmed_allam.json
[2026-09-19 19:44:30] [INFO] [453/787] [ALREADY CACHED] Manish Kumar | University of Cincinnati -> manish_kumar.json
[2026-09-19 19:44:30] [INFO] [455/787] [ALREADY CACHED] Robyn Macdonald | University of Colorado Boulder -> robyn_macdonald.json
[2026-09-19 19:44:30] [INFO] [454/787] [ALREADY CACHED] Iain D. Boyd | University of Colorado Boulder -> iain_d_boyd.json
[2026-09-19 19:44:30] [INFO] [456/787] [ALREADY CACHED] Kenneth E. Jansen | University of Colorado Boulder -> kenneth_e_jansen.json
[2026-09-19 19:44:30] [INFO] [457/787] [ALREADY CACHED] Alireza Doostan | University of Colorado Boulder -> alireza_doostan.json
[2026-09-19 19:44:30] [INFO] [458/787] [ALREADY CACHED] Brian Argrow | University of Colorado Boulder -> brian_argrow.json
[2026-09-19 19:44:30] [INFO] [459/787] [ALREADY CACHED] Peter Hamlington | University of Colorado Boulder -> peter_hamlington.json
[2026-09-19 19:44:30] [INFO] [460/787] [ALREADY CACHED] Nicole Labbe | University of Colorado Boulder -> nicole_labbe.json
[2026-09-19 19:44:30] [INFO] [461/787] [ALREADY CACHED] Tianfeng Lu | University of Connecticut -> tianfeng_lu.json
[2026-09-19 19:44:30] [INFO] [462/787] [ALREADY CACHED] Georgios Matheou | University of Connecticut -> georgios_matheou.json
[2026-09-19 19:44:30] [INFO] [463/787] [ALREADY CACHED] Xinyu Zhao | University of Connecticut -> xinyu_zhao.json
[2026-09-19 19:44:30] [INFO] [466/787] [ALREADY CACHED] Markus Peer Rumpfkeil | University of Dayton -> markus_peer_rumpfkeil.json
[2026-09-19 19:44:30] [INFO] [465/787] [ALREADY CACHED] Baki Cetegen | University of Connecticut -> baki_cetegen.json
[2026-09-19 19:44:30] [INFO] [464/787] [ALREADY CACHED] Chih-Jen Sung | University of Connecticut -> chih_jen_sung.json
[2026-09-19 19:44:30] [INFO] [467/787] [ALREADY CACHED] Sidaard Gunasekaran | University of Dayton -> sidaard_gunasekaran.json
[2026-09-19 19:44:30] [INFO] [469/787] [ALREADY CACHED] Joseph Kuehl | University of Delaware -> joseph_kuehl.json
[2026-09-19 19:44:30] [INFO] [470/787] [ALREADY CACHED] Abdullah Al Amin | University of Dayton -> abdullah_al_amin.json
[2026-09-19 19:44:30] [INFO] [468/787] [ALREADY CACHED] Darrell S. Crowe | University of Dayton -> darrell_s_crowe.json
[2026-09-19 19:44:30] [INFO] [471/787] [ALREADY CACHED] David L. Burris | University of Delaware -> david_l_burris.json
[2026-09-19 19:44:30] [INFO] [472/787] [ALREADY CACHED] Fabrice Veron | University of Delaware -> fabrice_veron.json
[2026-09-19 19:44:30] [INFO] [474/787] [ALREADY CACHED] S. "Bala" Balachandar | University of Florida -> s_bala_balachandar.json
[2026-09-19 19:44:30] [INFO] [475/787] [ALREADY CACHED] Corin Segal | University of Florida -> corin_segal.json
[2026-09-19 19:44:30] [INFO] [473/787] [ALREADY CACHED] Lawrence S. Ukeiley | University of Florida -> lawrence_s_ukeiley.json
[2026-09-19 19:44:30] [INFO] [476/787] [ALREADY CACHED] Subrata Roy | University of Florida -> subrata_roy.json
[2026-09-19 19:44:30] [INFO] [477/787] [ALREADY CACHED] Kamran Mohseni | University of Florida -> kamran_mohseni.json
[2026-09-19 19:44:30] [INFO] [480/787] [ALREADY CACHED] R. Benjamin Davis | University of Georgia -> r_benjamin_davis.json
[2026-09-19 19:44:30] [INFO] [481/787] [ALREADY CACHED] Brandon Rotavera | University of Georgia -> brandon_rotavera.json
[2026-09-19 19:44:30] [INFO] [478/787] [ALREADY CACHED] Patrick Musgrave | University of Florida -> patrick_musgrave.json
[2026-09-19 19:44:30] [INFO] [479/787] [ALREADY CACHED] Claire Grégoire | University of Florida -> claire_gr_goire.json
[2026-09-19 19:44:30] [INFO] [484/787] [ALREADY CACHED] Félix L. Santiago-Collazo | University of Georgia -> f_lix_l_santiago_collazo.json
[2026-09-19 19:44:30] [INFO] [483/787] [ALREADY CACHED] C. Brock Woodson | University of Georgia -> c_brock_woodson.json
[2026-09-19 19:44:30] [INFO] [482/787] [ALREADY CACHED] Matthew V. Bilskie | University of Georgia -> matthew_v_bilskie.json
[2026-09-19 19:44:30] [INFO] [486/787] [ALREADY CACHED] Justin E. Stopa | University of Hawaii at Manoa -> justin_e_stopa.json
[2026-09-19 19:44:30] [INFO] [485/787] [ALREADY CACHED] Kwok Fai Cheung | University of Hawaii at Manoa -> kwok_fai_cheung.json
[2026-09-19 19:44:30] [INFO] [489/787] [ALREADY CACHED] Dilmurat Azimov | University of Hawaii at Manoa -> dilmurat_azimov.json
[2026-09-19 19:44:30] [INFO] [488/787] [ALREADY CACHED] Ersegun Deniz Gedikli | University of Hawaii at Manoa -> ersegun_deniz_gedikli.json
[2026-09-19 19:44:30] [INFO] [487/787] [ALREADY CACHED] Eva-Marie Nosal | University of Hawaii at Manoa -> eva_marie_nosal.json
[2026-09-19 19:44:30] [INFO] [491/787] [ALREADY CACHED] Karolos Grigoriadis | University of Houston -> karolos_grigoriadis.json
[2026-09-19 19:44:30] [INFO] [490/787] [ALREADY CACHED] Yi Y. Zuo | University of Hawaii at Manoa -> yi_y_zuo.json
[2026-09-19 19:44:30] [INFO] [492/787] [ALREADY CACHED] Di Yang | University of Houston -> di_yang.json
[2026-09-19 19:44:30] [INFO] [494/787] [ALREADY CACHED] Myoungkyu Lee | University of Houston -> myoungkyu_lee.json
[2026-09-19 19:44:30] [INFO] [493/787] [ALREADY CACHED] Daniel Floryan | University of Houston -> daniel_floryan.json
[2026-09-19 19:44:30] [INFO] [495/787] [ALREADY CACHED] Tao Xing | University of Idaho -> tao_xing.json
[2026-09-19 19:44:30] [INFO] [496/787] [ALREADY CACHED] Gianluca Blois | University of Idaho -> gianluca_blois.json
[2026-09-19 19:44:30] [INFO] [497/787] [ALREADY CACHED] Vibhav Durgesh | University of Idaho -> vibhav_durgesh.json
[2026-09-19 19:44:30] [INFO] [499/787] [ALREADY CACHED] Daniel J. Robertson | University of Idaho -> daniel_j_robertson.json
[2026-09-19 19:44:30] [INFO] [498/787] [ALREADY CACHED] Kamal Kumar | University of Idaho -> kamal_kumar.json
[2026-09-19 19:44:30] [INFO] [500/787] [ALREADY CACHED] Daniele Tonina | University of Idaho -> daniele_tonina.json
[2026-09-19 19:44:30] [INFO] [501/787] [ALREADY CACHED] Zachariah Etienne | University of Idaho -> zachariah_etienne.json
[2026-09-19 19:44:30] [INFO] [504/787] [ALREADY CACHED] Parisa Mirbod | University of Illinois Chicago -> parisa_mirbod.json
[2026-09-19 19:44:30] [INFO] [503/787] [ALREADY CACHED] Alexander Yarin | University of Illinois Chicago -> alexander_yarin.json
[2026-09-19 19:44:30] [INFO] [502/787] [ALREADY CACHED] Constantine M. Megaridis | University of Illinois Chicago -> constantine_m_megaridis.json
[2026-09-19 19:44:30] [INFO] [505/787] [ALREADY CACHED] Jonathan Komperda | University of Illinois Chicago -> jonathan_komperda.json
[2026-09-19 19:44:31] [INFO] [506/787] ( 64.3%) [SAVED] Patrick T. Lynch          | University of Illinois Ch | Works:  74, Cites:  1100, h-index: 18 | Speed: 4.7 profs/s | ETA: 1.0m
[2026-09-19 19:44:32] [INFO] [507/787] ( 64.4%) [SAVED] Jonathan B. Freund        | University of Illinois Ur | Works: 365, Cites:  7280, h-index: 46 | Speed: 4.7 profs/s | ETA: 1.0m
[2026-09-19 19:44:32] [INFO] [508/787] ( 64.5%) [SAVED] Daniel J. Bodony          | University of Illinois Ur | Works: 236, Cites:  2807, h-index: 25 | Speed: 4.7 profs/s | ETA: 1.0m
[2026-09-19 19:44:33] [INFO] [509/787] ( 64.7%) [SAVED] Gregory S. Elliott        | University of Illinois Ur | Works: 251, Cites:  4386, h-index: 34 | Speed: 4.7 profs/s | ETA: 1.0m
[2026-09-19 19:44:34] [INFO] [506/787] ( 64.3%) [SAVED] Daniel J. Bodony          | University of Illinois Ur | Works: 236, Cites:  2807, h-index: 25 | Speed: 106.8 profs/s | ETA: 0.0m
[2026-09-19 19:44:34] [INFO] [507/787] ( 64.4%) [SAVED] Jonathan B. Freund        | University of Illinois Ur | Works: 365, Cites:  7280, h-index: 46 | Speed: 106.9 profs/s | ETA: 0.0m
[2026-09-19 19:44:34] [INFO] [508/787] ( 64.5%) [SAVED] Patrick T. Lynch          | University of Illinois Ch | Works:  74, Cites:  1100, h-index: 18 | Speed: 107.0 profs/s | ETA: 0.0m
[2026-09-19 19:44:34] [INFO] [509/787] ( 64.7%) [SAVED] Gregory S. Elliott        | University of Illinois Ur | Works: 251, Cites:  4386, h-index: 34 | Speed: 104.5 profs/s | ETA: 0.0m
[2026-09-19 19:44:35] [INFO] [510/787] ( 64.8%) [SAVED] Andres Goza               | University of Illinois Ur | Works:  53, Cites:   366, h-index:  9 | Speed: 4.6 profs/s | ETA: 1.0m
[2026-09-19 19:44:35] [INFO] [511/787] ( 64.9%) [SAVED] Francesco Panerai         | University of Illinois Ur | Works: 211, Cites:  3419, h-index: 33 | Speed: 4.6 profs/s | ETA: 1.0m
[2026-09-19 19:44:38] [INFO] [512/787] ( 65.1%) [SAVED] Laura Villafane Roca      | University of Illinois Ur | Works:   4, Cites:     0, h-index:  0 | Speed: 4.5 profs/s | ETA: 1.0m
[2026-09-19 19:44:38] [INFO] [513/787] ( 65.2%) [SAVED] Joshua L. Rovey           | University of Illinois Ur | Works: 193, Cites:  1553, h-index: 21 | Speed: 4.5 profs/s | ETA: 1.0m
[2026-09-19 19:44:39] [INFO] [510/787] ( 64.8%) [SAVED] Laura Villafane Roca      | University of Illinois Ur | Works:   4, Cites:     0, h-index:  0 | Speed: 51.8 profs/s | ETA: 0.1m
[2026-09-19 19:44:40] [INFO] [511/787] ( 64.9%) [SAVED] Andres Goza               | University of Illinois Ur | Works:  53, Cites:   366, h-index:  9 | Speed: 50.5 profs/s | ETA: 0.1m
[2026-09-19 19:44:40] [INFO] [512/787] ( 65.1%) [SAVED] Joshua L. Rovey           | University of Illinois Ur | Works: 193, Cites:  1553, h-index: 21 | Speed: 48.2 profs/s | ETA: 0.1m
[2026-09-19 19:44:40] [INFO] [513/787] ( 65.2%) [SAVED] Francesco Panerai         | University of Illinois Ur | Works: 211, Cites:  3419, h-index: 33 | Speed: 47.7 profs/s | ETA: 0.1m
[2026-09-19 19:44:40] [INFO] [514/787] ( 65.3%) [SAVED] Leonardo Chamorro         | University of Illinois Ur | Works: 339, Cites:  5361, h-index: 36 | Speed: 4.4 profs/s | ETA: 1.0m
[2026-09-19 19:44:41] [INFO] [515/787] ( 65.4%) [SAVED] Phillip J. Ansell         | University of Illinois Ur | Works: 174, Cites:  1732, h-index: 19 | Speed: 4.4 profs/s | ETA: 1.0m
[2026-09-19 19:44:42] [INFO] [516/787] ( 65.6%) [SAVED] Mattia Gazzola            | University of Illinois Ur | Works: 149, Cites:  3672, h-index: 26 | Speed: 4.4 profs/s | ETA: 1.0m
[2026-09-19 19:44:42] [INFO] [517/787] ( 65.7%) [SAVED] Seid Koric                | University of Illinois Ur | Works: 153, Cites:  3581, h-index: 30 | Speed: 4.4 profs/s | ETA: 1.0m
[2026-09-19 19:44:43] [INFO] [514/787] ( 65.3%) [SAVED] Phillip J. Ansell         | University of Illinois Ur | Works: 174, Cites:  1732, h-index: 19 | Speed: 39.3 profs/s | ETA: 0.1m
[2026-09-19 19:44:44] [INFO] [515/787] ( 65.4%) [SAVED] Leonardo Chamorro         | University of Illinois Ur | Works: 339, Cites:  5361, h-index: 36 | Speed: 37.1 profs/s | ETA: 0.1m
[2026-09-19 19:44:44] [INFO] [518/787] ( 65.8%) [SAVED] Frederick Stern           | University of Iowa        | Works: 331, Cites:  9090, h-index: 53 | Speed: 4.3 profs/s | ETA: 1.0m
[2026-09-19 19:44:44] [INFO] [519/787] ( 65.9%) [SAVED] James Buchholz            | University of Iowa        | Works: 130, Cites:  2052, h-index: 20 | Speed: 4.3 profs/s | ETA: 1.0m
[2026-09-19 19:44:44] [INFO] [516/787] ( 65.6%) [SAVED] Seid Koric                | University of Illinois Ur | Works: 153, Cites:  3581, h-index: 30 | Speed: 35.5 profs/s | ETA: 0.1m
[2026-09-19 19:44:44] [INFO] [517/787] ( 65.7%) [SAVED] Mattia Gazzola            | University of Illinois Ur | Works: 149, Cites:  3672, h-index: 26 | Speed: 35.5 profs/s | ETA: 0.1m
[2026-09-19 19:44:45] [INFO] [520/787] ( 66.1%) [SAVED] Casey Harwood             | University of Iowa        | Works:  50, Cites:   381, h-index:  9 | Speed: 4.3 profs/s | ETA: 1.0m
[2026-09-19 19:44:45] [INFO] [521/787] ( 66.2%) [SAVED] Albert Ratner             | University of Iowa        | Works:   1, Cites:     1, h-index:  1 | Speed: 4.3 profs/s | ETA: 1.0m
[2026-09-19 19:44:46] [INFO] [522/787] ( 66.3%) [SAVED] Ching-Long Lin            | University of Iowa        | Works: 211, Cites:  6332, h-index: 43 | Speed: 4.3 profs/s | ETA: 1.0m
[2026-09-19 19:44:46] [INFO] [518/787] ( 65.8%) [SAVED] Frederick Stern           | University of Iowa        | Works: 331, Cites:  9090, h-index: 53 | Speed: 31.3 profs/s | ETA: 0.1m
[2026-09-19 19:44:46] [INFO] [519/787] [ALREADY CACHED] Albert Ratner | University of Iowa -> albert_ratner.json
[2026-09-19 19:44:47] [INFO] [520/787] ( 66.1%) [SAVED] James Buchholz            | University of Iowa        | Works: 130, Cites:  2052, h-index: 20 | Speed: 30.4 profs/s | ETA: 0.1m
[2026-09-19 19:44:48] [INFO] [523/787] ( 66.5%) [SAVED] Hiroyuki Sugiyama         | University of Iowa        | Works: 229, Cites:  3565, h-index: 31 | Speed: 4.2 profs/s | ETA: 1.0m
[2026-09-19 19:44:48] [INFO] [521/787] ( 66.2%) [SAVED] Casey Harwood             | University of Iowa        | Works:  50, Cites:   381, h-index:  9 | Speed: 28.9 profs/s | ETA: 0.2m
[2026-09-19 19:44:48] [INFO] [522/787] ( 66.3%) [SAVED] Ching-Long Lin            | University of Iowa        | Works: 211, Cites:  6332, h-index: 43 | Speed: 28.5 profs/s | ETA: 0.2m
[2026-09-19 19:44:49] [INFO] [524/787] ( 66.6%) [SAVED] Venanzio Cichella         | University of Iowa        | Works: 111, Cites:  1203, h-index: 20 | Speed: 4.2 profs/s | ETA: 1.0m
[2026-09-19 19:44:49] [INFO] [525/787] ( 66.7%) [SAVED] Zhi Jian Wang             | University of Kansas      | Works: 343, Cites: 10386, h-index: 47 | Speed: 4.2 profs/s | ETA: 1.0m
[2026-09-19 19:44:50] [INFO] [526/787] ( 66.8%) [SAVED] Shawn Keshmiri            | University of Kansas      | Works:  77, Cites:  1148, h-index: 16 | Speed: 4.2 profs/s | ETA: 1.0m
[2026-09-19 19:44:50] [INFO] [523/787] ( 66.5%) [SAVED] Venanzio Cichella         | University of Iowa        | Works: 111, Cites:  1203, h-index: 20 | Speed: 25.6 profs/s | ETA: 0.2m
[2026-09-19 19:44:50] [INFO] [524/787] ( 66.6%) [SAVED] Hiroyuki Sugiyama         | University of Iowa        | Works: 229, Cites:  3565, h-index: 31 | Speed: 25.7 profs/s | ETA: 0.2m
[2026-09-19 19:44:51] [INFO] [525/787] ( 66.7%) [SAVED] Shawn Keshmiri            | University of Kansas      | Works:  77, Cites:  1148, h-index: 16 | Speed: 24.3 profs/s | ETA: 0.2m
[2026-09-19 19:44:52] [INFO] [526/787] ( 66.8%) [SAVED] Zhi Jian Wang             | University of Kansas      | Works: 343, Cites: 10386, h-index: 47 | Speed: 24.0 profs/s | ETA: 0.2m
[2026-09-19 19:44:52] [INFO] [527/787] ( 67.0%) [SAVED] Emily Arnold              | University of Kansas      | Works:  74, Cites:   994, h-index: 16 | Speed: 4.1 profs/s | ETA: 1.1m
[2026-09-19 19:44:52] [INFO] [528/787] ( 67.1%) [SAVED] Haiyang Chao              | University of Kansas      | Works: 106, Cites:  2297, h-index: 22 | Speed: 4.1 profs/s | ETA: 1.1m
[2026-09-19 19:44:53] [INFO] [529/787] ( 67.2%) [SAVED] Christopher Depcik        | University of Kansas      | Works: 144, Cites:  3060, h-index: 26 | Speed: 4.1 profs/s | ETA: 1.1m
[2026-09-19 19:44:54] [INFO] [527/787] ( 67.0%) [SAVED] Haiyang Chao              | University of Kansas      | Works: 106, Cites:  2297, h-index: 22 | Speed: 21.9 profs/s | ETA: 0.2m
[2026-09-19 19:44:54] [INFO] [528/787] ( 67.1%) [SAVED] Emily Arnold              | University of Kansas      | Works:  74, Cites:   994, h-index: 16 | Speed: 21.8 profs/s | ETA: 0.2m
[2026-09-19 19:44:54] [INFO] [530/787] ( 67.3%) [SAVED] Alexandre Martin          | University of Kentucky    | Works: 491, Cites:  7279, h-index: 40 | Speed: 4.1 profs/s | ETA: 1.1m
[2026-09-19 19:44:55] [INFO] [529/787] ( 67.2%) [SAVED] Christopher Depcik        | University of Kansas      | Works: 144, Cites:  3060, h-index: 26 | Speed: 21.1 profs/s | ETA: 0.2m
[2026-09-19 19:44:55] [INFO] [531/787] ( 67.5%) [SAVED] Savio Poovathingal        | University of Kentucky    | Works: 102, Cites:   705, h-index: 12 | Speed: 4.0 profs/s | ETA: 1.1m
[2026-09-19 19:44:56] [INFO] [530/787] ( 67.3%) [SAVED] Alexandre Martin          | University of Kentucky    | Works: 491, Cites:  7279, h-index: 40 | Speed: 20.3 profs/s | ETA: 0.2m
[2026-09-19 19:44:56] [INFO] [532/787] ( 67.6%) [SAVED] Sean C. C. Bailey         | University of Kentucky    | Works: 189, Cites:  3494, h-index: 32 | Speed: 4.0 profs/s | ETA: 1.1m
[2026-09-19 19:44:56] [INFO] [533/787] ( 67.7%) [SAVED] Dan Fries                 | University of Kentucky    | Works:  51, Cites:   227, h-index: 10 | Speed: 4.0 profs/s | ETA: 1.1m
[2026-09-19 19:44:57] [INFO] [534/787] ( 67.9%) [SAVED] Michael Renfro            | University of Kentucky    | Works: 102, Cites:  1778, h-index: 22 | Speed: 4.0 profs/s | ETA: 1.1m
[2026-09-19 19:44:57] [INFO] [531/787] ( 67.5%) [SAVED] Savio Poovathingal        | University of Kentucky    | Works: 102, Cites:   705, h-index: 12 | Speed: 19.2 profs/s | ETA: 0.2m
[2026-09-19 19:44:57] [INFO] [532/787] ( 67.6%) [SAVED] Sean C. C. Bailey         | University of Kentucky    | Works: 189, Cites:  3494, h-index: 32 | Speed: 19.1 profs/s | ETA: 0.2m
[2026-09-19 19:44:58] [INFO] [533/787] ( 67.7%) [SAVED] Dan Fries                 | University of Kentucky    | Works:  51, Cites:   227, h-index: 10 | Speed: 18.6 profs/s | ETA: 0.2m
[2026-09-19 19:44:58] [INFO] [534/787] ( 67.9%) [SAVED] Michael Renfro            | University of Kentucky    | Works: 102, Cites:  1778, h-index: 22 | Speed: 18.6 profs/s | ETA: 0.2m
[2026-09-19 19:44:59] [INFO] [535/787] ( 68.0%) [SAVED] Suzanne Weaver Smith      | University of Kentucky    | Works: 177, Cites:  2074, h-index: 24 | Speed: 4.0 profs/s | ETA: 1.1m
[2026-09-19 19:44:59] [INFO] [536/787] ( 68.1%) [SAVED] Jesse B. Hoagg            | University of Kentucky    | Works: 192, Cites:  1887, h-index: 20 | Speed: 4.0 profs/s | ETA: 1.1m
[2026-09-19 19:44:59] [INFO] [537/787] ( 68.2%) [SAVED] Yongsheng Lian            | University of Louisville  | Works: 133, Cites:  4171, h-index: 29 | Speed: 4.0 profs/s | ETA: 1.1m
[2026-09-19 19:45:00] [INFO] [535/787] ( 68.0%) [SAVED] Suzanne Weaver Smith      | University of Kentucky    | Works: 177, Cites:  2074, h-index: 24 | Speed: 17.7 profs/s | ETA: 0.2m
[2026-09-19 19:45:00] [INFO] [536/787] ( 68.1%) [SAVED] Jesse B. Hoagg            | University of Kentucky    | Works: 192, Cites:  1887, h-index: 20 | Speed: 17.6 profs/s | ETA: 0.2m
[2026-09-19 19:45:01] [INFO] [538/787] ( 68.4%) [SAVED] Stuart J. Williams        | University of Louisville  | Works: 125, Cites:  2026, h-index: 23 | Speed: 3.9 profs/s | ETA: 1.1m
[2026-09-19 19:45:02] [INFO] [537/787] ( 68.2%) [SAVED] Stuart J. Williams        | University of Louisville  | Works: 125, Cites:  2026, h-index: 23 | Speed: 16.7 profs/s | ETA: 0.2m
[2026-09-19 19:45:02] [INFO] [538/787] ( 68.4%) [SAVED] Yongsheng Lian            | University of Louisville  | Works: 133, Cites:  4171, h-index: 29 | Speed: 16.7 profs/s | ETA: 0.2m
[2026-09-19 19:45:02] [INFO] [540/787] ( 68.6%) [SAVED] Andrew Goupee             | University of Maine       | Works: 106, Cites:  4386, h-index: 33 | Speed: 3.9 profs/s | ETA: 1.1m
[2026-09-19 19:45:02] [INFO] [541/787] ( 68.7%) [SAVED] Badri Narayanan           | University of Louisville  | Works: 191, Cites:  7151, h-index: 40 | Speed: 3.9 profs/s | ETA: 1.1m
[2026-09-19 19:45:03] [INFO] [539/787] ( 68.5%) [SAVED] Andrew Goupee             | University of Maine       | Works: 106, Cites:  4386, h-index: 33 | Speed: 16.1 profs/s | ETA: 0.3m
[2026-09-19 19:45:04] [INFO] [540/787] ( 68.6%) [SAVED] Badri Narayanan           | University of Louisville  | Works: 191, Cites:  7151, h-index: 40 | Speed: 15.9 profs/s | ETA: 0.3m
[2026-09-19 19:45:04] [INFO] [542/787] ( 68.9%) [SAVED] Ahmed Aboelezz            | University of Maine       | Works:  42, Cites:   224, h-index:  8 | Speed: 3.9 profs/s | ETA: 1.1m
[2026-09-19 19:45:05] [INFO] [543/787] ( 69.0%) [SAVED] Wilhelm Friess            | University of Maine       | Works:   1, Cites:     0, h-index:  0 | Speed: 3.8 profs/s | ETA: 1.1m
[2026-09-19 19:45:05] [INFO] [541/787] ( 68.7%) [SAVED] Wilhelm Friess            | University of Maine       | Works:   1, Cites:     0, h-index:  0 | Speed: 15.2 profs/s | ETA: 0.3m
[2026-09-19 19:45:06] [INFO] [542/787] ( 68.9%) [SAVED] Ahmed Aboelezz            | University of Maine       | Works:  42, Cites:   224, h-index:  8 | Speed: 15.1 profs/s | ETA: 0.3m
[2026-09-19 19:45:06] [INFO] [543/787] ( 69.0%) [SAVED] Amrit Shankar Verma       | University of Maine       | Works:  72, Cites:  1804, h-index: 21 | Speed: 15.0 profs/s | ETA: 0.3m
[2026-09-19 19:45:06] [INFO] [544/787] ( 69.1%) [SAVED] Stuart Laurence           | University of Maryland-Co | Works: 153, Cites:  2404, h-index: 29 | Speed: 3.8 profs/s | ETA: 1.1m
[2026-09-19 19:45:06] [INFO] [545/787] ( 69.3%) [SAVED] Kewei Xu                  | University of Maine       | Works: 576, Cites: 12629, h-index: 53 | Speed: 3.8 profs/s | ETA: 1.1m
[2026-09-19 19:45:08] [INFO] [544/787] ( 69.1%) [SAVED] Kewei Xu                  | University of Maine       | Works: 576, Cites: 12629, h-index: 53 | Speed: 14.3 profs/s | ETA: 0.3m
[2026-09-19 19:45:08] [INFO] [546/787] ( 69.4%) [SAVED] Christoph Brehm           | University of Maryland-Co | Works: 240, Cites:  2656, h-index: 27 | Speed: 3.8 profs/s | ETA: 1.1m
[2026-09-19 19:45:08] [INFO] [545/787] ( 69.3%) [SAVED] Johan Larsson             | University of Maryland-Co | Works: 160, Cites:  5530, h-index: 34 | Speed: 14.1 profs/s | ETA: 0.3m
[2026-09-19 19:45:08] [INFO] [547/787] ( 69.5%) [SAVED] Johan Larsson             | University of Maryland-Co | Works: 160, Cites:  5530, h-index: 34 | Speed: 3.8 profs/s | ETA: 1.1m
[2026-09-19 19:45:09] [INFO] [546/787] ( 69.4%) [SAVED] Christoph Brehm           | University of Maryland-Co | Works: 240, Cites:  2656, h-index: 27 | Speed: 13.8 profs/s | ETA: 0.3m
[2026-09-19 19:45:09] [INFO] [547/787] ( 69.5%) [SAVED] Stuart Laurence           | University of Maryland-Co | Works: 153, Cites:  2404, h-index: 29 | Speed: 13.9 profs/s | ETA: 0.3m
[2026-09-19 19:45:09] [INFO] [548/787] ( 69.6%) [SAVED] Amir Riaz                 | University of Maryland-Co | Works: 116, Cites:  1632, h-index: 22 | Speed: 3.8 profs/s | ETA: 1.1m
[2026-09-19 19:45:10] [INFO] [549/787] ( 69.8%) [SAVED] Inderjit Chopra           | University of Maryland-Co | Works: 632, Cites: 11625, h-index: 50 | Speed: 3.8 profs/s | ETA: 1.1m
[2026-09-19 19:45:11] [INFO] [550/787] ( 69.9%) [SAVED] Yahya Modarres-Sadeghi    | University of Massachuset | Works: 201, Cites:  2676, h-index: 31 | Speed: 3.7 profs/s | ETA: 1.1m
[2026-09-19 19:45:11] [INFO] [548/787] ( 69.6%) [SAVED] Amir Riaz                 | University of Maryland-Co | Works: 116, Cites:  1632, h-index: 22 | Speed: 13.3 profs/s | ETA: 0.3m
[2026-09-19 19:45:12] [INFO] [549/787] ( 69.8%) [SAVED] Inderjit Chopra           | University of Maryland-Co | Works: 632, Cites: 11625, h-index: 50 | Speed: 13.0 profs/s | ETA: 0.3m
[2026-09-19 19:45:12] [INFO] [551/787] ( 70.0%) [SAVED] Stephen M. de Bruyn Kops  | University of Massachuset | Works:  67, Cites:   924, h-index: 19 | Speed: 3.7 profs/s | ETA: 1.1m
[2026-09-19 19:45:13] [INFO] [550/787] ( 69.9%) [SAVED] Stephen M. de Bruyn Kops  | University of Massachuset | Works:  67, Cites:   924, h-index: 19 | Speed: 12.7 profs/s | ETA: 0.3m
[2026-09-19 19:45:13] [INFO] [551/787] ( 70.0%) [SAVED] Yahya Modarres-Sadeghi    | University of Massachuset | Works: 201, Cites:  2676, h-index: 31 | Speed: 12.7 profs/s | ETA: 0.3m
[2026-09-19 19:45:13] [INFO] [552/787] ( 70.1%) [SAVED] Matthew Lackner           | University of Massachuset | Works: 116, Cites:  4609, h-index: 36 | Speed: 3.7 profs/s | ETA: 1.1m
[2026-09-19 19:45:13] [INFO] [553/787] ( 70.3%) [SAVED] David P. Schmidt          | University of Massachuset | Works: 172, Cites:  5491, h-index: 40 | Speed: 3.7 profs/s | ETA: 1.1m
[2026-09-19 19:45:14] [INFO] [554/787] ( 70.4%) [SAVED] Jonathan P. Rothstein     | University of Massachuset | Works: 200, Cites:  9170, h-index: 50 | Speed: 3.7 profs/s | ETA: 1.1m
[2026-09-19 19:45:14] [INFO] [555/787] ( 70.5%) [SAVED] J. Blair Perot            | University of Massachuset | Works: 103, Cites:  4259, h-index: 29 | Speed: 3.7 profs/s | ETA: 1.0m
[2026-09-19 19:45:15] [INFO] [552/787] ( 70.1%) [SAVED] Matthew Lackner           | University of Massachuset | Works: 116, Cites:  4609, h-index: 36 | Speed: 12.3 profs/s | ETA: 0.3m
[2026-09-19 19:45:15] [INFO] [553/787] ( 70.3%) [SAVED] David P. Schmidt          | University of Massachuset | Works: 172, Cites:  5491, h-index: 40 | Speed: 12.2 profs/s | ETA: 0.3m
[2026-09-19 19:45:15] [INFO] [554/787] ( 70.4%) [SAVED] J. Blair Perot            | University of Massachuset | Works: 103, Cites:  4259, h-index: 29 | Speed: 12.1 profs/s | ETA: 0.3m
[2026-09-19 19:45:16] [INFO] [555/787] ( 70.5%) [SAVED] Jonathan P. Rothstein     | University of Massachuset | Works: 200, Cites:  9170, h-index: 50 | Speed: 11.9 profs/s | ETA: 0.3m
[2026-09-19 19:45:16] [INFO] [556/787] ( 70.6%) [SAVED] Krish Thiagarajan Sharman | University of Massachuset | Works: 162, Cites:  2486, h-index: 24 | Speed: 3.6 profs/s | ETA: 1.1m
[2026-09-19 19:45:17] [INFO] [557/787] ( 70.8%) [SAVED] Daniel Foti               | University of Memphis     | Works:  56, Cites:   495, h-index:  9 | Speed: 3.6 profs/s | ETA: 1.1m
[2026-09-19 19:45:18] [INFO] [556/787] ( 70.6%) [SAVED] Krish Thiagarajan Sharman | University of Massachuset | Works: 162, Cites:  2486, h-index: 24 | Speed: 11.6 profs/s | ETA: 0.3m
[2026-09-19 19:45:18] [INFO] [558/787] ( 70.9%) [SAVED] Yong Hoon Lee             | University of Memphis     | Works: 172, Cites:  1270, h-index: 19 | Speed: 3.6 profs/s | ETA: 1.1m
[2026-09-19 19:45:18] [INFO] [557/787] ( 70.8%) [SAVED] Daniel Foti               | University of Memphis     | Works:  56, Cites:   495, h-index:  9 | Speed: 11.5 profs/s | ETA: 0.3m
[2026-09-19 19:45:19] [INFO] [559/787] ( 71.0%) [SAVED] Yuan Gao                  | University of Memphis     | Works: 503, Cites: 26226, h-index: 64 | Speed: 3.6 profs/s | ETA: 1.1m
[2026-09-19 19:45:19] [INFO] [558/787] ( 70.9%) [SAVED] Yuan Gao                  | University of Memphis     | Works: 503, Cites: 26226, h-index: 64 | Speed: 11.2 profs/s | ETA: 0.3m
[2026-09-19 19:45:19] [INFO] [560/787] ( 71.2%) [SAVED] Jeffrey G. Marchetta      | University of Memphis     | Works:  50, Cites:   442, h-index: 10 | Speed: 3.6 profs/s | ETA: 1.1m
[2026-09-19 19:45:20] [INFO] [561/787] ( 71.3%) [SAVED] Ali Fatemi                | University of Memphis     | Works: 236, Cites: 17097, h-index: 65 | Speed: 3.6 profs/s | ETA: 1.0m
[2026-09-19 19:45:20] [INFO] [559/787] ( 71.0%) [SAVED] Yong Hoon Lee             | University of Memphis     | Works: 172, Cites:  1270, h-index: 19 | Speed: 11.1 profs/s | ETA: 0.3m
[2026-09-19 19:45:21] [INFO] [560/787] ( 71.2%) [SAVED] Jeffrey G. Marchetta      | University of Memphis     | Works:  50, Cites:   442, h-index: 10 | Speed: 11.0 profs/s | ETA: 0.3m
[2026-09-19 19:45:21] [INFO] [562/787] ( 71.4%) [SAVED] Vipin Agarwal             | University of Memphis     | Works:  67, Cites:  1158, h-index: 17 | Speed: 3.6 profs/s | ETA: 1.1m
[2026-09-19 19:45:22] [INFO] [561/787] ( 71.3%) [SAVED] Ali Fatemi                | University of Memphis     | Works: 236, Cites: 17097, h-index: 65 | Speed: 10.8 profs/s | ETA: 0.3m
[2026-09-19 19:45:22] [INFO] [563/787] ( 71.5%) [SAVED] GeCheng Zha               | University of Miami       | Works: 297, Cites:  4714, h-index: 35 | Speed: 3.6 profs/s | ETA: 1.0m
[2026-09-19 19:45:23] [INFO] [564/787] ( 71.7%) [SAVED] Kaan Inal                 | University of Miami       | Works: 159, Cites:  5157, h-index: 40 | Speed: 3.5 profs/s | ETA: 1.1m
[2026-09-19 19:45:23] [INFO] [562/787] ( 71.4%) [SAVED] Vipin Agarwal             | University of Memphis     | Works:  67, Cites:  1158, h-index: 17 | Speed: 10.5 profs/s | ETA: 0.4m
[2026-09-19 19:45:24] [INFO] [565/787] ( 71.8%) [SAVED] Francesco Travascio       | University of Miami       | Works: 100, Cites:  1349, h-index: 22 | Speed: 3.5 profs/s | ETA: 1.0m
[2026-09-19 19:45:24] [INFO] [563/787] ( 71.5%) [SAVED] GeCheng Zha               | University of Miami       | Works: 297, Cites:  4714, h-index: 35 | Speed: 10.4 profs/s | ETA: 0.4m
[2026-09-19 19:45:24] [INFO] [564/787] ( 71.7%) [SAVED] Kaan Inal                 | University of Miami       | Works: 159, Cites:  5157, h-index: 40 | Speed: 10.4 profs/s | ETA: 0.4m
[2026-09-19 19:45:25] [INFO] [566/787] ( 71.9%) [SAVED] Karthik Duraisamy         | University of Michigan-An | Works: 229, Cites:  5744, h-index: 29 | Speed: 3.5 profs/s | ETA: 1.1m
[2026-09-19 19:45:26] [INFO] [567/787] ( 72.0%) [SAVED] Joaquim R. R. A. Martins  | University of Michigan-An | Works: 485, Cites: 22018, h-index: 78 | Speed: 3.5 profs/s | ETA: 1.0m
[2026-09-19 19:45:26] [INFO] [565/787] ( 71.8%) [SAVED] Francesco Travascio       | University of Miami       | Works: 100, Cites:  1349, h-index: 22 | Speed: 10.1 profs/s | ETA: 0.4m
[2026-09-19 19:45:26] [INFO] [566/787] ( 71.9%) [SAVED] Karthik Duraisamy         | University of Michigan-An | Works: 229, Cites:  5744, h-index: 29 | Speed: 10.0 profs/s | ETA: 0.4m
[2026-09-19 19:45:26] [INFO] [568/787] ( 72.2%) [SAVED] Mirko Gamba               | University of Michigan-An | Works: 147, Cites:  1871, h-index: 21 | Speed: 3.5 profs/s | ETA: 1.0m
[2026-09-19 19:45:27] [INFO] [569/787] ( 72.3%) [SAVED] Gökçin Çınar              | University of Michigan-An | Works:  68, Cites:   362, h-index: 11 | Speed: 3.5 profs/s | ETA: 1.0m
[2026-09-19 19:45:27] [INFO] [567/787] ( 72.0%) [SAVED] Mirko Gamba               | University of Michigan-An | Works: 147, Cites:  1871, h-index: 21 | Speed: 9.8 profs/s | ETA: 0.4m
[2026-09-19 19:45:27] [INFO] [568/787] ( 72.2%) [SAVED] Joaquim R. R. A. Martins  | University of Michigan-An | Works: 485, Cites: 22018, h-index: 78 | Speed: 9.8 profs/s | ETA: 0.4m
[2026-09-19 19:45:28] [INFO] [570/787] ( 72.4%) [SAVED] Kenneth G. Powell         | University of Michigan-An | Works: 276, Cites: 10321, h-index: 48 | Speed: 3.5 profs/s | ETA: 1.0m
[2026-09-19 19:45:29] [INFO] [569/787] ( 72.3%) [SAVED] Gökçin Çınar              | University of Michigan-An | Works:  68, Cites:   362, h-index: 11 | Speed: 9.6 profs/s | ETA: 0.4m
[2026-09-19 19:45:29] [INFO] [570/787] ( 72.4%) [SAVED] Kenneth G. Powell         | University of Michigan-An | Works: 276, Cites: 10321, h-index: 48 | Speed: 9.6 profs/s | ETA: 0.4m
[2026-09-19 19:45:29] [INFO] [571/787] ( 72.6%) [SAVED] Jesse Capecelatro         | University of Michigan-An | Works: 186, Cites:  2601, h-index: 27 | Speed: 3.4 profs/s | ETA: 1.0m
[2026-09-19 19:45:30] [INFO] [572/787] ( 72.7%) [SAVED] Eric Johnsen              | University of Michigan-An | Works: 265, Cites:  5030, h-index: 35 | Speed: 3.4 profs/s | ETA: 1.0m
[2026-09-19 19:45:31] [INFO] [571/787] ( 72.6%) [SAVED] Jesse Capecelatro         | University of Michigan-An | Works: 186, Cites:  2601, h-index: 27 | Speed: 9.3 profs/s | ETA: 0.4m
[2026-09-19 19:45:31] [INFO] [573/787] ( 72.8%) [SAVED] Bogdan I. Epureanu        | University of Michigan-An | Works: 380, Cites:  5706, h-index: 38 | Speed: 3.4 profs/s | ETA: 1.0m
[2026-09-19 19:45:31] [INFO] [574/787] ( 72.9%) [SAVED] Graham V. Candler         | University of Minnesota-T | Works:   2, Cites:     2, h-index:  1 | Speed: 3.4 profs/s | ETA: 1.0m
[2026-09-19 19:45:31] [INFO] [572/787] ( 72.7%) [SAVED] Eric Johnsen              | University of Michigan-An | Works: 265, Cites:  5030, h-index: 35 | Speed: 9.3 profs/s | ETA: 0.4m
[2026-09-19 19:45:32] [INFO] [573/787] ( 72.8%) [SAVED] Bogdan I. Epureanu        | University of Michigan-An | Works: 380, Cites:  5706, h-index: 38 | Speed: 9.2 profs/s | ETA: 0.4m
[2026-09-19 19:45:32] [INFO] [575/787] ( 73.1%) [SAVED] Margaret S. Wooldridge    | University of Michigan-An | Works: 194, Cites:  5315, h-index: 38 | Speed: 3.4 profs/s | ETA: 1.0m
[2026-09-19 19:45:33] [INFO] [574/787] ( 72.9%) [SAVED] Graham V. Candler         | University of Minnesota-T | Works:   2, Cites:     2, h-index:  1 | Speed: 9.1 profs/s | ETA: 0.4m
[2026-09-19 19:45:33] [INFO] [575/787] ( 73.1%) [SAVED] Margaret S. Wooldridge    | University of Michigan-An | Works: 194, Cites:  5315, h-index: 38 | Speed: 9.1 profs/s | ETA: 0.4m
[2026-09-19 19:45:33] [INFO] [576/787] ( 73.2%) [SAVED] Thomas Schwartzentruber   | University of Minnesota-T | Works: 259, Cites:  4555, h-index: 40 | Speed: 3.4 profs/s | ETA: 1.0m
[2026-09-19 19:45:33] [INFO] [577/787] [ALREADY CACHED] Jiarong Hong | University of Minnesota-Twin Cities -> jiarong_hong.json
[2026-09-19 19:45:33] [INFO] [578/787] [ALREADY CACHED] Suo Yang | University of Minnesota-Twin Cities -> suo_yang.json
[2026-09-19 19:45:33] [INFO] [579/787] [ALREADY CACHED] Sean Garrick | University of Minnesota-Twin Cities -> sean_garrick.json
[2026-09-19 19:45:33] [INFO] [580/787] [ALREADY CACHED] Xiaopeng Zhao | University of Mississippi -> xiaopeng_zhao.json
[2026-09-19 19:45:33] [INFO] [581/787] [ALREADY CACHED] Farhad Farzbod | University of Mississippi -> farhad_farzbod.json
[2026-09-19 19:45:33] [INFO] [582/787] [ALREADY CACHED] Roseanna N. Zia | University of Missouri-Columbia -> roseanna_n_zia.json
[2026-09-19 19:45:33] [INFO] [583/787] [ALREADY CACHED] Travis R. Sippel | University of Missouri-Columbia -> travis_r_sippel.json
[2026-09-19 19:45:33] [INFO] [584/787] [ALREADY CACHED] Amirfarhang Mehdizadeh | University of Missouri-Kansas City -> amirfarhang_mehdizadeh.json
[2026-09-19 19:45:33] [INFO] [585/787] [ALREADY CACHED] Zahra Niroobakhsh | University of Missouri-Kansas City -> zahra_niroobakhsh.json
[2026-09-19 19:45:33] [INFO] [586/787] [ALREADY CACHED] Travis Fields | University of Missouri-Kansas City -> travis_fields.json
[2026-09-19 19:45:33] [INFO] [587/787] [ALREADY CACHED] ZhiQiang Chen | University of Missouri-Kansas City -> zhiqiang_chen.json
[2026-09-19 19:45:33] [INFO] [588/787] [ALREADY CACHED] George Gogos | University of Nebraska-Lincoln -> george_gogos.json
[2026-09-19 19:45:33] [INFO] [589/787] [ALREADY CACHED] Piyush Grover | University of Nebraska-Lincoln -> piyush_grover.json
[2026-09-19 19:45:33] [INFO] [590/787] [ALREADY CACHED] Asaf Dana | University of Nebraska-Lincoln -> asaf_dana.json
[2026-09-19 19:45:33] [INFO] [591/787] [ALREADY CACHED] Aditya G. Nair | University of Nevada, Reno -> aditya_g_nair.json
[2026-09-19 19:45:33] [INFO] [592/787] [ALREADY CACHED] Floris van Breugel | University of Nevada, Reno -> floris_van_breugel.json
[2026-09-19 19:45:33] [INFO] [593/787] [ALREADY CACHED] Hoang-Vu Phan | University of Nevada, Reno -> hoang_vu_phan.json
[2026-09-19 19:45:33] [INFO] [594/787] [ALREADY CACHED] Matteo Aureli | University of Nevada, Reno -> matteo_aureli.json
[2026-09-19 19:45:33] [INFO] [595/787] [ALREADY CACHED] James Hanna | University of Nevada, Reno -> james_hanna.json
[2026-09-19 19:45:33] [INFO] [596/787] [ALREADY CACHED] Christopher M. White | University of New Hampshire -> christopher_m_white.json
[2026-09-19 19:45:33] [INFO] [597/787] [ALREADY CACHED] Martin Wosnik | University of New Hampshire -> martin_wosnik.json
[2026-09-19 19:45:33] [INFO] [598/787] [ALREADY CACHED] Tracy Mandel | University of New Hampshire -> tracy_mandel.json
[2026-09-19 19:45:33] [INFO] [599/787] [ALREADY CACHED] Nathan Laxague | University of New Hampshire -> nathan_laxague.json
[2026-09-19 19:45:33] [INFO] [600/787] [ALREADY CACHED] Svetlana Poroseva | University of New Mexico -> svetlana_poroseva.json
[2026-09-19 19:45:33] [INFO] [601/787] [ALREADY CACHED] Peter Vorobieff | University of New Mexico -> peter_vorobieff.json
[2026-09-19 19:45:33] [INFO] [602/787] [ALREADY CACHED] Claus Danielson | University of New Mexico -> claus_danielson.json
[2026-09-19 19:45:33] [INFO] [603/787] [ALREADY CACHED] Wenbin Wan | University of New Mexico -> wenbin_wan.json
[2026-09-19 19:45:33] [INFO] [604/787] [ALREADY CACHED] Mesbah Uddin | University of North Carolina at Charlotte -> mesbah_uddin.json
[2026-09-19 19:45:33] [INFO] [605/787] [ALREADY CACHED] Praveen Ramaprabhu | University of North Carolina at Charlotte -> praveen_ramaprabhu.json
[2026-09-19 19:45:33] [INFO] [606/787] [ALREADY CACHED] Russell Keanini | University of North Carolina at Charlotte -> russell_keanini.json
[2026-09-19 19:45:33] [INFO] [607/787] [ALREADY CACHED] Amirhossein Ghasemi | University of North Carolina at Charlotte -> amirhossein_ghasemi.json
[2026-09-19 19:45:33] [INFO] [608/787] [ALREADY CACHED] Carson Running | University of North Dakota -> carson_running.json
[2026-09-19 19:45:33] [INFO] [609/787] [ALREADY CACHED] Chonglin Zhang | University of North Dakota -> chonglin_zhang.json
[2026-09-19 19:45:33] [INFO] [610/787] [ALREADY CACHED] William Semke | University of North Dakota -> william_semke.json
[2026-09-19 19:45:33] [INFO] [611/787] [ALREADY CACHED] Pablo de León | University of North Dakota -> pablo_de_le_n.json
[2026-09-19 19:45:33] [INFO] [612/787] [ALREADY CACHED] Hamid Sadat | University of North Texas -> hamid_sadat.json
[2026-09-19 19:45:33] [INFO] [613/787] [ALREADY CACHED] Maurizio Manzo | University of North Texas -> maurizio_manzo.json
[2026-09-19 19:45:33] [INFO] [614/787] [ALREADY CACHED] Thomas Corke | University of Notre Dame -> thomas_corke.json
[2026-09-19 19:45:33] [INFO] [615/787] [ALREADY CACHED] Scott Morris | University of Notre Dame -> scott_morris.json
[2026-09-19 19:45:33] [INFO] [616/787] [ALREADY CACHED] Thomas Juliano | University of Notre Dame -> thomas_juliano.json
[2026-09-19 19:45:33] [INFO] [617/787] [ALREADY CACHED] Meng Wang | University of Notre Dame -> meng_wang.json
[2026-09-19 19:45:33] [INFO] [618/787] [ALREADY CACHED] Stanislav Gordeyev | University of Notre Dame -> stanislav_gordeyev.json
[2026-09-19 19:45:33] [INFO] [619/787] [ALREADY CACHED] Hirotaka Sakaue | University of Notre Dame -> hirotaka_sakaue.json
[2026-09-19 19:45:33] [INFO] [620/787] [ALREADY CACHED] Joseph M. Powers | University of Notre Dame -> joseph_m_powers.json
[2026-09-19 19:45:33] [INFO] [621/787] [ALREADY CACHED] Shivam Barwey | University of Notre Dame -> shivam_barwey.json
[2026-09-19 19:45:33] [INFO] [622/787] [ALREADY CACHED] Dasha Gloutak | University of Notre Dame -> dasha_gloutak.json
[2026-09-19 19:45:33] [INFO] [623/787] [ALREADY CACHED] David Richter | University of Notre Dame -> david_richter.json
[2026-09-19 19:45:33] [INFO] [624/787] [ALREADY CACHED] Ramkumar N. Parthasarathy | University of Oklahoma -> ramkumar_n_parthasarathy.json
[2026-09-19 19:45:33] [INFO] [625/787] [ALREADY CACHED] Yingtao Liu | University of Oklahoma -> yingtao_liu.json
[2026-09-19 19:45:33] [INFO] [626/787] [ALREADY CACHED] Mrinal Saha | University of Oklahoma -> mrinal_saha.json
[2026-09-19 19:45:33] [INFO] [627/787] [ALREADY CACHED] Srikanth Bashetty | University of Oklahoma -> srikanth_bashetty.json
[2026-09-19 19:45:33] [INFO] [628/787] [ALREADY CACHED] Diogo Merguizo Sanchez | University of Oklahoma -> diogo_merguizo_sanchez.json
[2026-09-19 19:45:33] [INFO] [629/787] [ALREADY CACHED] Paulo E. Arratia | University of Pennsylvania -> paulo_e_arratia.json
[2026-09-19 19:45:33] [INFO] [630/787] [ALREADY CACHED] Igor Bargatin | University of Pennsylvania -> igor_bargatin.json
[2026-09-19 19:45:33] [INFO] [631/787] [ALREADY CACHED] Prashant K. Purohit | University of Pennsylvania -> prashant_k_purohit.json
[2026-09-19 19:45:33] [INFO] [632/787] [ALREADY CACHED] Cynthia Sung | University of Pennsylvania -> cynthia_sung.json
[2026-09-19 19:45:33] [INFO] [633/787] [ALREADY CACHED] Douglas J. Durian | University of Pennsylvania -> douglas_j_durian.json
[2026-09-19 19:45:33] [INFO] [634/787] [ALREADY CACHED] Peyman Givi | University of Pittsburgh -> peyman_givi.json
[2026-09-19 19:45:33] [INFO] [635/787] [ALREADY CACHED] Inanc Senocak | University of Pittsburgh -> inanc_senocak.json
[2026-09-19 19:45:33] [INFO] [636/787] [ALREADY CACHED] Hessam Babaee | University of Pittsburgh -> hessam_babaee.json
[2026-09-19 19:45:33] [INFO] [637/787] [ALREADY CACHED] Juan Jose Mendoza-Arenas | University of Pittsburgh -> juan_jose_mendoza_arenas.json
[2026-09-19 19:45:33] [INFO] [638/787] [ALREADY CACHED] Jason Dahl | University of Rhode Island -> jason_dahl.json
[2026-09-19 19:45:33] [INFO] [639/787] [ALREADY CACHED] Stéphan Grilli | University of Rhode Island -> st_phan_grilli.json
[2026-09-19 19:45:33] [INFO] [640/787] [ALREADY CACHED] M. Reza Hashemi | University of Rhode Island -> m_reza_hashemi.json
[2026-09-19 19:45:33] [INFO] [641/787] [ALREADY CACHED] Stephen Licht | University of Rhode Island -> stephen_licht.json
[2026-09-19 19:45:33] [INFO] [642/787] [ALREADY CACHED] Lora Van Uffelen | University of Rhode Island -> lora_van_uffelen.json
[2026-09-19 19:45:33] [INFO] [643/787] [ALREADY CACHED] Arun Shukla | University of Rhode Island -> arun_shukla.json
[2026-09-19 19:45:33] [INFO] [644/787] [ALREADY CACHED] Vahid Jahangiri | University of Rhode Island -> vahid_jahangiri.json
[2026-09-19 19:45:33] [INFO] [645/787] [ALREADY CACHED] David Chelidze | University of Rhode Island -> david_chelidze.json
[2026-09-19 19:45:33] [INFO] [646/787] [ALREADY CACHED] Hussein Aluie | University of Rochester -> hussein_aluie.json
[2026-09-19 19:45:33] [INFO] [647/787] [ALREADY CACHED] Riccardo Betti | University of Rochester -> riccardo_betti.json
[2026-09-19 19:45:33] [INFO] [648/787] [ALREADY CACHED] Douglas H. Kelley | University of Rochester -> douglas_h_kelley.json
[2026-09-19 19:45:33] [INFO] [649/787] [ALREADY CACHED] Jessica Shang | University of Rochester -> jessica_shang.json
[2026-09-19 19:45:33] [INFO] [650/787] [ALREADY CACHED] Adam B. Sefkow | University of Rochester -> adam_b_sefkow.json
[2026-09-19 19:45:33] [INFO] [651/787] [ALREADY CACHED] Danae N. Polsin | University of Rochester -> danae_n_polsin.json
[2026-09-19 19:45:33] [INFO] [652/787] [ALREADY CACHED] Varchas Gopalaswamy | University of Rochester -> varchas_gopalaswamy.json
[2026-09-19 19:45:33] [INFO] [653/787] [ALREADY CACHED] Sean P. Regan | University of Rochester -> sean_p_regan.json
[2026-09-19 19:45:33] [INFO] [654/787] [ALREADY CACHED] Tanvir I. Farouk | University of South Carolina -> tanvir_i_farouk.json
[2026-09-19 19:45:33] [INFO] [655/787] [ALREADY CACHED] Jamil Khan | University of South Carolina -> jamil_khan.json
[2026-09-19 19:45:33] [INFO] [656/787] [ALREADY CACHED] Sang Hee Won | University of South Carolina -> sang_hee_won.json
[2026-09-19 19:45:33] [INFO] [657/787] [ALREADY CACHED] Guiren Wang | University of South Carolina -> guiren_wang.json
[2026-09-19 19:45:33] [INFO] [658/787] [ALREADY CACHED] Jasim Imran | University of South Carolina -> jasim_imran.json
[2026-09-19 19:45:33] [INFO] [659/787] [ALREADY CACHED] Lingyu Yu | University of South Carolina -> lingyu_yu.json
[2026-09-19 19:45:33] [INFO] [660/787] [ALREADY CACHED] Austin Downey | University of South Carolina -> austin_downey.json
[2026-09-19 19:45:33] [INFO] [661/787] [ALREADY CACHED] Ahmad Vasel-Be-Hagh | University of South Florida -> ahmad_vasel_be_hagh.json
[2026-09-19 19:45:33] [INFO] [662/787] [ALREADY CACHED] Sonya Tiomkin | University of South Florida -> sonya_tiomkin.json
[2026-09-19 19:45:33] [INFO] [663/787] [ALREADY CACHED] Anshuman Pandey | University of South Florida -> anshuman_pandey.json
[2026-09-19 19:45:33] [INFO] [664/787] [ALREADY CACHED] Jeongwon Kim | University of South Florida -> jeongwon_kim.json
[2026-09-19 19:45:33] [INFO] [665/787] [ALREADY CACHED] Wenbin Mao | University of South Florida -> wenbin_mao.json
[2026-09-19 19:45:33] [INFO] [666/787] [ALREADY CACHED] David Murphy | University of South Florida -> david_murphy.json
[2026-09-19 19:45:33] [INFO] [667/787] [ALREADY CACHED] Andrea D'Ambrosio | University of South Florida -> andrea_d_ambrosio.json
[2026-09-19 19:45:33] [INFO] [668/787] [ALREADY CACHED] Tansel Yucelen | University of South Florida -> tansel_yucelen.json
[2026-09-19 19:45:33] [INFO] [669/787] [ALREADY CACHED] Assad A. Oberai | University of Southern California -> assad_a_oberai.json
[2026-09-19 19:45:33] [INFO] [670/787] [ALREADY CACHED] Ivan Bermejo-Moreno | University of Southern California -> ivan_bermejo_moreno.json
[2026-09-19 19:45:33] [INFO] [671/787] [ALREADY CACHED] Mitul Luhar | University of Southern California -> mitul_luhar.json
[2026-09-19 19:45:33] [INFO] [672/787] [ALREADY CACHED] Eva Kanso | University of Southern California -> eva_kanso.json
[2026-09-19 19:45:33] [INFO] [673/787] [ALREADY CACHED] Geoffrey R. Spedding | University of Southern California -> geoffrey_r_spedding.json
[2026-09-19 19:45:33] [INFO] [674/787] [ALREADY CACHED] Fokion N. Egolfopoulos | University of Southern California -> fokion_n_egolfopoulos.json
[2026-09-19 19:45:33] [INFO] [675/787] [ALREADY CACHED] Paul D. Ronney | University of Southern California -> paul_d_ronney.json
[2026-09-19 19:45:33] [INFO] [676/787] [ALREADY CACHED] Julian A. Domaradzki | University of Southern California -> julian_a_domaradzki.json
[2026-09-19 19:45:33] [INFO] [677/787] [ALREADY CACHED] Carlos Pantano-Rubino | University of Southern California -> carlos_pantano_rubino.json
[2026-09-19 19:45:33] [INFO] [678/787] [ALREADY CACHED] Mihailo R. Jovanovic | University of Southern California -> mihailo_r_jovanovic.json
[2026-09-19 19:45:33] [INFO] [679/787] [ALREADY CACHED] Niema M. Pahlevan | University of Southern California -> niema_m_pahlevan.json
[2026-09-19 19:45:33] [INFO] [680/787] [ALREADY CACHED] Ishwar K. Puri | University of Southern California -> ishwar_k_puri.json
[2026-09-19 19:45:33] [INFO] [681/787] [ALREADY CACHED] Roger Ghanem | University of Southern California -> roger_ghanem.json
[2026-09-19 19:45:33] [INFO] [682/787] [ALREADY CACHED] Joseph Jiong Wang | University of Southern California -> joseph_jiong_wang.json
[2026-09-19 19:45:33] [INFO] [683/787] [ALREADY CACHED] Dan A. Erwin | University of Southern California -> dan_a_erwin.json
[2026-09-19 19:45:33] [INFO] [684/787] [ALREADY CACHED] Paul K. Newton | University of Southern California -> paul_k_newton.json
[2026-09-19 19:45:33] [INFO] [685/787] [ALREADY CACHED] Mark Gragston | University of Tennessee Space Institute / UTK -> mark_gragston.json
[2026-09-19 19:45:33] [INFO] [686/787] [ALREADY CACHED] Trevor Moeller | University of Tennessee Space Institute / UTK -> trevor_moeller.json
[2026-09-19 19:45:33] [INFO] [687/787] [ALREADY CACHED] Kivanc Ekici | University of Tennessee-Knoxville -> kivanc_ekici.json
[2026-09-19 19:45:33] [INFO] [688/787] [ALREADY CACHED] Damiano Baccarella | University of Tennessee-Knoxville -> damiano_baccarella.json
[2026-09-19 19:45:33] [INFO] [689/787] [ALREADY CACHED] Omer San | University of Tennessee-Knoxville -> omer_san.json
[2026-09-19 19:45:33] [INFO] [690/787] [ALREADY CACHED] Andrew K. Dickerson | University of Tennessee-Knoxville -> andrew_k_dickerson.json
[2026-09-19 19:45:33] [INFO] [691/787] [ALREADY CACHED] Peng Zhao | University of Tennessee-Knoxville / UT Space Institute -> peng_zhao.json
[2026-09-19 19:45:33] [INFO] [692/787] [ALREADY CACHED] Frank K. Lu | University of Texas at Arlington -> frank_k_lu.json
[2026-09-19 19:45:33] [INFO] [693/787] [ALREADY CACHED] Kamesh Subbarao | University of Texas at Arlington -> kamesh_subbarao.json
[2026-09-19 19:45:33] [INFO] [694/787] [ALREADY CACHED] Animesh Chakravarthy | University of Texas at Arlington -> animesh_chakravarthy.json
[2026-09-19 19:45:33] [INFO] [695/787] [ALREADY CACHED] Bernd Chudoba | University of Texas at Arlington -> bernd_chudoba.json
[2026-09-19 19:45:33] [INFO] [696/787] [ALREADY CACHED] Shiyao Lin | University of Texas at Arlington -> shiyao_lin.json
[2026-09-19 19:45:33] [INFO] [697/787] [ALREADY CACHED] Stefano Leonardi | University of Texas at Dallas -> stefano_leonardi.json
[2026-09-19 19:45:33] [INFO] [698/787] [ALREADY CACHED] Giacomo Valerio Iungo | University of Texas at Dallas -> giacomo_valerio_iungo.json
[2026-09-19 19:45:33] [INFO] [699/787] [ALREADY CACHED] Kianoosh Yousefi | University of Texas at Dallas -> kianoosh_yousefi.json
[2026-09-19 19:45:33] [INFO] [700/787] [ALREADY CACHED] Yaqing Jin | University of Texas at Dallas -> yaqing_jin.json
[2026-09-19 19:45:33] [INFO] [701/787] [ALREADY CACHED] Yonas Tadesse | University of Texas at Dallas -> yonas_tadesse.json
[2026-09-19 19:45:33] [INFO] [702/787] [ALREADY CACHED] Ahsan Choudhuri | University of Texas at El Paso -> ahsan_choudhuri.json
[2026-09-19 19:45:33] [INFO] [703/787] [ALREADY CACHED] Evgeny Shafirovich | University of Texas at El Paso -> evgeny_shafirovich.json
[2026-09-19 19:45:33] [INFO] [704/787] [ALREADY CACHED] Angel Flores-Abad | University of Texas at El Paso -> angel_flores_abad.json
[2026-09-19 19:45:33] [INFO] [705/787] [ALREADY CACHED] Christopher S. Combs | University of Texas at San Antonio -> christopher_s_combs.json
[2026-09-19 19:45:33] [INFO] [706/787] [ALREADY CACHED] Guillermo Araya | University of Texas at San Antonio -> guillermo_araya.json
[2026-09-19 19:45:33] [INFO] [707/787] [ALREADY CACHED] Kiran Bhaganagar | University of Texas at San Antonio -> kiran_bhaganagar.json
[2026-09-19 19:45:33] [INFO] [708/787] [ALREADY CACHED] Daniel I. Pineda | University of Texas at San Antonio -> daniel_i_pineda.json
[2026-09-19 19:45:33] [INFO] [709/787] [ALREADY CACHED] Zhi-Gang Feng | University of Texas at San Antonio -> zhi_gang_feng.json
[2026-09-19 19:45:33] [INFO] [710/787] [ALREADY CACHED] Hai-Chao Han | University of Texas at San Antonio -> hai_chao_han.json
[2026-09-19 19:45:33] [INFO] [711/787] [ALREADY CACHED] Firat Y. Testik | University of Texas at San Antonio -> firat_y_testik.json
[2026-09-19 19:45:33] [INFO] [712/787] [ALREADY CACHED] Ray Hixon | University of Toledo -> ray_hixon.json
[2026-09-19 19:45:33] [INFO] [713/787] [ALREADY CACHED] Omid Amili | University of Toledo -> omid_amili.json
[2026-09-19 19:45:33] [INFO] [714/787] [ALREADY CACHED] George Choueiri | University of Toledo -> george_choueiri.json
[2026-09-19 19:45:33] [INFO] [715/787] [ALREADY CACHED] Qiuying Zhao | University of Toledo -> qiuying_zhao.json
[2026-09-19 19:45:33] [INFO] [716/787] [ALREADY CACHED] Rob Stoll | University of Utah -> rob_stoll.json
[2026-09-19 19:45:33] [INFO] [717/787] [ALREADY CACHED] Henry Fu | University of Utah -> henry_fu.json
[2026-09-19 19:45:33] [INFO] [718/787] [ALREADY CACHED] Xiaowei He | University of Utah -> xiaowei_he.json
[2026-09-19 19:45:33] [INFO] [719/787] [ALREADY CACHED] Marc Calaf | University of Utah -> marc_calaf.json
[2026-09-19 19:45:33] [INFO] [720/787] [ALREADY CACHED] Christopher Goyne | University of Virginia -> christopher_goyne.json
[2026-09-19 19:45:33] [INFO] [721/787] [ALREADY CACHED] Eric Loth | University of Virginia -> eric_loth.json
[2026-09-19 19:45:33] [INFO] [722/787] [ALREADY CACHED] Haibo Dong | University of Virginia -> haibo_dong.json
[2026-09-19 19:45:33] [INFO] [723/787] [ALREADY CACHED] Chloe Dedic | University of Virginia -> chloe_dedic.json
[2026-09-19 19:45:33] [INFO] [724/787] [ALREADY CACHED] Harsha Chelliah | University of Virginia -> harsha_chelliah.json
[2026-09-19 19:45:33] [INFO] [725/787] [ALREADY CACHED] Hilary Bart-Smith | University of Virginia -> hilary_bart_smith.json
[2026-09-19 19:45:33] [INFO] [726/787] [ALREADY CACHED] Antonino Ferrante | University of Washington-Seattle -> antonino_ferrante.json
[2026-09-19 19:45:33] [INFO] [727/787] [ALREADY CACHED] Robert Breidenthal | University of Washington-Seattle -> robert_breidenthal.json
[2026-09-19 19:45:33] [INFO] [728/787] [ALREADY CACHED] Dana Dabiri | University of Washington-Seattle -> dana_dabiri.json
[2026-09-19 19:45:33] [INFO] [729/787] [ALREADY CACHED] Eli Livne | University of Washington-Seattle -> eli_livne.json
[2026-09-19 19:45:33] [INFO] [730/787] [ALREADY CACHED] Steven L. Brunton | University of Washington-Seattle -> steven_l_brunton.json
[2026-09-19 19:45:33] [INFO] [731/787] [ALREADY CACHED] Alberto Aliseda | University of Washington-Seattle -> alberto_aliseda.json
[2026-09-19 19:45:33] [INFO] [732/787] [ALREADY CACHED] Brian Polagye | University of Washington-Seattle -> brian_polagye.json
[2026-09-19 19:45:33] [INFO] [733/787] [ALREADY CACHED] Krithika Manohar | University of Washington-Seattle -> krithika_manohar.json
[2026-09-19 19:45:33] [INFO] [734/787] [ALREADY CACHED] Michael D. Graham | University of Wisconsin-Madison -> michael_d_graham.json
[2026-09-19 19:45:33] [INFO] [735/787] [ALREADY CACHED] Prateek Jaiswal | University of Wisconsin-Madison -> prateek_jaiswal.json
[2026-09-19 19:45:33] [INFO] [736/787] [ALREADY CACHED] Mario F. Trujillo | University of Wisconsin-Madison -> mario_f_trujillo.json
[2026-09-19 19:45:33] [INFO] [737/787] [ALREADY CACHED] Thomas Breunung | University of Wisconsin-Madison -> thomas_breunung.json
[2026-09-19 19:45:33] [INFO] [738/787] [ALREADY CACHED] Fabian Waleffe | University of Wisconsin-Madison -> fabian_waleffe.json
[2026-09-19 19:45:33] [INFO] [739/787] [ALREADY CACHED] Ryoichi S. Amano | University of Wisconsin-Milwaukee -> ryoichi_s_amano.json
[2026-09-19 19:45:33] [INFO] [740/787] [ALREADY CACHED] Ilya Avdeev | University of Wisconsin-Milwaukee -> ilya_avdeev.json
[2026-09-19 19:45:33] [INFO] [741/787] [ALREADY CACHED] Nathan Salowitz | University of Wisconsin-Milwaukee -> nathan_salowitz.json
[2026-09-19 19:45:33] [INFO] [742/787] [ALREADY CACHED] William D. Musinski | University of Wisconsin-Milwaukee -> william_d_musinski.json
[2026-09-19 19:45:33] [INFO] [743/787] [ALREADY CACHED] Jonathan W. Naughton | University of Wyoming -> jonathan_w_naughton.json
[2026-09-19 19:45:33] [INFO] [744/787] [ALREADY CACHED] Michael Stoellinger | University of Wyoming -> michael_stoellinger.json
[2026-09-19 19:45:33] [INFO] [745/787] [ALREADY CACHED] Koen Groot | University of Wyoming -> koen_groot.json
[2026-09-19 19:45:33] [INFO] [746/787] [ALREADY CACHED] Christopher J. Roy | Virginia Tech -> christopher_j_roy.json
[2026-09-19 19:45:33] [INFO] [747/787] [ALREADY CACHED] William Devenport | Virginia Tech -> william_devenport.json
[2026-09-19 19:45:33] [INFO] [748/787] [ALREADY CACHED] K. Todd Lowe | Virginia Tech -> k_todd_lowe.json
[2026-09-19 19:45:33] [INFO] [749/787] [ALREADY CACHED] Christine Gilbert | Virginia Tech -> christine_gilbert.json
[2026-09-19 19:45:33] [INFO] [750/787] [ALREADY CACHED] Danesh Tafti | Virginia Tech -> danesh_tafti.json
[2026-09-19 19:45:33] [INFO] [751/787] [ALREADY CACHED] Mark A. Stremler | Virginia Tech -> mark_a_stremler.json
[2026-09-19 19:45:33] [INFO] [752/787] [ALREADY CACHED] Konstantin Matveev | Washington State University -> konstantin_matveev.json
[2026-09-19 19:45:33] [INFO] [753/787] [ALREADY CACHED] Jin Liu | Washington State University -> jin_liu.json
[2026-09-19 19:45:33] [INFO] [754/787] [ALREADY CACHED] Prashanta Dutta | Washington State University -> prashanta_dutta.json
[2026-09-19 19:45:33] [INFO] [755/787] [ALREADY CACHED] Ramesh K. Agarwal | Washington University in St. Louis -> ramesh_k_agarwal.json
[2026-09-19 19:45:33] [INFO] [756/787] [ALREADY CACHED] Philip Bayly | Washington University in St. Louis -> philip_bayly.json
[2026-09-19 19:45:33] [INFO] [757/787] [ALREADY CACHED] Amit Pathak | Washington University in St. Louis -> amit_pathak.json
[2026-09-19 19:45:33] [INFO] [758/787] [ALREADY CACHED] Gbemeho Agbaglah | Wayne State University -> gbemeho_agbaglah.json
[2026-09-19 19:45:33] [INFO] [759/787] [ALREADY CACHED] Omid Samimi Abianeh | Wayne State University -> omid_samimi_abianeh.json
[2026-09-19 19:45:33] [INFO] [760/787] [ALREADY CACHED] Sean Wu | Wayne State University -> sean_wu.json
[2026-09-19 19:45:33] [INFO] [761/787] [ALREADY CACHED] Chin-An Tan | Wayne State University -> chin_an_tan.json
[2026-09-19 19:45:33] [INFO] [762/787] [ALREADY CACHED] Nabil Chalhoub | Wayne State University -> nabil_chalhoub.json
[2026-09-19 19:45:33] [INFO] [763/787] [ALREADY CACHED] M. Arif Hasan | Wayne State University -> m_arif_hasan.json
[2026-09-19 19:45:33] [INFO] [764/787] [ALREADY CACHED] Longsheng Feng | Wayne State University -> longsheng_feng.json
[2026-09-19 19:45:33] [INFO] [765/787] [ALREADY CACHED] Mahbub Islam | Wayne State University -> mahbub_islam.json
[2026-09-19 19:45:33] [INFO] [766/787] [ALREADY CACHED] Mohammad A. Bukhari | Wayne State University -> mohammad_a_bukhari.json
[2026-09-19 19:45:33] [INFO] [767/787] [ALREADY CACHED] V'yacheslav Akkerman | West Virginia University -> v_yacheslav_akkerman.json
[2026-09-19 19:45:33] [INFO] [768/787] [ALREADY CACHED] Jason N. Gross | West Virginia University -> jason_n_gross.json
[2026-09-19 19:45:33] [INFO] [769/787] [ALREADY CACHED] Hailin Li | West Virginia University -> hailin_li.json
[2026-09-19 19:45:33] [INFO] [770/787] [ALREADY CACHED] Piyush M. Mehta | West Virginia University -> piyush_m_mehta.json
[2026-09-19 19:45:33] [INFO] [771/787] [ALREADY CACHED] Mario Perhinschi | West Virginia University -> mario_perhinschi.json
[2026-09-19 19:45:33] [INFO] [772/787] [ALREADY CACHED] Hang Woon Lee | West Virginia University -> hang_woon_lee.json
[2026-09-19 19:45:33] [INFO] [773/787] [ALREADY CACHED] Nadia Kianvashrad | Wichita State University -> nadia_kianvashrad.json
[2026-09-19 19:45:33] [INFO] [774/787] [ALREADY CACHED] Atri Dutta | Wichita State University -> atri_dutta.json
[2026-09-19 19:45:33] [INFO] [775/787] [ALREADY CACHED] James E. Steck | Wichita State University -> james_e_steck.json
[2026-09-19 19:45:33] [INFO] [776/787] [ALREADY CACHED] Suresh Keshavanarayana | Wichita State University -> suresh_keshavanarayana.json
[2026-09-19 19:45:33] [INFO] [777/787] [ALREADY CACHED] Ramazan Asmatulu | Wichita State University -> ramazan_asmatulu.json
[2026-09-19 19:45:33] [INFO] [778/787] [ALREADY CACHED] Zifeng Yang | Wright State University -> zifeng_yang.json
[2026-09-19 19:45:33] [INFO] [779/787] [ALREADY CACHED] J. Mitch Wolff | Wright State University -> j_mitch_wolff.json
[2026-09-19 19:45:33] [INFO] [780/787] [ALREADY CACHED] Mitchell Smooke | Yale University -> mitchell_smooke.json
[2026-09-19 19:45:33] [INFO] [781/787] [ALREADY CACHED] Alessandro Gomez | Yale University -> alessandro_gomez.json
[2026-09-19 19:45:33] [INFO] [782/787] [ALREADY CACHED] Amir A. Pahlavan | Yale University -> amir_a_pahlavan.json
[2026-09-19 19:45:33] [INFO] [783/787] [ALREADY CACHED] Bauyrzhan Primkulov | Yale University -> bauyrzhan_primkulov.json
[2026-09-19 19:45:33] [INFO] [784/787] [ALREADY CACHED] Madhusudhan Venkadesan | Yale University -> madhusudhan_venkadesan.json
[2026-09-19 19:45:34] [INFO] [785/787] ( 99.7%) [SAVED] Ellen K. Longmire         | University of Minnesota-T | Works: 226, Cites:  3772, h-index: 32 | Speed: 4.6 profs/s | ETA: 0.0m
[2026-09-19 19:45:34] [INFO] [786/787] ( 99.9%) [SAVED] Joseph W. Nichols         | University of Minnesota-T | Works: 112, Cites:  4570, h-index: 25 | Speed: 4.6 profs/s | ETA: 0.0m
[2026-09-19 19:45:35] [INFO] [576/787] ( 73.2%) [SAVED] Ellen K. Longmire         | University of Minnesota-T | Works: 226, Cites:  3772, h-index: 32 | Speed: 8.9 profs/s | ETA: 0.4m
[2026-09-19 19:45:35] [INFO] [577/787] [ALREADY CACHED] Jiarong Hong | University of Minnesota-Twin Cities -> jiarong_hong.json
[2026-09-19 19:45:35] [INFO] [578/787] [ALREADY CACHED] Suo Yang | University of Minnesota-Twin Cities -> suo_yang.json
[2026-09-19 19:45:35] [INFO] [579/787] [ALREADY CACHED] Sean Garrick | University of Minnesota-Twin Cities -> sean_garrick.json
[2026-09-19 19:45:35] [INFO] [580/787] [ALREADY CACHED] Xiaopeng Zhao | University of Mississippi -> xiaopeng_zhao.json
[2026-09-19 19:45:35] [INFO] [581/787] [ALREADY CACHED] Farhad Farzbod | University of Mississippi -> farhad_farzbod.json
[2026-09-19 19:45:35] [INFO] [582/787] [ALREADY CACHED] Roseanna N. Zia | University of Missouri-Columbia -> roseanna_n_zia.json
[2026-09-19 19:45:35] [INFO] [583/787] [ALREADY CACHED] Travis R. Sippel | University of Missouri-Columbia -> travis_r_sippel.json
[2026-09-19 19:45:35] [INFO] [584/787] [ALREADY CACHED] Amirfarhang Mehdizadeh | University of Missouri-Kansas City -> amirfarhang_mehdizadeh.json
[2026-09-19 19:45:35] [INFO] [585/787] [ALREADY CACHED] Zahra Niroobakhsh | University of Missouri-Kansas City -> zahra_niroobakhsh.json
[2026-09-19 19:45:35] [INFO] [586/787] [ALREADY CACHED] Travis Fields | University of Missouri-Kansas City -> travis_fields.json
[2026-09-19 19:45:35] [INFO] [587/787] [ALREADY CACHED] ZhiQiang Chen | University of Missouri-Kansas City -> zhiqiang_chen.json
[2026-09-19 19:45:35] [INFO] [588/787] [ALREADY CACHED] George Gogos | University of Nebraska-Lincoln -> george_gogos.json
[2026-09-19 19:45:35] [INFO] [589/787] [ALREADY CACHED] Piyush Grover | University of Nebraska-Lincoln -> piyush_grover.json
[2026-09-19 19:45:35] [INFO] [590/787] [ALREADY CACHED] Asaf Dana | University of Nebraska-Lincoln -> asaf_dana.json
[2026-09-19 19:45:35] [INFO] [591/787] [ALREADY CACHED] Aditya G. Nair | University of Nevada, Reno -> aditya_g_nair.json
[2026-09-19 19:45:35] [INFO] [592/787] [ALREADY CACHED] Floris van Breugel | University of Nevada, Reno -> floris_van_breugel.json
[2026-09-19 19:45:35] [INFO] [593/787] [ALREADY CACHED] Hoang-Vu Phan | University of Nevada, Reno -> hoang_vu_phan.json
[2026-09-19 19:45:35] [INFO] [594/787] [ALREADY CACHED] Matteo Aureli | University of Nevada, Reno -> matteo_aureli.json
[2026-09-19 19:45:35] [INFO] [595/787] [ALREADY CACHED] James Hanna | University of Nevada, Reno -> james_hanna.json
[2026-09-19 19:45:35] [INFO] [596/787] [ALREADY CACHED] Christopher M. White | University of New Hampshire -> christopher_m_white.json
[2026-09-19 19:45:35] [INFO] [597/787] [ALREADY CACHED] Martin Wosnik | University of New Hampshire -> martin_wosnik.json
[2026-09-19 19:45:35] [INFO] [598/787] [ALREADY CACHED] Tracy Mandel | University of New Hampshire -> tracy_mandel.json
[2026-09-19 19:45:35] [INFO] [599/787] [ALREADY CACHED] Nathan Laxague | University of New Hampshire -> nathan_laxague.json
[2026-09-19 19:45:35] [INFO] [600/787] [ALREADY CACHED] Svetlana Poroseva | University of New Mexico -> svetlana_poroseva.json
[2026-09-19 19:45:35] [INFO] [601/787] [ALREADY CACHED] Peter Vorobieff | University of New Mexico -> peter_vorobieff.json
[2026-09-19 19:45:35] [INFO] [602/787] [ALREADY CACHED] Claus Danielson | University of New Mexico -> claus_danielson.json
[2026-09-19 19:45:35] [INFO] [603/787] [ALREADY CACHED] Wenbin Wan | University of New Mexico -> wenbin_wan.json
[2026-09-19 19:45:35] [INFO] [604/787] [ALREADY CACHED] Mesbah Uddin | University of North Carolina at Charlotte -> mesbah_uddin.json
[2026-09-19 19:45:35] [INFO] [605/787] [ALREADY CACHED] Praveen Ramaprabhu | University of North Carolina at Charlotte -> praveen_ramaprabhu.json
[2026-09-19 19:45:35] [INFO] [606/787] [ALREADY CACHED] Russell Keanini | University of North Carolina at Charlotte -> russell_keanini.json
[2026-09-19 19:45:35] [INFO] [607/787] [ALREADY CACHED] Amirhossein Ghasemi | University of North Carolina at Charlotte -> amirhossein_ghasemi.json
[2026-09-19 19:45:35] [INFO] [608/787] [ALREADY CACHED] Carson Running | University of North Dakota -> carson_running.json
[2026-09-19 19:45:35] [INFO] [609/787] [ALREADY CACHED] Chonglin Zhang | University of North Dakota -> chonglin_zhang.json
[2026-09-19 19:45:35] [INFO] [610/787] [ALREADY CACHED] William Semke | University of North Dakota -> william_semke.json
[2026-09-19 19:45:35] [INFO] [611/787] [ALREADY CACHED] Pablo de León | University of North Dakota -> pablo_de_le_n.json
[2026-09-19 19:45:35] [INFO] [612/787] [ALREADY CACHED] Hamid Sadat | University of North Texas -> hamid_sadat.json
[2026-09-19 19:45:35] [INFO] [613/787] [ALREADY CACHED] Maurizio Manzo | University of North Texas -> maurizio_manzo.json
[2026-09-19 19:45:35] [INFO] [614/787] [ALREADY CACHED] Thomas Corke | University of Notre Dame -> thomas_corke.json
[2026-09-19 19:45:35] [INFO] [615/787] [ALREADY CACHED] Scott Morris | University of Notre Dame -> scott_morris.json
[2026-09-19 19:45:35] [INFO] [616/787] [ALREADY CACHED] Thomas Juliano | University of Notre Dame -> thomas_juliano.json
[2026-09-19 19:45:35] [INFO] [617/787] [ALREADY CACHED] Meng Wang | University of Notre Dame -> meng_wang.json
[2026-09-19 19:45:35] [INFO] [618/787] [ALREADY CACHED] Stanislav Gordeyev | University of Notre Dame -> stanislav_gordeyev.json
[2026-09-19 19:45:35] [INFO] [619/787] [ALREADY CACHED] Hirotaka Sakaue | University of Notre Dame -> hirotaka_sakaue.json
[2026-09-19 19:45:35] [INFO] [620/787] [ALREADY CACHED] Joseph M. Powers | University of Notre Dame -> joseph_m_powers.json
[2026-09-19 19:45:35] [INFO] [621/787] [ALREADY CACHED] Shivam Barwey | University of Notre Dame -> shivam_barwey.json
[2026-09-19 19:45:35] [INFO] [622/787] [ALREADY CACHED] Dasha Gloutak | University of Notre Dame -> dasha_gloutak.json
[2026-09-19 19:45:35] [INFO] [623/787] [ALREADY CACHED] David Richter | University of Notre Dame -> david_richter.json
[2026-09-19 19:45:35] [INFO] [624/787] [ALREADY CACHED] Ramkumar N. Parthasarathy | University of Oklahoma -> ramkumar_n_parthasarathy.json
[2026-09-19 19:45:35] [INFO] [625/787] [ALREADY CACHED] Yingtao Liu | University of Oklahoma -> yingtao_liu.json
[2026-09-19 19:45:35] [INFO] [626/787] [ALREADY CACHED] Mrinal Saha | University of Oklahoma -> mrinal_saha.json
[2026-09-19 19:45:35] [INFO] [627/787] [ALREADY CACHED] Srikanth Bashetty | University of Oklahoma -> srikanth_bashetty.json
[2026-09-19 19:45:35] [INFO] [628/787] [ALREADY CACHED] Diogo Merguizo Sanchez | University of Oklahoma -> diogo_merguizo_sanchez.json
[2026-09-19 19:45:35] [INFO] [629/787] [ALREADY CACHED] Paulo E. Arratia | University of Pennsylvania -> paulo_e_arratia.json
[2026-09-19 19:45:35] [INFO] [630/787] [ALREADY CACHED] Igor Bargatin | University of Pennsylvania -> igor_bargatin.json
[2026-09-19 19:45:35] [INFO] [631/787] [ALREADY CACHED] Prashant K. Purohit | University of Pennsylvania -> prashant_k_purohit.json
[2026-09-19 19:45:35] [INFO] [632/787] [ALREADY CACHED] Cynthia Sung | University of Pennsylvania -> cynthia_sung.json
[2026-09-19 19:45:35] [INFO] [633/787] [ALREADY CACHED] Douglas J. Durian | University of Pennsylvania -> douglas_j_durian.json
[2026-09-19 19:45:35] [INFO] [634/787] [ALREADY CACHED] Peyman Givi | University of Pittsburgh -> peyman_givi.json
[2026-09-19 19:45:35] [INFO] [635/787] [ALREADY CACHED] Inanc Senocak | University of Pittsburgh -> inanc_senocak.json
[2026-09-19 19:45:35] [INFO] [636/787] [ALREADY CACHED] Hessam Babaee | University of Pittsburgh -> hessam_babaee.json
[2026-09-19 19:45:35] [INFO] [637/787] [ALREADY CACHED] Juan Jose Mendoza-Arenas | University of Pittsburgh -> juan_jose_mendoza_arenas.json
[2026-09-19 19:45:35] [INFO] [638/787] [ALREADY CACHED] Jason Dahl | University of Rhode Island -> jason_dahl.json
[2026-09-19 19:45:35] [INFO] [639/787] [ALREADY CACHED] Stéphan Grilli | University of Rhode Island -> st_phan_grilli.json
[2026-09-19 19:45:35] [INFO] [640/787] [ALREADY CACHED] M. Reza Hashemi | University of Rhode Island -> m_reza_hashemi.json
[2026-09-19 19:45:35] [INFO] [641/787] [ALREADY CACHED] Stephen Licht | University of Rhode Island -> stephen_licht.json
[2026-09-19 19:45:35] [INFO] [642/787] [ALREADY CACHED] Lora Van Uffelen | University of Rhode Island -> lora_van_uffelen.json
[2026-09-19 19:45:35] [INFO] [643/787] [ALREADY CACHED] Arun Shukla | University of Rhode Island -> arun_shukla.json
[2026-09-19 19:45:35] [INFO] [644/787] [ALREADY CACHED] Vahid Jahangiri | University of Rhode Island -> vahid_jahangiri.json
[2026-09-19 19:45:35] [INFO] [645/787] [ALREADY CACHED] David Chelidze | University of Rhode Island -> david_chelidze.json
[2026-09-19 19:45:35] [INFO] [646/787] [ALREADY CACHED] Hussein Aluie | University of Rochester -> hussein_aluie.json
[2026-09-19 19:45:35] [INFO] [647/787] [ALREADY CACHED] Riccardo Betti | University of Rochester -> riccardo_betti.json
[2026-09-19 19:45:35] [INFO] [648/787] [ALREADY CACHED] Douglas H. Kelley | University of Rochester -> douglas_h_kelley.json
[2026-09-19 19:45:35] [INFO] [649/787] [ALREADY CACHED] Jessica Shang | University of Rochester -> jessica_shang.json
[2026-09-19 19:45:35] [INFO] [650/787] [ALREADY CACHED] Adam B. Sefkow | University of Rochester -> adam_b_sefkow.json
[2026-09-19 19:45:35] [INFO] [651/787] [ALREADY CACHED] Danae N. Polsin | University of Rochester -> danae_n_polsin.json
[2026-09-19 19:45:35] [INFO] [652/787] [ALREADY CACHED] Varchas Gopalaswamy | University of Rochester -> varchas_gopalaswamy.json
[2026-09-19 19:45:35] [INFO] [653/787] [ALREADY CACHED] Sean P. Regan | University of Rochester -> sean_p_regan.json
[2026-09-19 19:45:35] [INFO] [654/787] [ALREADY CACHED] Tanvir I. Farouk | University of South Carolina -> tanvir_i_farouk.json
[2026-09-19 19:45:35] [INFO] [655/787] [ALREADY CACHED] Jamil Khan | University of South Carolina -> jamil_khan.json
[2026-09-19 19:45:35] [INFO] [656/787] [ALREADY CACHED] Sang Hee Won | University of South Carolina -> sang_hee_won.json
[2026-09-19 19:45:35] [INFO] [657/787] [ALREADY CACHED] Guiren Wang | University of South Carolina -> guiren_wang.json
[2026-09-19 19:45:35] [INFO] [658/787] [ALREADY CACHED] Jasim Imran | University of South Carolina -> jasim_imran.json
[2026-09-19 19:45:35] [INFO] [659/787] [ALREADY CACHED] Lingyu Yu | University of South Carolina -> lingyu_yu.json
[2026-09-19 19:45:35] [INFO] [660/787] [ALREADY CACHED] Austin Downey | University of South Carolina -> austin_downey.json
[2026-09-19 19:45:35] [INFO] [661/787] [ALREADY CACHED] Ahmad Vasel-Be-Hagh | University of South Florida -> ahmad_vasel_be_hagh.json
[2026-09-19 19:45:35] [INFO] [662/787] [ALREADY CACHED] Sonya Tiomkin | University of South Florida -> sonya_tiomkin.json
[2026-09-19 19:45:35] [INFO] [663/787] [ALREADY CACHED] Anshuman Pandey | University of South Florida -> anshuman_pandey.json
[2026-09-19 19:45:35] [INFO] [664/787] [ALREADY CACHED] Jeongwon Kim | University of South Florida -> jeongwon_kim.json
[2026-09-19 19:45:35] [INFO] [665/787] [ALREADY CACHED] Wenbin Mao | University of South Florida -> wenbin_mao.json
[2026-09-19 19:45:35] [INFO] [666/787] [ALREADY CACHED] David Murphy | University of South Florida -> david_murphy.json
[2026-09-19 19:45:35] [INFO] [667/787] [ALREADY CACHED] Andrea D'Ambrosio | University of South Florida -> andrea_d_ambrosio.json
[2026-09-19 19:45:35] [INFO] [668/787] [ALREADY CACHED] Tansel Yucelen | University of South Florida -> tansel_yucelen.json
[2026-09-19 19:45:35] [INFO] [669/787] [ALREADY CACHED] Assad A. Oberai | University of Southern California -> assad_a_oberai.json
[2026-09-19 19:45:35] [INFO] [670/787] [ALREADY CACHED] Ivan Bermejo-Moreno | University of Southern California -> ivan_bermejo_moreno.json
[2026-09-19 19:45:35] [INFO] [671/787] [ALREADY CACHED] Mitul Luhar | University of Southern California -> mitul_luhar.json
[2026-09-19 19:45:35] [INFO] [672/787] [ALREADY CACHED] Eva Kanso | University of Southern California -> eva_kanso.json
[2026-09-19 19:45:35] [INFO] [673/787] [ALREADY CACHED] Geoffrey R. Spedding | University of Southern California -> geoffrey_r_spedding.json
[2026-09-19 19:45:35] [INFO] [674/787] [ALREADY CACHED] Fokion N. Egolfopoulos | University of Southern California -> fokion_n_egolfopoulos.json
[2026-09-19 19:45:35] [INFO] [675/787] [ALREADY CACHED] Paul D. Ronney | University of Southern California -> paul_d_ronney.json
[2026-09-19 19:45:35] [INFO] [676/787] [ALREADY CACHED] Julian A. Domaradzki | University of Southern California -> julian_a_domaradzki.json
[2026-09-19 19:45:35] [INFO] [677/787] [ALREADY CACHED] Carlos Pantano-Rubino | University of Southern California -> carlos_pantano_rubino.json
[2026-09-19 19:45:35] [INFO] [678/787] [ALREADY CACHED] Mihailo R. Jovanovic | University of Southern California -> mihailo_r_jovanovic.json
[2026-09-19 19:45:35] [INFO] [679/787] [ALREADY CACHED] Niema M. Pahlevan | University of Southern California -> niema_m_pahlevan.json
[2026-09-19 19:45:35] [INFO] [680/787] [ALREADY CACHED] Ishwar K. Puri | University of Southern California -> ishwar_k_puri.json
[2026-09-19 19:45:35] [INFO] [681/787] [ALREADY CACHED] Roger Ghanem | University of Southern California -> roger_ghanem.json
[2026-09-19 19:45:35] [INFO] [682/787] [ALREADY CACHED] Joseph Jiong Wang | University of Southern California -> joseph_jiong_wang.json
[2026-09-19 19:45:35] [INFO] [683/787] [ALREADY CACHED] Dan A. Erwin | University of Southern California -> dan_a_erwin.json
[2026-09-19 19:45:35] [INFO] [684/787] [ALREADY CACHED] Paul K. Newton | University of Southern California -> paul_k_newton.json
[2026-09-19 19:45:35] [INFO] [685/787] [ALREADY CACHED] Mark Gragston | University of Tennessee Space Institute / UTK -> mark_gragston.json
[2026-09-19 19:45:35] [INFO] [686/787] [ALREADY CACHED] Trevor Moeller | University of Tennessee Space Institute / UTK -> trevor_moeller.json
[2026-09-19 19:45:35] [INFO] [687/787] [ALREADY CACHED] Kivanc Ekici | University of Tennessee-Knoxville -> kivanc_ekici.json
[2026-09-19 19:45:35] [INFO] [688/787] [ALREADY CACHED] Damiano Baccarella | University of Tennessee-Knoxville -> damiano_baccarella.json
[2026-09-19 19:45:35] [INFO] [689/787] [ALREADY CACHED] Omer San | University of Tennessee-Knoxville -> omer_san.json
[2026-09-19 19:45:35] [INFO] [690/787] [ALREADY CACHED] Andrew K. Dickerson | University of Tennessee-Knoxville -> andrew_k_dickerson.json
[2026-09-19 19:45:35] [INFO] [691/787] [ALREADY CACHED] Peng Zhao | University of Tennessee-Knoxville / UT Space Institute -> peng_zhao.json
[2026-09-19 19:45:35] [INFO] [692/787] [ALREADY CACHED] Frank K. Lu | University of Texas at Arlington -> frank_k_lu.json
[2026-09-19 19:45:35] [INFO] [693/787] [ALREADY CACHED] Kamesh Subbarao | University of Texas at Arlington -> kamesh_subbarao.json
[2026-09-19 19:45:35] [INFO] [694/787] [ALREADY CACHED] Animesh Chakravarthy | University of Texas at Arlington -> animesh_chakravarthy.json
[2026-09-19 19:45:35] [INFO] [695/787] [ALREADY CACHED] Bernd Chudoba | University of Texas at Arlington -> bernd_chudoba.json
[2026-09-19 19:45:35] [INFO] [696/787] [ALREADY CACHED] Shiyao Lin | University of Texas at Arlington -> shiyao_lin.json
[2026-09-19 19:45:35] [INFO] [697/787] [ALREADY CACHED] Stefano Leonardi | University of Texas at Dallas -> stefano_leonardi.json
[2026-09-19 19:45:35] [INFO] [698/787] [ALREADY CACHED] Giacomo Valerio Iungo | University of Texas at Dallas -> giacomo_valerio_iungo.json
[2026-09-19 19:45:35] [INFO] [699/787] [ALREADY CACHED] Kianoosh Yousefi | University of Texas at Dallas -> kianoosh_yousefi.json
[2026-09-19 19:45:35] [INFO] [700/787] [ALREADY CACHED] Yaqing Jin | University of Texas at Dallas -> yaqing_jin.json
[2026-09-19 19:45:35] [INFO] [701/787] [ALREADY CACHED] Yonas Tadesse | University of Texas at Dallas -> yonas_tadesse.json
[2026-09-19 19:45:35] [INFO] [702/787] [ALREADY CACHED] Ahsan Choudhuri | University of Texas at El Paso -> ahsan_choudhuri.json
[2026-09-19 19:45:35] [INFO] [703/787] [ALREADY CACHED] Evgeny Shafirovich | University of Texas at El Paso -> evgeny_shafirovich.json
[2026-09-19 19:45:35] [INFO] [704/787] [ALREADY CACHED] Angel Flores-Abad | University of Texas at El Paso -> angel_flores_abad.json
[2026-09-19 19:45:35] [INFO] [705/787] [ALREADY CACHED] Christopher S. Combs | University of Texas at San Antonio -> christopher_s_combs.json
[2026-09-19 19:45:35] [INFO] [706/787] [ALREADY CACHED] Guillermo Araya | University of Texas at San Antonio -> guillermo_araya.json
[2026-09-19 19:45:35] [INFO] [707/787] [ALREADY CACHED] Kiran Bhaganagar | University of Texas at San Antonio -> kiran_bhaganagar.json
[2026-09-19 19:45:35] [INFO] [708/787] [ALREADY CACHED] Daniel I. Pineda | University of Texas at San Antonio -> daniel_i_pineda.json
[2026-09-19 19:45:35] [INFO] [709/787] [ALREADY CACHED] Zhi-Gang Feng | University of Texas at San Antonio -> zhi_gang_feng.json
[2026-09-19 19:45:35] [INFO] [710/787] [ALREADY CACHED] Hai-Chao Han | University of Texas at San Antonio -> hai_chao_han.json
[2026-09-19 19:45:35] [INFO] [711/787] [ALREADY CACHED] Firat Y. Testik | University of Texas at San Antonio -> firat_y_testik.json
[2026-09-19 19:45:35] [INFO] [712/787] [ALREADY CACHED] Ray Hixon | University of Toledo -> ray_hixon.json
[2026-09-19 19:45:35] [INFO] [713/787] [ALREADY CACHED] Omid Amili | University of Toledo -> omid_amili.json
[2026-09-19 19:45:35] [INFO] [714/787] [ALREADY CACHED] George Choueiri | University of Toledo -> george_choueiri.json
[2026-09-19 19:45:35] [INFO] [715/787] [ALREADY CACHED] Qiuying Zhao | University of Toledo -> qiuying_zhao.json
[2026-09-19 19:45:35] [INFO] [716/787] [ALREADY CACHED] Rob Stoll | University of Utah -> rob_stoll.json
[2026-09-19 19:45:35] [INFO] [717/787] [ALREADY CACHED] Henry Fu | University of Utah -> henry_fu.json
[2026-09-19 19:45:35] [INFO] [718/787] [ALREADY CACHED] Xiaowei He | University of Utah -> xiaowei_he.json
[2026-09-19 19:45:35] [INFO] [719/787] [ALREADY CACHED] Marc Calaf | University of Utah -> marc_calaf.json
[2026-09-19 19:45:35] [INFO] [720/787] [ALREADY CACHED] Christopher Goyne | University of Virginia -> christopher_goyne.json
[2026-09-19 19:45:35] [INFO] [721/787] [ALREADY CACHED] Eric Loth | University of Virginia -> eric_loth.json
[2026-09-19 19:45:35] [INFO] [722/787] [ALREADY CACHED] Haibo Dong | University of Virginia -> haibo_dong.json
[2026-09-19 19:45:35] [INFO] [723/787] [ALREADY CACHED] Chloe Dedic | University of Virginia -> chloe_dedic.json
[2026-09-19 19:45:35] [INFO] [724/787] [ALREADY CACHED] Harsha Chelliah | University of Virginia -> harsha_chelliah.json
[2026-09-19 19:45:35] [INFO] [725/787] [ALREADY CACHED] Hilary Bart-Smith | University of Virginia -> hilary_bart_smith.json
[2026-09-19 19:45:35] [INFO] [726/787] [ALREADY CACHED] Antonino Ferrante | University of Washington-Seattle -> antonino_ferrante.json
[2026-09-19 19:45:35] [INFO] [727/787] [ALREADY CACHED] Robert Breidenthal | University of Washington-Seattle -> robert_breidenthal.json
[2026-09-19 19:45:35] [INFO] [728/787] [ALREADY CACHED] Dana Dabiri | University of Washington-Seattle -> dana_dabiri.json
[2026-09-19 19:45:35] [INFO] [729/787] [ALREADY CACHED] Eli Livne | University of Washington-Seattle -> eli_livne.json
[2026-09-19 19:45:35] [INFO] [730/787] [ALREADY CACHED] Steven L. Brunton | University of Washington-Seattle -> steven_l_brunton.json
[2026-09-19 19:45:35] [INFO] [731/787] [ALREADY CACHED] Alberto Aliseda | University of Washington-Seattle -> alberto_aliseda.json
[2026-09-19 19:45:35] [INFO] [732/787] [ALREADY CACHED] Brian Polagye | University of Washington-Seattle -> brian_polagye.json
[2026-09-19 19:45:35] [INFO] [733/787] [ALREADY CACHED] Krithika Manohar | University of Washington-Seattle -> krithika_manohar.json
[2026-09-19 19:45:35] [INFO] [734/787] [ALREADY CACHED] Michael D. Graham | University of Wisconsin-Madison -> michael_d_graham.json
[2026-09-19 19:45:35] [INFO] [735/787] [ALREADY CACHED] Prateek Jaiswal | University of Wisconsin-Madison -> prateek_jaiswal.json
[2026-09-19 19:45:35] [INFO] [736/787] [ALREADY CACHED] Mario F. Trujillo | University of Wisconsin-Madison -> mario_f_trujillo.json
[2026-09-19 19:45:35] [INFO] [737/787] [ALREADY CACHED] Thomas Breunung | University of Wisconsin-Madison -> thomas_breunung.json
[2026-09-19 19:45:35] [INFO] [738/787] [ALREADY CACHED] Fabian Waleffe | University of Wisconsin-Madison -> fabian_waleffe.json
[2026-09-19 19:45:35] [INFO] [739/787] [ALREADY CACHED] Ryoichi S. Amano | University of Wisconsin-Milwaukee -> ryoichi_s_amano.json
[2026-09-19 19:45:35] [INFO] [740/787] [ALREADY CACHED] Ilya Avdeev | University of Wisconsin-Milwaukee -> ilya_avdeev.json
[2026-09-19 19:45:35] [INFO] [741/787] [ALREADY CACHED] Nathan Salowitz | University of Wisconsin-Milwaukee -> nathan_salowitz.json
[2026-09-19 19:45:35] [INFO] [742/787] [ALREADY CACHED] William D. Musinski | University of Wisconsin-Milwaukee -> william_d_musinski.json
[2026-09-19 19:45:35] [INFO] [743/787] [ALREADY CACHED] Jonathan W. Naughton | University of Wyoming -> jonathan_w_naughton.json
[2026-09-19 19:45:35] [INFO] [744/787] [ALREADY CACHED] Michael Stoellinger | University of Wyoming -> michael_stoellinger.json
[2026-09-19 19:45:35] [INFO] [745/787] [ALREADY CACHED] Koen Groot | University of Wyoming -> koen_groot.json
[2026-09-19 19:45:35] [INFO] [746/787] [ALREADY CACHED] Christopher J. Roy | Virginia Tech -> christopher_j_roy.json
[2026-09-19 19:45:35] [INFO] [747/787] [ALREADY CACHED] William Devenport | Virginia Tech -> william_devenport.json
[2026-09-19 19:45:35] [INFO] [748/787] [ALREADY CACHED] K. Todd Lowe | Virginia Tech -> k_todd_lowe.json
[2026-09-19 19:45:35] [INFO] [749/787] [ALREADY CACHED] Christine Gilbert | Virginia Tech -> christine_gilbert.json
[2026-09-19 19:45:35] [INFO] [750/787] [ALREADY CACHED] Danesh Tafti | Virginia Tech -> danesh_tafti.json
[2026-09-19 19:45:35] [INFO] [751/787] [ALREADY CACHED] Mark A. Stremler | Virginia Tech -> mark_a_stremler.json
[2026-09-19 19:45:35] [INFO] [752/787] [ALREADY CACHED] Konstantin Matveev | Washington State University -> konstantin_matveev.json
[2026-09-19 19:45:35] [INFO] [753/787] [ALREADY CACHED] Jin Liu | Washington State University -> jin_liu.json
[2026-09-19 19:45:35] [INFO] [754/787] [ALREADY CACHED] Prashanta Dutta | Washington State University -> prashanta_dutta.json
[2026-09-19 19:45:35] [INFO] [755/787] [ALREADY CACHED] Ramesh K. Agarwal | Washington University in St. Louis -> ramesh_k_agarwal.json
[2026-09-19 19:45:35] [INFO] [756/787] [ALREADY CACHED] Philip Bayly | Washington University in St. Louis -> philip_bayly.json
[2026-09-19 19:45:35] [INFO] [757/787] [ALREADY CACHED] Amit Pathak | Washington University in St. Louis -> amit_pathak.json
[2026-09-19 19:45:35] [INFO] [758/787] [ALREADY CACHED] Gbemeho Agbaglah | Wayne State University -> gbemeho_agbaglah.json
[2026-09-19 19:45:35] [INFO] [759/787] [ALREADY CACHED] Omid Samimi Abianeh | Wayne State University -> omid_samimi_abianeh.json
[2026-09-19 19:45:35] [INFO] [760/787] [ALREADY CACHED] Sean Wu | Wayne State University -> sean_wu.json
[2026-09-19 19:45:35] [INFO] [761/787] [ALREADY CACHED] Chin-An Tan | Wayne State University -> chin_an_tan.json
[2026-09-19 19:45:35] [INFO] [762/787] [ALREADY CACHED] Nabil Chalhoub | Wayne State University -> nabil_chalhoub.json
[2026-09-19 19:45:35] [INFO] [763/787] [ALREADY CACHED] M. Arif Hasan | Wayne State University -> m_arif_hasan.json
[2026-09-19 19:45:35] [INFO] [764/787] [ALREADY CACHED] Longsheng Feng | Wayne State University -> longsheng_feng.json
[2026-09-19 19:45:35] [INFO] [765/787] [ALREADY CACHED] Mahbub Islam | Wayne State University -> mahbub_islam.json
[2026-09-19 19:45:35] [INFO] [766/787] [ALREADY CACHED] Mohammad A. Bukhari | Wayne State University -> mohammad_a_bukhari.json
[2026-09-19 19:45:35] [INFO] [767/787] [ALREADY CACHED] V'yacheslav Akkerman | West Virginia University -> v_yacheslav_akkerman.json
[2026-09-19 19:45:35] [INFO] [768/787] [ALREADY CACHED] Jason N. Gross | West Virginia University -> jason_n_gross.json
[2026-09-19 19:45:35] [INFO] [769/787] [ALREADY CACHED] Hailin Li | West Virginia University -> hailin_li.json
[2026-09-19 19:45:35] [INFO] [770/787] [ALREADY CACHED] Piyush M. Mehta | West Virginia University -> piyush_m_mehta.json
[2026-09-19 19:45:35] [INFO] [771/787] [ALREADY CACHED] Mario Perhinschi | West Virginia University -> mario_perhinschi.json
[2026-09-19 19:45:35] [INFO] [772/787] [ALREADY CACHED] Hang Woon Lee | West Virginia University -> hang_woon_lee.json
[2026-09-19 19:45:35] [INFO] [773/787] [ALREADY CACHED] Nadia Kianvashrad | Wichita State University -> nadia_kianvashrad.json
[2026-09-19 19:45:35] [INFO] [774/787] [ALREADY CACHED] Atri Dutta | Wichita State University -> atri_dutta.json
[2026-09-19 19:45:35] [INFO] [775/787] [ALREADY CACHED] James E. Steck | Wichita State University -> james_e_steck.json
[2026-09-19 19:45:35] [INFO] [776/787] [ALREADY CACHED] Suresh Keshavanarayana | Wichita State University -> suresh_keshavanarayana.json
[2026-09-19 19:45:35] [INFO] [777/787] [ALREADY CACHED] Ramazan Asmatulu | Wichita State University -> ramazan_asmatulu.json
[2026-09-19 19:45:35] [INFO] [778/787] [ALREADY CACHED] Zifeng Yang | Wright State University -> zifeng_yang.json
[2026-09-19 19:45:35] [INFO] [779/787] [ALREADY CACHED] J. Mitch Wolff | Wright State University -> j_mitch_wolff.json
[2026-09-19 19:45:35] [INFO] [780/787] [ALREADY CACHED] Mitchell Smooke | Yale University -> mitchell_smooke.json
[2026-09-19 19:45:35] [INFO] [781/787] [ALREADY CACHED] Alessandro Gomez | Yale University -> alessandro_gomez.json
[2026-09-19 19:45:35] [INFO] [782/787] [ALREADY CACHED] Amir A. Pahlavan | Yale University -> amir_a_pahlavan.json
[2026-09-19 19:45:35] [INFO] [783/787] [ALREADY CACHED] Bauyrzhan Primkulov | Yale University -> bauyrzhan_primkulov.json
[2026-09-19 19:45:35] [INFO] [784/787] [ALREADY CACHED] Madhusudhan Venkadesan | Yale University -> madhusudhan_venkadesan.json
[2026-09-19 19:45:35] [INFO] [785/787] ( 99.7%) [SAVED] Thomas Schwartzentruber   | University of Minnesota-T | Works: 259, Cites:  4555, h-index: 40 | Speed: 12.0 profs/s | ETA: 0.0m
[2026-09-19 19:45:36] [INFO] [787/787] (100.0%) [SAVED] Lian Shen                 | University of Minnesota-T | Works: 328, Cites:  4874, h-index: 36 | Speed: 4.6 profs/s | ETA: 0.0m
[2026-09-19 19:45:36] [INFO] ================================================================================
[2026-09-19 19:45:36] [INFO] EXTRACTION PIPELINE COMPLETED
[2026-09-19 19:45:36] [INFO] Total Processed: 787
[2026-09-19 19:45:36] [INFO] Successfully Harvested & Saved: 179
[2026-09-19 19:45:36] [INFO] Already Cached (Skipped):       608
[2026-09-19 19:45:36] [INFO] Errors / Not Found:             0
[2026-09-19 19:45:36] [INFO] Total Elapsed Time:             2.87 minutes
[2026-09-19 19:45:36] [INFO] Output Directory:               d:\Others\findprofs\openalex_mechaero_faculty_json\universities_wise
[2026-09-19 19:45:36] [INFO] ================================================================================
[2026-09-19 19:45:36] [INFO] [786/787] ( 99.9%) [SAVED] Joseph W. Nichols         | University of Minnesota-T | Works: 112, Cites:  4570, h-index: 25 | Speed: 11.8 profs/s | ETA: 0.0m
[2026-09-19 19:45:37] [INFO] [787/787] (100.0%) [SAVED] Lian Shen                 | University of Minnesota-T | Works: 328, Cites:  4874, h-index: 36 | Speed: 11.7 profs/s | ETA: 0.0m
[2026-09-19 19:45:37] [INFO] ================================================================================
[2026-09-19 19:45:37] [INFO] EXTRACTION PIPELINE COMPLETED
[2026-09-19 19:45:37] [INFO] Total Processed: 787
[2026-09-19 19:45:37] [INFO] Successfully Harvested & Saved: 73
[2026-09-19 19:45:37] [INFO] Already Cached (Skipped):       714
[2026-09-19 19:45:37] [INFO] Errors / Not Found:             0
[2026-09-19 19:45:37] [INFO] Total Elapsed Time:             1.13 minutes
[2026-09-19 19:45:37] [INFO] Output Directory:               d:\Others\findprofs\openalex_mechaero_faculty_json\universities_wise
[2026-09-19 19:45:37] [INFO] ================================================================================
